,feature_2,feature_4,target,category_1_encoded,feature_9
0,1.1465087372251352,0.8330046694770674,1,0,1.1465087372251352
1,-0.0618460618602802,0.4037676970390421,0,1,0.9381539381397198
2,1.395115058628494,1.7082660799040026,1,2,3.3951150586284937
3,2.6575601746236965,2.649051034771259,1,2,4.657560174623697
4,-0.4993912359522239,-0.4416563010523425,0,1,0.5006087640477761
5,-0.6994154288817441,-0.7027746358154815,0,1,0.30058457111825587
6,3.117904476431168,3.3127081801005835,1,2,5.117904476431168
7,1.7308703055325965,1.4110696421503186,1,2,3.7308703055325965
8,-0.8779186046949097,-0.5329167113474524,0,1,0.12208139530509032
9,1.314738260451416,1.4561645956077411,1,2,3.314738260451416
10,-0.8584846014822166,-0.9637071366380372,0,1,0.1415153985177834
11,-1.1911246950742942,-1.3862359076777109,0,1,-0.1911246950742942
12,-0.0202448581824786,0.3162075185242446,0,0,-0.0202448581824786
13,-3.7967987369796776,-3.85699326343972,0,3,-0.7967987369796776
14,-3.492620958296299,-3.772178196628234,0,3,-0.4926209582962988
15,-1.319964206358322,-1.4737921131480514,1,3,1.680035793641678
16,-2.3657876905991237,-2.0581058310434592,0,3,0.6342123094008763
17,0.4815460224960058,-0.1626752580024102,0,0,0.4815460224960058
18,-1.854946448015377,-1.997110010247566,0,3,1.145053551984623
19,-2.6914318379293047,-2.2631987700589997,0,3,0.30856816207069526
20,2.969023754156704,2.901737045315401,1,2,4.969023754156704
21,-0.1299391515385255,-0.020812458627389,1,1,0.8700608484614745
22,-0.0720644018332312,0.3626431839816467,0,0,-0.0720644018332312
23,-2.673284594015427,-2.3163527326565587,0,3,0.32671540598457316
24,-1.0793057004246198,-1.2553292096405886,0,3,1.9206942995753802
25,0.3607790042434491,0.3086215833619146,1,0,0.3607790042434491
26,-2.3892901274977145,-2.027384566806109,0,3,0.6107098725022855
27,0.965732111469462,1.3415199063830214,1,0,0.965732111469462
28,-1.1422324281685614,-1.177452478294538,0,3,1.8577675718314386
29,-0.7192764965701035,-0.7406947574870743,0,1,0.2807235034298965
30,-1.2058180302414314,-1.098744552427891,1,3,1.7941819697585686
31,3.656645197230456,4.203405473237373,1,2,5.656645197230456
32,0.0708412206516909,0.4978676689148734,1,1,1.0708412206516909
33,-2.3513772077867023,-2.074022526267095,0,3,0.6486227922132977
34,1.6392194837832392,1.2077517733576826,1,2,3.639219483783239
35,-2.3626258494121783,-2.472559212031481,0,3,0.6373741505878217
36,0.4243318514481174,0.3354171819721563,0,0,0.4243318514481174
37,-3.649951998881752,-3.082557985840363,0,3,-0.6499519988817521
38,-2.5015675429826505,-2.5971132994545054,0,3,0.4984324570173495
39,0.3922263123900977,0.8936034416211431,0,0,0.3922263123900977
40,1.5202709794903555,1.2919915112779217,1,2,3.5202709794903555
41,0.4018696726763409,0.2055160896120373,0,0,0.4018696726763409
42,-0.1506366439431162,0.0419449983821401,0,1,0.8493633560568838
43,-0.9673389903114992,-0.3400803080827963,0,1,0.03266100968850083
44,-3.0173492398887243,-3.102060091595875,0,3,-0.017349239888724277
45,-1.7365762304281025,-2.7616833751725816,0,3,1.2634237695718975
46,-0.6656213524276777,-1.2912947133632326,0,1,0.3343786475723223
47,2.102074548437246,2.2212591709030285,1,2,4.102074548437246
48,0.6485683892009982,0.058649978488291,1,0,0.6485683892009982
49,-3.346720844318821,-3.692945974877386,0,3,-0.346720844318821
50,0.7326328982795649,0.7375696785348677,1,0,0.7326328982795649
51,-0.9958914637084744,-1.975638362007059,0,1,0.004108536291525633
52,-1.3680250731173913,-1.5199153888475732,0,3,1.6319749268826087
53,1.1563191830364588,0.6903957598923511,1,2,3.1563191830364588
54,1.713092467270691,1.113420580110391,1,2,3.713092467270691
55,1.7245049915849562,1.403631215897732,1,2,3.724504991584956
56,-1.7151431108485702,-2.1428266808763428,0,3,1.2848568891514298
57,-0.6414149380007976,-0.4536228508038765,0,1,0.35858506199920237
58,0.3660805780716661,0.8446912927448197,1,0,0.3660805780716661
59,2.1814233708542137,2.0356526302097886,0,2,4.181423370854214
60,-0.9787690874688676,-1.217219399087602,0,1,0.021230912531132407
61,-0.3638073379955217,-0.5294893384586812,0,1,0.6361926620044783
62,-2.132541620344089,-2.575816463519474,0,3,0.8674583796559112
63,-2.550028498942076,-3.065525257189947,0,3,0.44997150105792416
64,1.7163228394149352,1.0581010582576005,1,2,3.7163228394149352
65,2.639065127938009,2.10725674461074,1,2,4.639065127938009
66,-0.323337351290106,0.3294590515549457,0,1,0.676662648709894
67,2.121755294455128,1.8455868803097448,1,2,4.121755294455128
68,1.0216068218556298,-0.1550445668498754,1,0,1.0216068218556298
69,-1.1452736345130825,-1.380096409905485,0,3,1.8547263654869175
70,0.907386724044914,0.2712209093405854,1,0,0.907386724044914
71,2.971947011619479,2.995740987618344,0,2,4.971947011619479
72,-0.3911760240535944,-0.4105174861483963,1,1,0.6088239759464056
73,3.4273148160479807,3.4496690711248026,1,2,5.42731481604798
74,-4.828587230298536,-4.844877661796611,0,3,-1.8285872302985364
75,1.952366363504384,1.803282241656484,1,2,3.952366363504384
76,0.1069369486803925,-0.4754214999356021,0,0,0.1069369486803925
77,-0.8289415686775038,-0.8588031974660734,0,1,0.1710584313224962
78,-0.0296149864929087,0.3779548491613689,0,0,-0.0296149864929087
79,-4.311884342724595,-3.5864151092065137,0,3,-1.3118843427245954
80,-0.4608194993570329,-0.5560160302794355,0,1,0.5391805006429671
81,1.0353607346399838,0.9835167565265096,1,0,1.0353607346399838
82,2.9274555631085835,3.127626434744141,1,2,4.927455563108584
83,-0.9760758564776398,-0.378779232688798,0,3,2.0239241435223603
84,-1.3418678129255337,-1.5363864571273524,0,3,1.6581321870744663
85,-1.084333149535553,-0.8072726227554179,0,3,1.915666850464447
86,2.2379105267480672,1.908782820538312,1,2,4.237910526748067
87,1.0559211008188596,1.187860696925061,1,0,1.0559211008188596
88,-1.0857426752701742,-0.6975010046228259,0,3,1.9142573247298258
89,0.9110280134228697,0.394683770803751,1,2,2.91102801342287
90,0.3336027079741434,0.1235448191668562,1,0,0.3336027079741434
91,1.867784992562007,2.249698231240008,1,2,3.867784992562007
92,-1.635417231168172,-1.3889527389622542,0,3,1.364582768831828
93,-0.3990765624909403,0.0153018936350016,1,1,0.6009234375090597
94,-0.5409268288088993,-0.2015509702272725,1,1,0.4590731711911007
95,-2.895927575511525,-3.032368986678207,0,3,0.10407242448847498
96,0.3396676033835165,1.219343662741393,1,0,0.3396676033835165
97,0.2762052941163014,0.3309692904176593,1,0,0.2762052941163014
98,0.0316727709687523,-1.190610808688928,0,0,0.0316727709687523
99,-0.5691484736513003,-0.6820870226022201,0,1,0.4308515263486997
100,-2.8989600705291503,-3.0866285733288814,0,3,0.10103992947084972
101,-0.6368980145187174,-0.3187983475718062,0,1,0.3631019854812826
102,-0.5387931695690275,-0.7192672956482797,0,1,0.46120683043097255
103,-1.3289260023437153,-0.8893380040160603,0,3,1.6710739976562847
104,-0.5206960680074698,-0.2974563190447867,1,1,0.4793039319925302
105,0.7394633998917344,0.3394272153037102,1,0,0.7394633998917344
106,3.924168141513083,3.868018807268513,1,2,5.924168141513083
107,0.4387712938662562,0.1285579161560959,0,0,0.4387712938662562
108,0.8215768579630531,0.895480316704521,1,0,0.8215768579630531
109,-0.0647844903515205,-0.377380837245569,0,1,0.9352155096484795
110,-3.4679206097769724,-3.4381465175733474,0,3,-0.46792060977697236
111,0.0549758094461944,-0.0539464909499701,0,1,1.0549758094461943
112,0.3328939093997849,0.2720046075278553,1,0,0.3328939093997849
113,4.861781235613681,-0.019540719248506047,1,2,6.861781235613681
114,-0.3818644871854472,-0.5260585778683291,0,1,0.6181355128145528
115,0.78528356543512,0.0115103303882438,1,0,0.78528356543512
116,0.2531720947081243,0.6595025526018633,0,1,1.2531720947081242
117,-2.1915086853769137,-1.7883263246561103,0,3,0.8084913146230863
118,2.269011274643117,1.4774352051243866,1,2,4.269011274643117
119,1.7793330712792166,1.4989732227959895,1,2,3.7793330712792166
120,1.1436681628301175,1.317992385568727,1,2,3.1436681628301173
121,-2.1032218098908526,-1.893540505404026,0,3,0.8967781901091474
122,2.941915466605876,2.940025961224788,1,2,4.9419154666058756
123,-2.800880454333937,-2.793750302760623,0,3,0.19911954566606305
124,1.2948169178253737,0.9193817685921,1,2,3.294816917825374
125,4.393792756106346,3.433853270724071,1,2,6.393792756106346
126,-1.8668835113406024,-1.0470805840671875,0,3,1.1331164886593976
127,-1.295476023404182,-1.6829429344868676,0,3,1.704523976595818
128,0.3133999473912205,0.3840022234170135,1,0,0.3133999473912205
129,-0.8080684025908815,-0.871607600854616,1,3,2.1919315974091185
130,-2.857216741346019,-2.4983377204366004,0,3,0.142783258653981
131,0.5398368085417946,0.585795693934658,0,0,0.5398368085417946
132,-2.0757877387517323,-2.0144113575149323,0,3,0.9242122612482677
133,1.001967078639799,-0.0517602205637728,1,0,1.001967078639799
134,-2.143482961302376,-2.476818590319277,0,3,0.856517038697624
135,2.993586529807394,3.291439748446993,1,2,4.993586529807394
136,-1.6051229994737968,-1.343255709445025,0,3,1.3948770005262032
137,-0.4340591219560801,-0.8147202514029648,1,1,0.5659408780439199
138,1.5048342099214136,0.8736227768329647,1,2,3.5048342099214134
139,-2.302460628918144,-2.251828906228972,0,3,0.6975393710818558
140,0.4545955258155828,-0.7081140937027431,1,0,0.4545955258155828
141,2.578851885541904,2.119382184606799,1,2,4.578851885541904
142,-3.165187675295804,-2.4611232452336798,0,3,-0.16518767529580414
143,0.2910364426140399,0.8690633741635474,0,0,0.2910364426140399
144,0.4339581388783139,0.628857882384372,0,0,0.4339581388783139
145,1.2226885623965975,1.3456230881891005,1,2,3.2226885623965975
146,-2.523492263221742,-3.3035605770315013,0,3,0.4765077367782582
147,-2.736906855398298,-3.0331737500579443,0,3,0.2630931446017022
148,0.9406869333639792,0.8226194941776689,1,2,2.9406869333639793
149,0.6773439589843802,0.3895784591839046,0,0,0.6773439589843802
150,0.6327120912498551,0.4926147572867093,1,0,0.6327120912498551
151,0.7393353199224169,1.2590250896609343,1,0,0.7393353199224169
152,-1.1609664050670867,-1.3776956295756158,0,3,1.8390335949329133
153,0.5796197794880802,0.443244107265374,0,0,0.5796197794880802
154,0.5271337086362341,0.8229462233097347,1,0,0.5271337086362341
155,-1.5212740931956117,-2.0890643806367333,0,3,1.4787259068043883
156,3.794113469642882,3.4580316381073435,1,2,5.794113469642882
157,1.0624192638039551,0.767330228701218,1,0,1.0624192638039551
158,-2.1030381329989973,-2.0808012743782984,0,3,0.8969618670010027
159,1.5513418262556786,1.4133569992582125,1,2,3.551341826255679
160,-2.0576579417560765,-2.18299430549493,0,3,0.9423420582439235
161,1.5537679514594518,1.2878263566184538,1,2,3.553767951459452
162,2.4513947189983623,2.0230626149124604,1,2,4.451394718998362
163,-1.4277650810916265,-1.1841079114073954,0,3,1.5722349189083735
164,2.114546152229602,1.9794245046447003,1,2,4.114546152229602
165,0.8127862873067273,1.0603938793656766,1,0,0.8127862873067273
166,1.3933157895032766,0.9486648573108176,1,2,3.3933157895032764
167,3.5937986900587764,3.32770182695892,1,2,5.593798690058776
168,-0.4362495291418581,-0.5247227402805645,0,1,0.5637504708581419
169,-1.43902721283011,-1.4901740275565944,0,3,1.56097278716989
170,-1.9987647339379235,-1.6970172435650397,0,3,1.0012352660620765
171,-1.6227066477530223,-1.7949103635899657,0,3,1.3772933522469777
172,-0.0279585474338517,0.2707383496904983,0,1,0.9720414525661483
173,0.4520586181318589,0.6020362215557368,1,0,0.4520586181318589
174,0.774381039020921,0.7316399949877413,1,0,0.774381039020921
175,1.5788602683600823,1.1983407497614746,1,2,3.5788602683600823
176,0.2775264062711442,0.5802765124564722,1,0,0.2775264062711442
177,2.800377665159454,2.4298426782339937,1,2,4.800377665159454
178,-0.734638763052748,-0.7431509151156596,0,1,0.265361236947252
179,5.348710935210894,5.327134758036462,1,2,7.348710935210894
180,1.2323050709145484,1.1494670138676355,1,2,3.232305070914548
181,-1.7920110941868612,-1.947738983380987,1,3,1.2079889058131388
182,-2.1849852804368477,-2.513815958421516,0,3,0.8150147195631523
183,1.0317378604216088,0.3849632854735774,1,0,1.0317378604216088
184,-0.4811614446109817,0.080360448525159,0,1,0.5188385553890182
185,1.4147785093937826,1.2180891236908828,1,2,3.4147785093937824
186,0.6046299693065704,0.5533851312595827,1,0,0.6046299693065704
187,-0.067318222111651,-0.1210091756852272,0,1,0.9326817778883489
188,-1.7114280956751435,-1.2731863607836442,0,3,1.2885719043248565
189,-2.707635853275155,-1.9343581646680992,0,3,0.2923641467248448
190,-1.0809429375848338,-1.0170039697493591,0,1,-0.08094293758483384
191,1.3511385229470418,1.2883374555642748,1,2,3.351138522947042
192,0.5518011870464163,0.1024183841826513,1,0,0.5518011870464163
193,-2.422172153761376,-2.999607533526482,0,3,0.5778278462386242
194,0.1446752475961348,-0.5649147242615056,0,0,0.1446752475961348
195,0.4646849684568552,0.1463469846474679,1,0,0.4646849684568552
196,-1.460235526265408,-2.296577445190654,0,3,1.539764473734592
197,0.5902722900124122,1.021804271508457,1,0,0.5902722900124122
198,-0.3810739148492261,-0.2118354172518562,1,0,-0.3810739148492261
199,-2.3775852015125465,-2.4782414073864585,0,3,0.6224147984874535
200,1.0484131316533465,1.4921667239576626,1,0,1.0484131316533465
201,1.0263565411808957,0.5978941102195855,1,2,3.0263565411808955
202,2.0679800395452235,1.7399876173994016,1,2,4.0679800395452235
203,2.051052238543932,1.277534926423234,1,2,4.051052238543932
204,-2.979518130667814,-2.669776652659729,0,3,0.020481869332185987
205,-2.216605228675854,-2.5407417431995643,0,3,0.7833947713241458
206,1.2405799965642692,1.2468582418745986,1,2,3.240579996564269
207,0.6589845205748824,1.0600150808047537,1,2,2.6589845205748825
208,1.079549663033847,1.6278899652336154,1,2,3.079549663033847
209,-0.016698388017014752,-0.019540719248506047,1,2,1.9833016119829852
210,0.8515357616061023,1.0052307361146449,1,2,2.8515357616061023
211,2.0862775998421834,1.724737501424719,1,2,4.086277599842184
212,2.1506393646647224,2.823988701867736,1,2,4.150639364664722
213,1.409360846657004,1.3429006225372575,1,2,3.409360846657004
214,-0.7539956306564687,-0.7218816499092205,0,1,0.24600436934353132
215,1.758388241658769,1.5956470127534788,1,2,3.758388241658769
216,-1.304343284384283,-0.8246436850187804,0,3,1.695656715615717
217,-0.4198266748768763,-0.3399891056436005,0,1,0.5801733251231237
218,-1.1507591412329394,-0.8463853102674896,0,1,-0.15075914123293943
219,0.081058538078286,0.2226417940698388,0,0,0.081058538078286
220,4.686594482138095,4.598430728851693,1,2,6.686594482138095
221,-3.7722493510129937,-3.400461926493157,0,3,-0.7722493510129937
222,1.5603118163959973,1.6984382942261498,1,2,3.5603118163959975
223,-3.5313865584011706,-3.915778182740064,0,3,-0.5313865584011706
224,-1.242716437392115,-1.6384009909158668,0,1,-0.2427164373921149
225,2.2140754162312186,2.273606107843872,1,2,4.214075416231219
226,0.0302511554295446,0.3932343163845957,1,0,0.0302511554295446
227,-2.2808992787981603,-1.6251310593955988,0,3,0.7191007212018397
228,-1.7842187623548158,-2.495104145387137,0,3,1.2157812376451842
229,1.363104666828988,1.3733686064684765,1,2,3.363104666828988
230,-1.4712842850344263,-1.2754252201644278,0,3,1.5287157149655737
231,0.5636129755542979,0.6818806295522032,1,0,0.5636129755542979
232,0.104924906431822,0.5086557484453057,1,0,0.104924906431822
233,-1.3297215108597336,-1.0675079202631326,0,3,1.6702784891402664
234,4.523288306008719,4.129088232576583,1,2,6.523288306008719
235,1.0053445839463124,0.59942790847002,0,2,3.0053445839463127
236,-3.943007329545699,-3.818025387085009,0,3,-0.9430073295456989
237,0.0386791965797854,0.4348813663487955,0,0,0.0386791965797854
238,-1.4912453055369377,-1.4338782843558593,0,3,1.5087546944630623
239,1.4623352430677852,0.8311620152404738,1,2,3.462335243067785
240,-1.4286529697750177,-1.847521535901527,0,3,1.5713470302249823
241,-0.2425549296528768,0.0340514126932554,0,1,0.7574450703471232
242,1.0072739090423188,0.8678158726754659,1,2,3.007273909042319
243,1.5101637907943528,1.557346712075668,1,2,3.510163790794353
244,-2.4605315132981302,-2.034364297637427,0,3,0.5394684867018698
245,-0.8216955323437191,-1.302579151391701,0,1,0.17830446765628094
246,-0.8731996193510692,-1.0388966817118508,0,1,0.12680038064893084
247,-1.5048766922137466,-1.714025817563324,0,3,1.4951233077862534
248,3.7968673536032087,3.939028368214355,1,2,5.796867353603209
249,0.4748473319970921,0.784002603305889,1,0,0.4748473319970921
250,-2.683071875161403,-3.275178857920916,0,3,0.3169281248385971
251,2.1711639961027718,2.168949452436264,1,2,4.171163996102772
252,4.15728464443286,4.505016286051345,1,2,6.15728464443286
253,1.8019547882214115,1.0600402076370772,1,2,3.8019547882214115
254,-2.994925619400493,-3.020682595976336,0,3,0.0050743805995070446
255,-1.0635465941754112,-1.5498603704887024,0,1,-0.0635465941754112
256,2.3666482472495844,2.1100214858297712,1,2,4.366648247249584
257,-1.634513093397305,-2.6365269291899143,0,3,1.365486906602695
258,1.4413135774176455,1.9984072249196565,1,0,1.4413135774176455
259,1.4989577268218464,1.3566260758604411,0,2,3.498957726821846
260,-2.2389744152227413,-2.561851160837107,0,3,0.7610255847772587
261,0.1796912396775067,0.3109980578603667,0,1,1.1796912396775068
262,-0.016698388017014752,-0.019540719248506047,0,3,2.983301611982985
263,-2.202068568872537,-2.6569663804250547,0,3,0.7979314311274628
264,-0.691760120523549,-0.0876284525980579,0,1,0.30823987947645104
265,-2.360871804698053,-1.6374065933673334,0,3,0.639128195301947
266,3.21543894236538,2.978613473452387,1,2,5.21543894236538
267,-3.2454783196102857,-2.818536435643814,0,3,-0.24547831961028566
268,-0.5226409804730339,-0.3802248028777993,0,1,0.47735901952696613
269,0.1746830621289912,-0.3908494545551486,0,0,0.1746830621289912
270,3.1816609254287163,2.810408167888802,1,2,5.181660925428716
271,-2.616037310765736,-1.995597391086961,0,3,0.3839626892342638
272,2.1261255954133564,1.5554075822836857,1,2,4.126125595413356
273,0.2271040949118036,1.1395038301417473,1,0,0.2271040949118036
274,-2.093305812068638,-2.32185068243335,0,3,0.9066941879313619
275,0.5508668311657531,1.1831927936830464,1,0,0.5508668311657531
276,0.3131997579425115,0.1909742400853767,1,0,0.3131997579425115
277,-0.016698388017014752,-0.8009448173618731,0,3,2.983301611982985
278,0.0470568403807702,0.6050700964290459,0,0,0.0470568403807702
279,-0.8320368619085406,-0.2760553348361367,0,1,0.16796313809145935
280,0.4557478994882187,0.2220016871710305,0,0,0.4557478994882187
281,1.3455601451001118,1.0026049051404613,1,2,3.345560145100112
282,3.0033739700337136,2.97088916613326,1,2,5.003373970033714
283,-2.335224932920233,-2.8554167813338243,0,3,0.6647750670797672
284,4.305601862703382,4.401307532947605,1,2,6.305601862703382
285,-4.408496559337412,-4.736815220248419,0,3,-1.4084965593374124
286,-0.2178996073168769,0.2151843021002893,0,1,0.7821003926831231
287,1.2550001545123737,1.0269551880251182,1,2,3.2550001545123735
288,0.5660079613862373,-0.1308956264057709,1,0,0.5660079613862373
289,-1.0670589234272725,-0.506693012959554,0,3,1.9329410765727275
290,-0.5507232175798509,-0.4773760162471054,1,1,0.4492767824201491
291,-0.9187019115534856,-0.907047955385456,0,1,0.08129808844651443
292,-1.4921213881218938,-1.05436347414341,0,3,1.5078786118781062
293,1.7806222707218156,2.1292528716410786,1,2,3.780622270721816
294,1.104642911038074,0.7999014934339037,0,0,1.104642911038074
295,-1.584790461014817,-1.764703103425281,0,3,1.415209538985183
296,1.6472393244689465,1.202057224445211,1,2,3.6472393244689467
297,0.4725959531749082,-0.1131848688750178,1,0,0.4725959531749082
298,1.6517238828382392,1.883160896804395,1,2,3.6517238828382395
299,1.0466504292764809,1.2035241532931535,1,2,3.0466504292764807
300,-1.5737405461059486,-1.269408861496942,0,3,1.4262594538940514
301,-0.950994091300106,-0.4383519147017289,0,3,2.049005908699894
302,1.6014566529372805,1.9112465709075492,1,2,3.6014566529372805
303,0.8670574457393152,1.2124412362614183,0,2,2.867057445739315
304,0.1572303451034249,-0.67395415816543,0,1,1.157230345103425
305,0.4221282494682999,0.2993341526983024,1,0,0.4221282494682999
306,2.721362066046111,3.107192663914106,1,2,4.721362066046111
307,-1.108574327940495,-1.5758578224225817,0,3,1.891425672059505
308,1.1382326251811024,1.1749011783162078,1,2,3.1382326251811024
309,-0.1979074252425087,0.0098783510028937,0,1,0.8020925747574913
310,-0.0506597089337496,0.126481688601645,1,1,0.9493402910662504
311,2.0069456113014104,2.1544641344847304,1,2,4.00694561130141
312,1.8664577771350144,2.1060228647532444,1,2,3.8664577771350146
313,1.6097758523997865,1.6820734103710742,1,2,3.6097758523997863
314,2.585023003902938,1.9998517209465327,1,2,4.585023003902938
315,-0.2652984548108896,-0.0625162406494923,0,0,-0.2652984548108896
316,1.3069480606868489,1.4208466849083463,1,2,3.3069480606868487
317,-0.8199865047805952,-1.399885885122777,0,1,0.1800134952194048
318,0.555561819075695,1.1074559035103233,1,0,0.555561819075695
319,-0.4799233854909991,-0.2663883055917829,0,1,0.5200766145090009
320,0.1042102525228351,-0.4479290758681483,0,0,0.1042102525228351
321,1.1090919794691465,0.7822019138802863,1,2,3.1090919794691465
322,-1.617090382779185,-1.8427111994776568,1,3,1.382909617220815
323,3.861824578912654,3.635919203392395,1,2,5.861824578912654
324,-2.3011383925484687,-2.183918317021092,0,3,0.6988616074515313
325,-2.355994371429359,-2.746535071852664,0,3,0.6440056285706408
326,2.156734123586116,2.6079888224348897,1,2,4.156734123586116
327,1.798231345971858,2.2165527265190543,1,2,3.7982313459718577
328,1.2932935785073196,1.5410205023471557,0,2,3.2932935785073196
329,1.3780434485698412,1.3957401587273814,1,2,3.378043448569841
330,0.2576449183903497,0.6326239244509646,0,1,1.2576449183903498
331,-1.8564509053329776,-1.9668299944545813,0,3,1.1435490946670224
332,0.0367117753041975,-0.2530837692490861,0,0,0.0367117753041975
333,-1.1799829059044606,-0.7039390476565643,1,3,1.8200170940955394
334,2.0521421796214394,2.179159282429043,1,2,4.052142179621439
335,-0.3315808249685374,-0.6052038812010941,1,1,0.6684191750314625
336,-1.3727028001938346,-1.5397997470104663,0,3,1.6272971998061654
337,-0.685220545273973,-0.9797917387800802,0,1,0.314779454726027
338,0.8324176360624049,1.6412875795938469,1,0,0.8324176360624049
339,-1.1232045754410978,-1.121565200460888,0,3,1.8767954245589022
340,-1.831359570112557,-1.7682510456110896,0,3,1.168640429887443
341,0.5028915008811028,0.7913791200258791,1,0,0.5028915008811028
342,0.7692851776971439,0.2831407846543415,1,0,0.7692851776971439
343,-0.9248926876670244,-0.486273781152535,1,3,2.0751073123329755
344,-0.9358639259568592,-1.1790023782720005,0,1,0.06413607404314081
345,0.4317464184821388,1.1637529329281984,1,0,0.4317464184821388
346,-2.829995277313378,-2.955058769319215,0,3,0.17000472268662215
347,-2.6649742230552733,-2.249918217149999,0,3,0.3350257769447267
348,-1.3150406763269211,-2.313759923174556,0,3,1.6849593236730789
349,-0.4932672757880903,-0.9633205062224786,0,1,0.5067327242119097
350,0.6867714500180321,0.5693285864189817,0,0,0.6867714500180321
351,3.04670038212876,2.234387182878803,0,2,5.04670038212876
352,1.5138802488986431,1.7542340284352047,1,2,3.5138802488986434
353,-0.2862309516901153,-0.1610477015156158,0,1,0.7137690483098846
354,-0.47029319306585,-0.866624253009801,0,1,0.52970680693415
355,-1.9085519873113808,-1.91493543925718,0,3,1.0914480126886192
356,0.0950423389277564,0.4176332308970065,0,1,1.0950423389277564
357,-0.4278080526829847,-1.2690278594309743,0,1,0.5721919473170153
358,0.5664277502422654,0.0570321437484027,1,0,0.5664277502422654
359,-1.592652520099839,-1.7266878397891767,0,3,1.407347479900161
360,1.323483797590578,1.3329732482435683,1,2,3.323483797590578
361,3.348231755663407,3.32478718702279,1,2,5.348231755663408
362,-0.2233548367590273,0.132363077415257,0,1,0.7766451632409728
363,0.8312873703437949,1.0221718686059535,1,0,0.8312873703437949
364,1.6024702123691117,1.8811241485975356,1,2,3.602470212369112
365,-1.1026013468241076,-1.6585516399458538,0,1,-0.1026013468241076
366,0.3835698150854286,0.4414993570051807,0,0,0.3835698150854286
367,0.292298892670941,0.1694418889757636,1,0,0.292298892670941
368,0.3903923054346166,0.9752210581021236,0,0,0.3903923054346166
369,-1.472166812180952,-1.4024085572297922,0,3,1.527833187819048
370,-0.2521461325482386,-0.5197677064346502,0,0,-0.2521461325482386
371,0.9860145358826672,1.327015046264683,1,0,0.9860145358826672
372,2.7843041363400967,3.009623254685956,1,2,4.784304136340097
373,1.9847494327338564,1.6561087636776646,1,2,3.9847494327338566
374,4.144495578064137,4.005099696956467,1,2,6.144495578064137
375,-1.7398398047710204,-1.8724183886143648,0,3,1.2601601952289796
376,1.331668217904628,1.822652654816443,1,2,3.331668217904628
377,0.6110449484720438,0.6923416980234206,1,0,0.6110449484720438
378,4.299651764146733,4.590364755570802,1,2,6.299651764146733
379,-1.585167413969796,-1.7824761024218292,0,3,1.414832586030204
380,-1.6798913076563884,-1.545971191200612,0,3,1.3201086923436116
381,-1.4122720774801445,-0.8909277163082813,0,3,1.5877279225198555
382,-4.499604430909253,-4.644035137009512,0,3,-1.4996044309092529
383,-1.2525730685609693,-1.2065111470258587,0,3,1.7474269314390307
384,-1.6628990108732746,-2.2082215133683176,0,3,1.3371009891267254
385,0.3741088223551763,0.0678855863911652,1,0,0.3741088223551763
386,0.5243684188501966,0.3905912620510673,1,0,0.5243684188501966
387,4.101639804750697,3.677304081170008,1,2,6.101639804750697
388,2.1062778835507308,2.6350673545594696,1,2,4.106277883550731
389,-0.9921354013916646,-1.3273382094882695,0,3,2.0078645986083354
390,-1.8207611231913456,-1.5060416863444477,0,3,1.1792388768086544
391,1.2866944901571082,1.361428985169699,1,0,1.2866944901571082
392,-2.684067540265509,-2.671726760861324,0,3,0.315932459734491
393,3.656665248877858,4.251130706863921,1,2,5.656665248877858
394,2.392875149392428,1.488635030621396,1,2,4.392875149392427
395,-0.7979866961007408,-0.8764686548299827,0,1,0.2020133038992592
396,-3.298887442381158,-3.731039577007335,0,3,-0.29888744238115805
397,2.612719692641905,1.8281515289886896,1,2,4.612719692641905
398,-0.3356784343904265,-0.8135711278935032,0,1,0.6643215656095736
399,2.6036132153773406,2.610508229378569,1,2,4.60361321537734
400,-3.045808000810488,-3.3359468524930658,0,3,-0.04580800081048819
401,-1.2774202708721203,-0.9187748349420608,0,3,1.7225797291278797
402,-0.3069502144993244,-0.3924885536758566,0,0,-0.3069502144993244
403,0.0524979683278351,-0.077397373560542,0,0,0.0524979683278351
404,-0.7754257831933156,-0.9035381633957528,0,1,0.22457421680668443
405,1.6067832339789536,1.567385471527138,1,2,3.6067832339789536
406,-2.374832451233321,-2.5422238652104223,0,3,0.625167548766679
407,-0.3700732206087017,-0.710574699634367,1,1,0.6299267793912984
408,0.1627105511187224,0.5583845047091368,1,0,0.1627105511187224
409,1.3000387360037984,1.05040071584822,1,2,3.300038736003798
410,1.416241456086053,1.2628308095475786,1,2,3.416241456086053
411,-2.430749495550192,-2.2589874635140674,0,3,0.569250504449808
412,-2.9564892848868807,-2.82899278642398,0,3,0.043510715113119325
413,2.474425939788829,2.117050714850409,1,2,4.474425939788829
414,0.4197505692875924,0.721743346931891,1,0,0.4197505692875924
415,-1.6755277345683377,-1.4604595986329756,0,3,1.3244722654316623
416,3.449112341929569,3.5203022756044717,1,2,5.449112341929569
417,0.3081911129156098,0.135664372683013,1,0,0.3081911129156098
418,2.3801463792181616,2.217454103009598,1,2,4.380146379218162
419,0.0850582156578086,0.0043393744571649,0,0,0.0850582156578086
420,4.179925618187734,3.687192841736628,1,2,6.179925618187734
421,3.566728874086908,3.551021494648125,1,2,5.566728874086908
422,-0.4394945313166817,-0.0826537151378821,0,1,0.5605054686833183
423,1.9661109199642612,2.316659395897871,1,2,3.9661109199642612
424,1.464511566831405,1.3121708583208238,1,2,3.464511566831405
425,2.7418839842648435,3.167517293355058,1,2,4.7418839842648435
426,-2.1254346882707367,-1.3630728664589586,0,3,0.8745653117292633
427,1.249618341816705,1.123135327711574,1,2,3.249618341816705
428,1.721045235001233,1.9976511175741003,1,2,3.721045235001233
429,-3.11211554963775,-4.017239534714067,0,3,-0.11211554963775017
430,-2.193966106941013,-2.6972247982138096,0,3,0.806033893058987
431,-4.244478454546049,-4.2080300428126405,0,3,-1.2444784545460488
432,-0.5951826387685355,-0.9978758637758908,0,1,0.4048173612314645
433,1.307709216750638,2.123390034639617,1,2,3.307709216750638
434,3.31322354646688,3.5523754213855008,1,2,5.3132235464668796
435,-0.1357858720146354,0.2505467867286167,1,0,-0.1357858720146354
436,3.28012630290634,3.268515740442105,1,2,5.28012630290634
437,-2.781908484942752,-3.1831916928882134,0,3,0.21809151505724822
438,-3.2413971525684864,-3.4489212654384387,0,3,-0.24139715256848637
439,-0.1318972433381765,-0.0301450514876326,1,1,0.8681027566618235
440,0.4164891225475275,0.161322987183923,0,0,0.4164891225475275
441,-0.1156130631166744,0.1528637335742054,0,1,0.8843869368833256
442,-4.3293166436684185,-4.044750655986563,0,3,-1.3293166436684185
443,-0.1623241697142647,-0.1603316481384293,0,1,0.8376758302857353
444,-2.3221035937056413,-3.052357628512441,0,3,0.6778964062943587
445,0.9914600488136212,1.6773740222800049,1,2,2.991460048813621
446,0.5731519451137158,0.4880828024379087,1,0,0.5731519451137158
447,-1.9902981634114096,-0.9065875040229954,0,3,1.0097018365885904
448,-1.1040600537560294,-0.8430457752151514,0,3,1.8959399462439706
449,-1.9704019109568545,-2.054383941649677,0,3,1.0295980890431455
450,-0.1600670780586212,0.0190616725405803,1,1,0.8399329219413788
451,1.9934451861465656,1.185730979315121,0,2,3.9934451861465656
452,-2.0966067014174428,-1.686149740123056,0,3,0.9033932985825572
453,1.0540779001192764,2.080854395131067,1,2,3.0540779001192764
454,-0.9049557105693384,-1.7406491001066902,1,3,2.0950442894306613
455,-1.732205574472106,-1.8471691784023887,0,3,1.267794425527894
456,-0.0577890959478127,-0.0999243450644232,1,1,0.9422109040521873
457,-2.0600100910932344,-1.7099186394280088,0,3,0.9399899089067656
458,-0.8982065625979135,-0.0558162929316988,0,3,2.1017934374020864
459,-2.436039765193092,-2.2828869161548657,0,3,0.5639602348069079
460,4.005699196865199,4.86241592655141,1,2,6.005699196865199
461,0.0624058576077512,0.1305788483616161,0,0,0.0624058576077512
462,-1.418693468393287,-1.238123940874795,0,3,1.581306531606713
463,0.479745907113582,0.6110401335776839,1,0,0.479745907113582
464,-0.1172946055366788,0.3708253076653557,1,1,0.8827053944633212
465,-0.691852181451247,-0.8607806046953284,0,1,0.30814781854875295
466,1.515060121850426,1.8423748253550296,1,2,3.515060121850426
467,1.1430828119846506,0.6507641694820797,1,2,3.143082811984651
468,-1.197964717168834,-1.3117663590293978,0,3,1.802035282831166
469,-0.016698388017014752,-1.4251877446178636,0,3,2.983301611982985
470,-0.4676322004860984,-0.4324475770389215,0,1,0.5323677995139016
471,-4.288607823922894,-4.415039723684407,0,3,-1.2886078239228942
472,-3.402040422042126,-2.949186945059336,0,3,-0.4020404220421261
473,2.632209709211107,2.2807424711424504,1,2,4.632209709211107
474,2.8645687294427145,2.172042355118309,1,2,4.8645687294427145
475,-0.4917476843307071,-1.03466121221533,0,1,0.5082523156692929
476,1.207450643011539,1.6051178615320667,1,2,3.207450643011539
477,0.9406594575213229,0.552836520194834,1,0,0.9406594575213229
478,-0.016698388017014752,-0.019540719248506047,1,2,1.9833016119829852
479,2.4479548487576297,2.330039847458398,1,2,4.44795484875763
480,-0.1390677666537212,0.1906298552475808,1,1,0.8609322333462788
481,-1.998130520601885,-2.0904368026485294,0,3,1.001869479398115
482,-3.4946847898735527,-2.388945383426698,0,3,-0.4946847898735527
483,0.4619277313928083,1.2211745377202103,1,0,0.4619277313928083
484,-1.8111218939976796,-1.9372059661599563,0,3,1.1888781060023204
485,-2.5854660046614195,-2.766319840299414,0,3,0.4145339953385805
486,-1.325558188892418,-0.0726277285690331,0,3,1.674441811107582
487,-1.9240605249265064,-2.355600909457942,0,3,1.0759394750734936
488,3.278240383318649,3.25623096415131,1,2,5.278240383318649
489,1.8170496711790995,1.8260292390612705,1,2,3.8170496711790998
490,0.025924488833703,0.0249893297078733,0,1,1.025924488833703
491,2.950879454177867,2.255394765965656,1,2,4.950879454177867
492,0.0682047126159181,0.2668456764862943,0,0,0.0682047126159181
493,-1.6440771989624232,-2.03221723551935,0,3,1.3559228010375768
494,2.861015501842673,3.4354111515103014,1,2,4.861015501842672
495,0.8359330215775056,0.2535470046036568,1,2,2.835933021577506
496,-0.016698388017014752,-1.802140559037357,0,3,2.983301611982985
497,-0.2352437583887962,-1.1216920171695517,1,1,0.7647562416112038
498,-1.7380581850490664,-2.599811667585356,0,3,1.2619418149509336
499,-2.432570985419916,-2.7683117687369685,0,3,0.567429014580084
500,1.7988019913183138,1.5195179583835023,1,2,3.7988019913183138
501,4.083373924938057,4.6696644901338304,1,2,6.083373924938057
502,-2.762020330653118,-2.7782570651578773,0,3,0.23797966934688208
503,0.9209883233658636,1.4379510837304852,1,2,2.9209883233658633
504,-0.931677099889484,-1.0835917377601547,0,3,2.068322900110516
505,-0.776108598204575,-0.5336745250524424,0,1,0.223891401795425
506,-1.208992054679651,-1.4991821814472115,0,3,1.791007945320349
507,-1.5825472874528423,-1.899936515092283,0,3,1.4174527125471577
508,0.0163025690900726,-0.7120374864770852,1,0,0.0163025690900726
509,-1.4960704258101671,-1.3617688282696572,0,3,1.5039295741898329
510,0.0626979385028857,0.1675313043829456,1,0,0.0626979385028857
511,-0.3044364856371926,0.0064886692771482,0,1,0.6955635143628074
512,-0.2820441448754269,-0.1960768300188688,0,1,0.717955855124573
513,-1.86505843172698,-1.0545800408493926,0,3,1.13494156827302
514,-1.1120342021589171,-1.0416231474879132,0,3,1.8879657978410829
515,1.241425319228425,1.6381560049636734,1,2,3.241425319228425
516,1.3714077743891822,1.241764141189541,0,2,3.371407774389182
517,-1.717004560853567,-2.0803925745741223,0,3,1.282995439146433
518,0.1585275671833858,0.4456056352580403,1,0,0.1585275671833858
519,1.4218350753709128,1.3861758802427764,1,2,3.421835075370913
520,-3.132889689958805,-2.8000724715869563,0,3,-0.1328896899588048
521,1.4832144747936558,1.624389091531528,1,2,3.4832144747936558
522,-1.1344954667294227,-1.4517007974454852,0,3,1.8655045332705773
523,1.575557870665639,2.0052930217364504,1,2,3.575557870665639
524,-1.7109885788974173,-2.059464560411284,0,3,1.2890114211025827
525,-3.773641567428797,-3.5235110621105945,0,3,-0.7736415674287969
526,-3.492873099376995,-2.9802286547666537,0,3,-0.49287309937699497
527,0.1845220232526598,0.0306840878865967,0,0,0.1845220232526598
528,0.5545657134038378,1.0169634948727635,0,0,0.5545657134038378
529,-1.8390234749032144,-1.6799767412819375,0,3,1.1609765250967856
530,1.4390366431794075,1.779814154537913,1,2,3.4390366431794073
531,-3.076574403494987,-3.4112766799360217,0,3,-0.07657440349498712
532,-0.4372920791520015,-0.3515719863305024,0,1,0.5627079208479985
533,-2.5414268051051363,-3.104659329114938,0,3,0.4585731948948637
534,-1.1396434967797062,-0.4551232906555207,0,3,1.8603565032202938
535,0.0012496058611116,-0.8043497227726911,1,0,0.0012496058611116
536,-1.880467945839536,-2.0223686736910755,0,3,1.119532054160464
537,-0.5654036029295717,-0.9380870406094206,0,1,0.4345963970704283
538,1.754685604484085,2.02456577056498,1,2,3.7546856044840853
539,-1.2140997006045184,-0.444521322232551,0,3,1.7859002993954816
540,1.7371130292912451,1.999079068766256,1,2,3.737113029291245
541,-2.37417769209726,-1.1896642133167197,0,3,0.6258223079027401
542,1.2162394870332005,0.6650634164096645,1,2,3.2162394870332003
543,2.7693618462763268,2.2488881932649005,1,2,4.769361846276327
544,-4.661565101565395,-5.0188107942115545,0,3,-1.6615651015653947
545,-1.618939770440108,-1.5704418923217456,1,3,1.381060229559892
546,1.2883982817021506,0.8776293315888506,1,2,3.2883982817021504
547,-0.2568859814894221,-0.5575510832114323,1,1,0.7431140185105779
548,0.616783746193803,0.8649771557647182,1,0,0.616783746193803
549,-1.6186676831628188,-2.114336436408346,0,3,1.3813323168371812
550,0.2453307258785668,-0.2079476793094739,0,0,0.2453307258785668
551,-0.296896801359185,-0.4563123025552139,0,1,0.7031031986408149
552,2.4467293288346403,2.324952100498912,1,2,4.446729328834641
553,0.4635361921258586,0.867542479014385,1,0,0.4635361921258586
554,0.5891197843902611,0.2288638851990129,1,0,0.5891197843902611
555,-0.4220593300485948,-0.7101713236969539,0,1,0.5779406699514051
556,-1.2696832604471426,-1.03701521393554,0,1,-0.26968326044714264
557,-0.7183262799663941,-0.3977685504530411,1,1,0.2816737200336059
558,0.6739839131199155,1.245473699970551,1,0,0.6739839131199155
559,-0.9091246851886104,-0.7214765432427086,0,1,0.09087531481138955
560,0.5161291472780327,0.5682747712627634,1,0,0.5161291472780327
561,3.990114742456626,4.220130105155088,1,2,5.990114742456626
562,1.8564942489106329,1.7495291265552135,1,2,3.856494248910633
563,-0.3739183451456908,-0.4838253828958823,0,1,0.6260816548543092
564,2.496430576577222,1.7867864516657206,1,2,4.496430576577222
565,-0.7954743468006837,-0.4381079641249501,1,1,0.20452565319931626
566,-4.273537170175557,-4.188953592154858,0,3,-1.2735371701755573
567,-1.912807568669918,-1.6019918621225957,0,3,1.087192431330082
568,-3.3103139157058514,-4.43663811349677,0,3,-0.31031391570585143
569,-0.7791658928416358,-0.7980065759990542,1,1,0.22083410715836416
570,-0.0383599574912698,-0.3807125600423229,1,0,-0.0383599574912698
571,3.240656798354366,3.84120180028246,1,2,5.240656798354366
572,0.5559719006294412,0.8016586668229728,1,0,0.5559719006294412
573,-0.9872609683522052,-0.8935668040279813,0,1,0.012739031647794774
574,1.739818239538121,1.5670450518017112,1,2,3.739818239538121
575,-4.591381053286693,-4.432497729234035,0,3,-1.5913810532866934
576,0.1491764924587718,-0.22209775929247,1,0,0.1491764924587718
577,1.6923683777204437,1.6524782386461372,1,2,3.6923683777204435
578,-3.17357604856807,-3.4049214033630384,0,3,-0.17357604856807018
579,2.2197742756371066,3.126370137629783,1,2,4.219774275637107
580,0.9702812932265444,1.5582603957028804,1,0,0.9702812932265444
581,-1.1124189874065054,-0.687199993813373,0,1,-0.11241898740650536
582,0.9590440852930172,0.3629196764313541,1,2,2.959044085293017
583,4.59524695352126,4.940909798434881,1,2,6.59524695352126
584,0.593629982919064,0.668696652975839,0,0,0.593629982919064
585,0.1815728290542795,0.6709568848607379,1,0,0.1815728290542795
586,-0.8371838517130528,-0.708225813662277,1,1,0.16281614828694724
587,-1.5834888309372452,-1.5861758973525666,0,3,1.4165111690627548
588,1.248839536350027,1.3423532548846506,1,2,3.248839536350027
589,-1.5524673842362904,-2.2747207008853083,0,3,1.4475326157637096
590,0.3184536504072208,0.0114923415401018,0,0,0.3184536504072208
591,-1.0176720081814383,-0.8683377927001295,0,1,-0.017672008181438326
592,1.208428923952385,1.6641842673150182,1,0,1.208428923952385
593,0.8946153254388656,0.6744180789140183,1,0,0.8946153254388656
594,2.0957034736592397,2.0793807217136657,1,2,4.09570347365924
595,-1.1103218757744808,-1.750718853644637,0,3,1.8896781242255192
596,-0.7343154491033339,-0.1505911237618299,0,1,0.2656845508966661
597,-1.9650401334378529,-1.5195434405446044,0,3,1.0349598665621471
598,-0.016698388017014752,-0.5137936887845079,0,1,0.9833016119829853
599,0.6897656138815761,0.8524880889339324,1,0,0.6897656138815761
600,1.0744770322382975,1.6954966582970168,1,2,3.0744770322382973
601,-1.590587869439937,-1.912592265965824,0,3,1.409412130560063
602,1.7772564845802992,1.4119918620496357,1,2,3.777256484580299
603,2.635350818274535,3.0599587327771065,1,2,4.635350818274535
604,0.9983014841320594,1.3960268368153093,1,0,0.9983014841320594
605,4.058519344412683,3.5811211099770217,1,2,6.058519344412683
606,-2.1079607121047244,-2.320504664735471,0,3,0.8920392878952756
607,-2.40245667663842,-1.726819424207464,0,3,0.5975433233615801
608,-3.8427703399706266,-3.678103408684265,0,3,-0.8427703399706266
609,3.0919107243381543,3.4067753315454232,1,2,5.091910724338154
610,1.3343167531830311,0.8706981361712887,0,2,3.334316753183031
611,0.0159759634671998,0.2786337732820712,0,1,1.0159759634671999
612,0.4600877297407095,-0.1077288885676425,1,0,0.4600877297407095
613,-2.6256261169605835,-3.4175546632008578,0,3,0.37437388303941654
614,4.801430320982319,5.092159905054666,1,2,6.801430320982319
615,0.3398118909784116,0.9135899588322074,1,0,0.3398118909784116
616,0.4218680549448305,0.3203536246451633,0,0,0.4218680549448305
617,1.2171669877028788,0.9985467149610956,0,2,3.217166987702879
618,1.16743054884803,1.851770011346578,0,0,1.16743054884803
619,0.3181935906289584,0.2402802429831153,1,0,0.3181935906289584
620,-1.5084589345717183,-1.5347664239946224,0,3,1.4915410654282817
621,0.8409579236988649,1.5185408142749992,0,0,0.8409579236988649
622,3.800483118492488,3.659049193281204,1,2,5.8004831184924885
623,2.8692156192240104,2.607604575486064,1,2,4.86921561922401
624,2.940970437821087,3.2671737274759223,1,2,4.940970437821087
625,-1.158412532211737,-1.443154993963383,0,3,1.841587467788263
626,-1.9422171230487444,-2.000057738297617,0,3,1.0577828769512556
627,0.2287428920067741,-0.2989205486781055,1,1,1.2287428920067742
628,-0.0611881178559764,0.0129707174946287,1,0,-0.0611881178559764
629,2.596409814141281,2.623648809022518,1,2,4.596409814141281
630,-2.9840445986946045,-2.596836488805347,0,3,0.015955401305395522
631,3.039638408780909,3.3825410234456017,1,2,5.03963840878091
632,-0.3756463023979589,-0.1550390990101261,0,1,0.6243536976020412
633,-0.9921751796277783,-0.8344729025153733,0,1,0.007824820372221652
634,-2.0378492565868687,-2.067150902087805,0,3,0.9621507434131313
635,-3.5910572302434502,-3.347234842645129,0,3,-0.5910572302434502
636,1.6310933644597096,1.1861604949921147,1,2,3.6310933644597094
637,0.446011989146979,-0.4935744395947447,0,0,0.446011989146979
638,-2.702138811977451,-2.237371743492294,0,3,0.2978611880225488
639,-2.6383024049250423,-2.368638220025877,0,3,0.3616975950749577
640,-1.0117974934337048,-1.0625920671456708,0,1,-0.011797493433704842
641,3.4128554682049947,3.8426789115833895,1,2,5.412855468204995
642,-0.4662863657369347,-0.7588853325155457,1,1,0.5337136342630653
643,-2.993545434283058,-3.2757424471163183,0,3,0.006454565716941918
644,-0.5348515382163173,-0.8725066276939842,0,1,0.46514846178368274
645,-0.603998723249832,-0.376949933203478,0,1,0.39600127675016805
646,-5.2933932391430085,-0.019540719248506047,0,3,-2.2933932391430085
647,-0.114353053353349,-0.4211376960661656,0,1,0.885646946646651
648,-0.3988746861062895,-0.2829886768118353,0,1,0.6011253138937105
649,1.4354092931177462,0.953748862748702,1,2,3.435409293117746
650,3.9225976473098423,3.6584734850453686,1,2,5.922597647309843
651,2.3885288785705256,1.5039018477247,1,2,4.388528878570526
652,-0.499205012479623,-0.256882352719008,0,1,0.500794987520377
653,-1.9093674113529049,-2.184501488689816,0,3,1.0906325886470951
654,5.230773312311033,4.791060812254571,1,2,7.230773312311033
655,0.3794294057870603,-0.1385796845963698,1,0,0.3794294057870603
656,0.1492471055032199,-0.0180382993788199,1,0,0.1492471055032199
657,-0.4166339900063152,-1.048696224762891,0,1,0.5833660099936848
658,0.6571364741995758,1.434088345059043,1,0,0.6571364741995758
659,-0.2616855755793511,-1.2155834224469455,0,1,0.7383144244206489
660,-1.1577149679406282,-1.3379626278552244,1,3,1.8422850320593718
661,-1.0374482129828688,-0.9946854412663668,0,3,1.9625517870171312
662,-0.1345031728234102,-0.444654774478032,1,1,0.8654968271765898
663,-1.041443770189741,-0.9565910752724948,1,3,1.958556229810259
664,-1.5440667786229472,-1.863907408601412,0,3,1.4559332213770528
665,0.4677149071306676,1.0797526925999272,1,0,0.4677149071306676
666,-0.5326720575659206,-0.9802228632098312,0,1,0.4673279424340794
667,2.9314692086208907,1.990979632081563,1,2,4.931469208620891
668,-5.486924779929879,-0.019540719248506047,0,3,-2.486924779929879
669,2.236768861674652,2.3913667716001368,1,2,4.236768861674652
670,2.5295918050202766,2.4824220532007306,1,2,4.529591805020276
671,-4.069095542080798,-3.768242378887951,0,3,-1.069095542080798
672,-0.8908255656617233,-0.6901277189773367,0,1,0.10917443433827667
673,-1.0631179717538974,-1.317630111643979,0,1,-0.06311797175389744
674,-2.6899051289343303,-2.885538526452549,0,3,0.3100948710656697
675,-1.258705002806449,-1.4128365130677394,0,3,1.741294997193551
676,-2.426422415409637,-1.6726839820109758,0,3,0.573577584590363
677,3.822429143559585,4.098758069434533,1,2,5.822429143559585
678,1.9281389980421983,2.684813757713601,1,2,3.9281389980421983
679,2.541697609078152,2.8780093580148773,1,2,4.5416976090781525
680,1.3638343887773146,1.338401030808694,1,2,3.3638343887773146
681,-2.5350071463194577,-2.942751741113724,0,3,0.46499285368054233
682,-0.8514948293746274,-0.7708869609151299,0,3,2.1485051706253726
683,0.8236278501683155,0.7992801812818233,1,0,0.8236278501683155
684,-2.6002169529314108,-2.6376758670666964,0,3,0.39978304706858925
685,1.624382122322167,1.540742491562467,1,2,3.6243821223221673
686,-0.8572474856506154,-1.6782325686811044,0,1,0.14275251434938463
687,-1.0543611772328283,-0.5500252506189663,0,1,-0.054361177232828295
688,1.4182930877053666,1.3981116920184395,1,2,3.4182930877053668
689,0.94718350877305,0.3814822623615932,0,0,0.94718350877305
690,-0.624985402044375,-0.432280318414917,0,1,0.375014597955625
691,2.2582999080492456,1.9159654406066344,1,2,4.258299908049246
692,-1.6560527214714569,-1.4311964722831436,0,3,1.3439472785285431
693,1.1862927021353606,1.5389552863403448,1,2,3.1862927021353604
694,1.140045285516223,1.5478998817839502,1,2,3.140045285516223
695,-0.7784902123907561,-0.8428569030526842,0,1,0.2215097876092439
696,0.6770474077884502,0.5115363165810434,0,0,0.6770474077884502
697,-2.379234906361251,-2.629450250467119,0,3,0.6207650936387492
698,2.088769649320494,1.799747213936295,1,2,4.0887696493204935
699,-0.6676611257740217,-0.6745531514583886,0,1,0.3323388742259783
700,-1.0946451087092193,-1.1783823336659152,0,3,1.9053548912907807
701,2.1873591738356075,1.8572376475067407,1,2,4.187359173835608
702,-1.2912758741666113,-1.748789775687773,0,3,1.7087241258333887
703,-2.8156128611662115,-2.8591152980696446,0,3,0.18438713883378854
704,-3.004773553141387,-3.1784526003189195,0,3,-0.004773553141387055
705,1.0502271241061192,0.5936803347933729,1,2,3.050227124106119
706,-2.249277618528895,-1.917049213160332,0,3,0.750722381471105
707,3.708113984564615,4.416951084894714,1,2,5.708113984564616
708,-4.432844373180479,-4.0478090875867885,0,3,-1.4328443731804787
709,3.177892126956725,2.8898169222863075,1,2,5.177892126956725
710,0.2126505843838556,0.192558710547881,0,0,0.2126505843838556
711,-0.057832229561479,0.5583393511135053,1,1,0.942167770438521
712,-1.346783726901393,-1.8162635840123904,0,3,1.653216273098607
713,0.7320673618625256,1.045105412536616,1,0,0.7320673618625256
714,0.0156714744336581,-0.5635618088239378,1,1,1.0156714744336581
715,2.193370577123756,2.8669856280962875,0,2,4.193370577123757
716,0.2802328004666204,0.1081069905662245,1,0,0.2802328004666204
717,0.0874429806540035,0.9790604704635286,1,0,0.0874429806540035
718,-0.6082535497482628,0.0829719697084692,1,1,0.39174645025173715
719,-0.2365336259373342,-0.2791058297698894,0,1,0.7634663740626658
720,0.5506796029045301,0.2629174536603658,0,0,0.5506796029045301
721,-3.372790439732054,-3.2948802509756887,0,3,-0.37279043973205406
722,-2.6757551999052565,-2.747818786563882,0,3,0.32424480009474355
723,1.4913241918485485,1.3306974064143111,1,2,3.4913241918485483
724,0.1916055118605325,-0.4716397899707863,1,0,0.1916055118605325
725,-0.4278765549451967,-0.6336979884070315,1,1,0.5721234450548033
726,0.0373045842981935,-0.4068870644043024,0,0,0.0373045842981935
727,0.4201463640899251,0.6408054466600197,0,0,0.4201463640899251
728,-1.1720259538813989,-0.7755974272424289,0,3,1.8279740461186011
729,-1.479073474998056,-1.1827998734286174,0,3,1.520926525001944
730,0.1362031894262945,0.2731532252772974,1,0,0.1362031894262945
731,-1.7254292249112162,-2.066592051767577,0,3,1.2745707750887838
732,1.0704281639489124,1.1525884729896765,0,0,1.0704281639489124
733,-3.654197323667698,-3.3370912662099474,0,3,-0.6541973236676979
734,2.3298352012613157,2.095340971501423,1,2,4.329835201261316
735,0.9164786470836592,0.9640732156416616,1,0,0.9164786470836592
736,0.5957623804591623,0.537577744751193,1,0,0.5957623804591623
737,1.8660517574653783,2.5309984253095723,1,2,3.866051757465378
738,3.5155578543705057,3.856177108476316,1,2,5.515557854370506
739,2.109958933805994,2.3536227785053505,1,2,4.109958933805994
740,-3.844579113982811,-4.531256607568985,0,3,-0.8445791139828112
741,-2.7921943334644608,-2.7230594027574275,0,3,0.20780566653553922
742,-1.5416976424332025,-1.6037030140030304,0,3,1.4583023575667975
743,0.0897704557082188,0.0243076114802697,1,0,0.0897704557082188
744,1.1498123232941933,0.5244469341975371,1,2,3.149812323294193
745,-1.3212944905510429,-1.7564019394700707,0,3,1.6787055094489571
746,0.3499373100326811,0.322730314870368,1,0,0.3499373100326811
747,-1.742165155839518,-1.2964228445633337,0,3,1.257834844160482
748,-1.359450565588653,-1.5956603935244225,0,3,1.640549434411347
749,-2.5828524659040597,-2.7428279567457663,0,3,0.4171475340959403
750,-1.9433922051418249,-1.2309554070273416,0,3,1.0566077948581751
751,-2.674685685096372,-2.7934146407635065,0,3,0.32531431490362817
752,-2.166876602669643,-2.218392412211075,0,3,0.8331233973303571
753,2.174600202307486,2.1285022894867898,1,2,4.174600202307486
754,-1.9903346899997016,-2.528536748561506,0,3,1.0096653100002984
755,5.474106672429935,-0.019540719248506047,1,2,7.474106672429935
756,1.1413473430031411,0.8801968955694055,1,0,1.1413473430031411
757,0.2705310580747678,0.2585028112588725,0,0,0.2705310580747678
758,-1.74204836583196,-1.564299180064841,0,3,1.25795163416804
759,1.290396510809857,2.0674195464240137,1,2,3.290396510809857
760,-1.43516229178455,-1.9622703096030476,0,3,1.56483770821545
761,0.0725311433812795,0.4185240174077691,1,0,0.0725311433812795
762,5.159812542081753,5.507301844551341,1,2,7.159812542081753
763,-0.1270678998033833,-0.3823538089150927,0,1,0.8729321001966167
764,2.3282562332898795,2.568057772510672,1,2,4.3282562332898795
765,-1.466699461043502,-0.8093250005267453,1,3,1.533300538956498
766,0.1166363401502736,-0.1893521435347031,0,1,1.1166363401502737
767,3.5543096521832074,3.6508975710372695,1,2,5.554309652183207
768,-1.1132833499563453,-0.9513628043804312,0,3,1.8867166500436547
769,3.270142089553354,3.483813631534774,1,2,5.270142089553354
770,0.6310238205872823,0.9387405248736876,1,2,2.6310238205872825
771,-1.0681759462209193,-1.0016540149200497,1,3,1.9318240537790807
772,0.979862347366744,1.185236821905945,1,2,2.979862347366744
773,1.9026185587108488,1.5380290986613594,0,2,3.9026185587108486
774,-0.016698388017014752,1.2488019136852946,1,2,1.9833016119829852
775,-2.8229693192978056,-3.013505825570012,0,3,0.1770306807021944
776,-1.3742750410610158,-1.866206603122651,0,3,1.6257249589389842
777,-0.4618654657432749,-0.6655232855180351,0,1,0.5381345342567251
778,0.0185313727266421,0.1263139296058654,0,1,1.018531372726642
779,1.3150437124691636,1.4893626230172408,1,2,3.315043712469164
780,0.263866603268821,-0.2435170451002873,0,0,0.263866603268821
781,-2.4563935313692906,-2.831464218059239,0,3,0.5436064686307094
782,0.5384456764342715,0.82830818831156,0,0,0.5384456764342715
783,1.2858209280743589,1.489080165120704,1,2,3.285820928074359
784,0.8100669370348175,1.1649080018533586,0,2,2.8100669370348177
785,2.2023502226124427,2.749482393483067,1,2,4.202350222612443
786,1.706442237452394,1.9215970812886332,1,2,3.7064422374523938
787,1.253651150839806,1.0877280999714571,1,0,1.253651150839806
788,-0.4533262016056499,-0.4073864183728832,0,1,0.5466737983943502
789,-3.4420993022027453,-2.7781404618317924,0,3,-0.4420993022027453
790,1.0237729235800006,2.1295525226941554,1,0,1.0237729235800006
791,0.4824388256056838,0.6676773719026277,1,0,0.4824388256056838
792,0.5792186846582476,0.7934403401827702,1,0,0.5792186846582476
793,-2.744724292232327,-2.4544409454333604,0,3,0.25527570776767305
794,-2.2802767504348105,-2.270759612107065,0,3,0.7197232495651895
795,2.3553139083104586,2.8208554692475083,1,2,4.355313908310459
796,-0.0894121464640956,0.3138059706290447,0,1,0.9105878535359044
797,1.4380733339741436,1.5798239128336702,1,2,3.4380733339741436
798,0.0335990865056265,-0.0936088758966197,0,0,0.0335990865056265
799,-0.1771048240584626,-0.7853833790093174,0,0,-0.1771048240584626
800,2.0633296971669948,2.356295116212695,1,2,4.063329697166995
801,-0.9314429795282484,-0.8462996534378069,1,3,2.0685570204717516
802,0.6533689213554046,0.3582618290937641,0,0,0.6533689213554046
803,-1.127666853340194,-1.5796349593380448,0,1,-0.1276668533401939
804,-0.704477870624535,-0.4399047308712344,0,1,0.29552212937546496
805,-0.880653040144679,-1.521147568791465,0,1,0.11934695985532096
806,0.4757368568020412,0.5955933317795632,0,0,0.4757368568020412
807,-0.7621959255143217,-0.4247757618467642,0,1,0.2378040744856783
808,2.097085227927744,2.3170423824943933,1,2,4.097085227927744
809,-1.8302010992873292,-1.9864970090307053,0,3,1.1697989007126708
810,-4.863852351312421,-0.986135028921208,0,1,-3.8638523513124214
811,-1.0198535762073742,-0.7850458802892981,0,1,-0.019853576207374157
812,2.9709982991593367,3.451207535940705,1,2,4.970998299159337
813,0.6172466943076683,0.388153352410452,1,0,0.6172466943076683
814,2.0370333358914388,2.2397966160085825,1,2,4.037033335891438
815,-2.93002346056194,-2.2974174130692164,0,3,0.06997653943806004
816,0.5569622823503673,0.6925011209270113,0,0,0.5569622823503673
817,1.7796222925181568,1.6208702345670418,1,2,3.779622292518157
818,-0.0533005489915728,0.3630408670336903,0,0,-0.0533005489915728
819,2.352649670475281,2.057625280812156,1,2,4.352649670475281
820,-0.9755378265689773,-1.4948146325901863,0,3,2.0244621734310226
821,2.8976711783716755,3.2225996548300677,1,2,4.8976711783716755
822,4.4364943214333845,4.27402941603996,0,2,6.4364943214333845
823,-0.8175212004771663,-0.94412960607864,0,1,0.18247879952283375
824,-0.9262318823436992,-1.1770081365641278,0,1,0.07376811765630076
825,2.5999440155456317,2.4108170573239978,1,2,4.599944015545631
826,2.821537426421889,3.382750797432635,1,2,4.821537426421889
827,-1.16586964043425,-0.5008701341207832,0,3,1.83413035956575
828,-0.7358694809032365,-0.0178780264453927,0,1,0.26413051909676355
829,-0.6941966957070026,-0.2581484472359975,0,1,0.3058033042929974
830,-2.8926620615866967,-2.7061535576774016,0,3,0.1073379384133033
831,-2.0002410236159305,-2.573155260389176,0,3,0.9997589763840695
832,-2.0993500181331983,-2.1743598992933384,0,3,0.9006499818668017
833,-1.6063669227722777,-0.7436651273228025,0,3,1.3936330772277223
834,0.363734515667749,0.1894858841666873,0,1,1.363734515667749
835,0.6793535907705052,1.2850113806794152,1,0,0.6793535907705052
836,3.3059558080844997,3.327970135696717,1,2,5.3059558080845
837,-1.7629920086229056,-2.834248962964164,0,3,1.2370079913770944
838,1.7688806230863576,2.0250748485539427,1,2,3.768880623086358
839,-0.6724506114484657,-0.1659487329771412,0,1,0.32754938855153426
840,-0.3203014776116772,-0.339899865067895,0,1,0.6796985223883227
841,1.6165402110007752,2.1097606127949406,1,2,3.616540211000775
842,-2.354882400901096,-3.0220134066679303,0,3,0.6451175990989042
843,0.5145482559202439,-0.0396774496395039,0,0,0.5145482559202439
844,0.2467051763821495,0.3286508996164246,0,0,0.2467051763821495
845,0.9371814216733728,1.1280273128003857,1,0,0.9371814216733728
846,0.6320199425545486,1.1746514899914602,0,0,0.6320199425545486
847,4.960790483964197,5.216360270663621,0,2,6.960790483964197
848,-1.4411160812773336,-1.9185677170233508,0,3,1.5588839187226664
849,-0.9248626315008932,-0.8396443826711387,0,3,2.0751373684991066
850,-1.3741197595995605,-1.1338287814843009,0,3,1.6258802404004395
851,-1.142209505661518,-1.8919031051403696,1,3,1.857790494338482
852,-1.1374194405123643,-1.1548728284075704,0,3,1.8625805594876357
853,2.2496687814262355,2.115435763850946,1,2,4.2496687814262355
854,2.7271382112634823,2.4652609817651845,1,2,4.727138211263482
855,-1.0231589775603265,-0.8236481568592573,0,3,1.9768410224396735
856,-1.8362577815294612,-2.296130392152631,0,3,1.1637422184705388
857,0.865872708051994,1.0326245128534537,1,0,0.865872708051994
858,-0.993297652953364,-0.7695012012698061,0,3,2.006702347046636
859,1.6766821237982166,2.110187447902606,1,2,3.6766821237982166
860,0.5269269426551487,0.0775592375381067,0,0,0.5269269426551487
861,-2.9369602773964614,-3.5390539647382804,0,3,0.06303972260353863
862,3.201170719394669,3.3127321623302737,1,2,5.2011707193946695
863,3.3771172913776337,3.262608797830553,1,2,5.377117291377633
864,-1.2024580332327908,-0.0413979282353023,0,3,1.7975419667672092
865,-0.7813564175392487,-0.5979570270420759,1,1,0.21864358246075133
866,0.6360476895243612,0.6593123742060338,1,0,0.6360476895243612
867,0.6922151904692242,0.6230840081986581,1,0,0.6922151904692242
868,1.3930284808290834,0.9058037426533038,1,2,3.3930284808290834
869,3.958115638552859,4.183668259734698,1,2,5.958115638552859
870,-0.3421726715137402,-0.3738306820220594,1,1,0.6578273284862598
871,-1.842160202288306,-1.87348567566008,0,3,1.157839797711694
872,-2.822619911629637,-2.784842581430175,0,3,0.1773800883703629
873,-1.1836933702485095,-1.0952083582816112,0,3,1.8163066297514905
874,-0.002492277821943,-0.6981945361889518,0,1,0.997507722178057
875,3.58493151955896,3.9197407221073326,1,2,5.58493151955896
876,-0.6559979428214735,-0.9945756927478426,0,3,2.3440020571785265
877,0.1754089076175811,0.1201960286301302,0,0,0.1754089076175811
878,-0.2547369032347481,0.2596250650313675,0,1,0.7452630967652518
879,2.7193288291514226,3.4311082660594683,1,2,4.719328829151422
880,5.06305703895703,4.382859263506473,1,2,7.06305703895703
881,-1.1102541530986,-1.0981562220287406,0,3,1.8897458469014
882,-1.2187197500555729,-1.1095544759891585,0,1,-0.21871975005557287
883,2.1778610074171465,1.574848996940568,1,2,4.177861007417146
884,1.4726749531581154,1.7937114989253813,1,2,3.4726749531581156
885,3.474515779305088,3.521020850270757,1,2,5.474515779305088
886,1.1398012535418425,1.2174650918198409,1,2,3.1398012535418425
887,-0.7856873479807323,-1.1527085153175065,1,1,0.21431265201926775
888,1.2325050906683728,1.397659748020912,1,2,3.232505090668373
889,1.993557112721687,2.3288466952776616,1,2,3.993557112721687
890,1.8913538532973595,1.942273006787733,1,2,3.8913538532973595
891,1.1977128185341164,0.992138458148895,1,2,3.197712818534116
892,2.0607142674317447,1.886286540213199,1,2,4.060714267431745
893,2.295307438563672,2.383465721414057,1,2,4.295307438563672
894,2.7370335520195312,2.756552503371783,1,2,4.737033552019531
895,1.1417580645779846,1.5036869122257426,0,2,3.1417580645779846
896,-0.4229220442807158,-0.6150253592903823,0,1,0.5770779557192842
897,0.2393732993317238,-0.2479789417646061,1,0,0.2393732993317238
898,2.735591607158139,2.8793460380863403,1,2,4.735591607158139
899,-1.4445476803083848,-1.635559621507866,0,3,1.5554523196916152
900,0.924277559213127,1.2377503388276738,1,0,0.924277559213127
901,-0.7126925020538433,-0.709677049870803,1,1,0.28730749794615673
902,-0.1659757559166119,0.0959495258293169,1,0,-0.1659757559166119
903,2.5486055042991214,2.142878685606806,1,2,4.548605504299122
904,0.5762958279624827,0.6336503332544111,1,0,0.5762958279624827
905,-0.15877982956116,-0.4384851125147265,0,0,-0.15877982956116
906,-2.592401640585185,-3.080551101815673,0,3,0.4075983594148149
907,1.9570289771069944,1.6125858258785886,1,2,3.9570289771069946
908,1.5033316914800972,1.2855408547697535,1,2,3.5033316914800974
909,4.609315273723318,5.10719308453286,1,2,6.609315273723318
910,-0.5718887198175695,-0.8002648796146332,0,1,0.4281112801824305
911,0.6318870450808759,0.1232709449695865,1,0,0.6318870450808759
912,0.3551967245507034,0.4077876935493709,0,0,0.3551967245507034
913,3.314079321995194,3.325751586266264,1,2,5.3140793219951945
914,-0.0597134379617515,-0.2565346427658307,0,1,0.9402865620382485
915,0.6160252863482111,0.5515359000097605,1,0,0.6160252863482111
916,1.4789945033767782,1.8694853377754064,1,2,3.478994503376778
917,0.2654612787432385,0.5337435849029091,1,0,0.2654612787432385
918,-0.9302787323957892,-0.6965866496462967,0,1,0.06972126760421082
919,0.4072723940682745,-0.0661991197398176,1,0,0.4072723940682745
920,1.941341305501664,3.095960530187793,1,2,3.941341305501664
921,-2.007644210062071,-1.5871433259523822,0,3,0.9923557899379292
922,-0.0778467342970174,0.1289646909793312,0,0,-0.0778467342970174
923,-1.1908507229927046,-1.6565754327515885,0,3,1.8091492770072954
924,2.399420731162878,2.778512776256521,0,2,4.399420731162878
925,-3.150552390348302,-3.351003794468033,0,3,-0.15055239034830192
926,-1.284718417002201,-1.3624267388565872,0,3,1.715281582997799
927,0.7075079442052042,0.0351962337814909,1,0,0.7075079442052042
928,3.268700000623164,2.77210676624696,1,2,5.268700000623165
929,-0.0219527263984634,0.1534658731323905,0,1,0.9780472736015366
930,-1.251506642842089,-0.849012772733893,0,3,1.748493357157911
931,3.5931062043556534,3.8670679722736674,1,2,5.593106204355653
932,-2.7646480595685583,-2.5043204608713787,0,3,0.2353519404314417
933,-4.54208139416317,-4.567987976947053,0,3,-1.5420813941631701
934,0.8920108549225655,0.7293280487760806,1,0,0.8920108549225655
935,-0.9793575202003668,-0.8637994627742095,0,3,2.0206424797996334
936,-1.9800532079160789,-1.6514898786759693,0,3,1.0199467920839211
937,1.588366980635081,1.5903118826085176,1,2,3.5883669806350813
938,0.2350088401689331,0.719109648134295,1,0,0.2350088401689331
939,-1.5103891265255542,-1.5964168320519574,0,3,1.4896108734744458
940,-2.67409825358746,-3.06620982770588,0,3,0.3259017464125402
941,2.1052203381267267,2.1010754413103263,1,2,4.105220338126727
942,1.7048371759347976,1.747226087238625,1,2,3.7048371759347978
943,0.1678836995544117,0.1350716726438479,0,1,1.1678836995544117
944,3.654677718543194,4.166939942896098,1,2,5.654677718543194
945,-2.496592549049271,-2.1744717567596554,0,3,0.5034074509507289
946,-3.5196581621798457,-4.09203455762853,0,3,-0.5196581621798457
947,-1.5066237720723712,-0.8928769663930568,0,3,1.4933762279276288
948,-0.1307867587408676,-1.2273535830725368,1,1,0.8692132412591325
949,0.7468039788565755,1.6072137279975744,0,0,0.7468039788565755
950,-0.3089110238041705,-0.4238332292269211,1,1,0.6910889761958294
951,0.7495918088269177,0.6737647141663176,1,0,0.7495918088269177
952,-2.6810478025691165,-2.705054298158573,0,3,0.31895219743088354
953,2.6953732964975408,2.8494554696336127,1,2,4.695373296497541
954,-0.1134768193708505,-0.1135820998775877,1,1,0.8865231806291495
955,2.3740018589442005,2.320643783409293,1,2,4.374001858944201
956,0.7638269452045252,1.2873942689469993,1,0,0.7638269452045252
957,0.7065868463862368,0.9328252782865768,1,0,0.7065868463862368
958,1.2696680862228251,0.8861465444745206,1,2,3.269668086222825
959,0.9805993134549122,1.2768688791892022,1,0,0.9805993134549122
960,1.071312238497052,1.280955039770388,1,2,3.071312238497052
961,2.5014408662048115,2.283331375972324,1,2,4.5014408662048115
962,0.5307415343152535,0.8475969048601181,0,0,0.5307415343152535
963,1.3711060081478463,1.3080769676586304,1,2,3.371106008147846
964,0.138358071752838,0.0496886829027977,1,1,1.138358071752838
965,2.9804602861118608,2.880895039138687,1,2,4.98046028611186
966,-1.4501108417563933,-2.421358064537353,0,3,1.5498891582436067
967,3.599839745743445,3.389160012569604,1,2,5.599839745743445
968,-0.0676392227611431,0.2176300740890973,0,1,0.9323607772388569
969,-3.007228266884438,-3.016192764045943,0,3,-0.007228266884438117
970,0.0736911901860532,-0.4403833817562467,0,0,0.0736911901860532
971,-1.2218253361878617,-0.8359728341110467,0,3,1.7781746638121383
972,1.8503417573858671,1.7309016935685089,1,2,3.850341757385867
973,-1.18449166469419,-1.6731218609587994,0,3,1.81550833530581
974,-0.589303247564799,0.2931017371036071,0,1,0.410696752435201
975,-3.8874361090933824,-4.308705146888485,0,3,-0.8874361090933824
976,-0.5697584852839274,-0.2179618807696433,0,1,0.43024151471607264
977,-5.027942876968744,-5.335668517310586,0,3,-2.027942876968744
978,-3.370342759645145,-3.316012025815616,0,3,-0.37034275964514496
979,1.1688375358587446,0.8079651505114743,1,2,3.168837535858745
980,1.482441254536301,0.9867195820268376,1,2,3.482441254536301
981,0.7501706562040388,0.9590516740726024,1,0,0.7501706562040388
982,-1.828764830207496,-1.6666486121537356,0,3,1.171235169792504
983,-0.0466445239598695,0.4112152537277563,0,1,0.9533554760401305
984,-0.2457997523849641,-0.2595525245033094,0,1,0.7542002476150359
985,-2.395274626070249,-1.5071339084196524,0,3,0.6047253739297509
986,2.932504199316764,3.039842866291578,1,2,4.932504199316764
987,1.3995281317589645,1.6262380042538491,1,2,3.3995281317589647
988,-0.6381176930620018,-1.1814893911048934,0,1,0.36188230693799817
989,-0.1003910481337563,-0.3460247741827686,0,0,-0.1003910481337563
990,0.7034906198592943,0.9113625000656852,0,0,0.7034906198592943
991,-4.045179593657111,-4.078870698622544,0,3,-1.045179593657111
992,-0.3619210142516939,-0.2868477602378395,1,1,0.6380789857483061
993,-1.6636955954254395,-1.990293097711117,0,3,1.3363044045745605
994,-1.7643971231870326,-1.715618333798384,0,3,1.2356028768129674
995,-0.3019801731670912,-0.2545618165303968,0,1,0.6980198268329088
996,3.19570406027012,2.723530052316024,1,2,5.1957040602701206
997,1.14062237775085,1.3976423156230862,1,2,3.1406223777508497
998,-1.0432048649624914,-1.723230843729679,0,3,1.9567951350375086
999,1.2740432534199535,1.347738485659027,1,2,3.2740432534199533
1000,2.66301192707456,3.36924900460476,0,2,4.66301192707456
1001,1.788167473214807,2.06038768834244,1,2,3.788167473214807
1002,-0.0002154723686803,0.2695042260461613,1,0,-0.0002154723686803
1003,-1.271789946021924,-1.630760616001398,0,3,1.728210053978076
1004,1.6358823335195625,2.3435071547807067,1,2,3.6358823335195627
1005,0.6327623394152583,1.1834495772561735,1,0,0.6327623394152583
1006,1.9905505396091476,1.6531145304509205,1,2,3.9905505396091474
1007,1.1140091888945616,0.9241038921686108,1,2,3.1140091888945616
1008,1.9295799881392932,2.4314424061099684,1,2,3.9295799881392934
1009,-0.9067514994524932,-0.1882925481257901,0,3,2.0932485005475066
1010,2.819175406870175,2.3133009928340598,1,2,4.819175406870174
1011,0.5654811967373301,0.1639968888474994,1,0,0.5654811967373301
1012,3.887362263606903,3.829847561038035,0,2,5.887362263606903
1013,-1.4715658317935458,-2.340003443570552,0,3,1.5284341682064542
1014,3.636525324731163,3.644143388814933,1,2,5.6365253247311635
1015,0.4041299350380745,0.8784273406500683,1,0,0.4041299350380745
1016,-1.5175745764683897,-2.0930293829626896,0,3,1.4824254235316103
1017,-0.8761080802835548,-0.8252652942935199,0,1,0.1238919197164452
1018,-0.7836560681869345,-1.0163643501850597,1,1,0.21634393181306555
1019,1.2072368624822754,1.8632152419838424,1,0,1.2072368624822754
1020,1.3546392685546509,1.1267225237014304,1,2,3.354639268554651
1021,-1.0265805226060445,-0.4189832875066112,0,3,1.9734194773939555
1022,0.223492156431989,-0.0154898718925018,1,1,1.223492156431989
1023,4.297498987248404,4.605969309382056,1,2,6.297498987248404
1024,3.608173839076426,3.7089520864215055,1,2,5.608173839076426
1025,1.168191398408479,1.1128823318027583,1,0,1.168191398408479
1026,0.1251066926952631,-0.1911047349263271,1,0,0.1251066926952631
1027,0.1890252191336658,0.3182633876608231,1,0,0.1890252191336658
1028,0.8861115538254101,0.7098974488314453,0,2,2.88611155382541
1029,-2.06221183554111,-2.3381183254643654,0,3,0.9377881644588899
1030,-0.3500684379342279,0.2390206586160601,1,1,0.6499315620657721
1031,-3.148041462241653,-2.9290293712443622,0,3,-0.14804146224165304
1032,0.8993192583542404,1.1567748391171215,1,0,0.8993192583542404
1033,1.186132060413034,1.029492652968129,1,2,3.1861320604130343
1034,-1.3617372383882662,-1.4361285772215882,0,1,-0.3617372383882662
1035,3.0489305069791186,2.949499840038674,1,2,5.048930506979119
1036,-2.512400300215473,-2.3775047352150818,0,3,0.4875996997845271
1037,-2.991335553857643,-2.734614173120641,0,3,0.00866444614235684
1038,0.572614908515529,0.5605143603909003,1,0,0.572614908515529
1039,2.491331887427277,2.1742738897550207,1,2,4.491331887427277
1040,3.392561223283956,3.696789406094576,1,2,5.3925612232839555
1041,-0.9611148835691724,-0.947753336285838,0,1,0.03888511643082759
1042,2.1055173042617725,1.52918275275338,1,2,4.105517304261772
1043,-0.0521399856198715,-0.9062578856517468,0,1,0.9478600143801285
1044,-0.510913351951319,-0.3917544817671296,0,1,0.48908664804868096
1045,1.7913595867225558,1.4595700671714742,1,2,3.791359586722556
1046,1.3948082240931992,1.5672330758517805,1,2,3.3948082240931994
1047,-3.110847101253601,-3.421094424799175,0,3,-0.1108471012536012
1048,3.044589086252748,3.0978633952507506,1,2,5.044589086252747
1049,2.8469322301646103,2.695571618979774,1,2,4.84693223016461
1050,-1.6055047394683477,-0.9047364153590256,0,3,1.3944952605316523
1051,0.9189810985538988,1.2991073616813569,0,0,0.9189810985538988
1052,0.8538574034329869,1.392776163508119,1,0,0.8538574034329869
1053,0.3021796990470226,0.311798806694649,0,0,0.3021796990470226
1054,-1.3215006732618395,-0.992556297615887,0,3,1.6784993267381605
1055,-1.2565384137815971,-1.2198783827411404,1,3,1.7434615862184029
1056,-0.0956231274278611,0.4922134195456293,0,1,0.904376872572139
1057,2.0090642817216477,1.9800394556191376,1,2,4.009064281721647
1058,1.1828078722273214,0.6238121360830039,1,2,3.1828078722273214
1059,-1.0291502903319774,-1.828598900433553,0,1,-0.029150290331977358
1060,1.5713616930003316,2.238686140826138,1,2,3.5713616930003313
1061,-0.016698388017014752,-5.457983666465196,0,3,2.983301611982985
1062,2.474646817083216,2.692349557099913,1,2,4.474646817083216
1063,-3.123090600262829,-2.5272314633461965,0,3,-0.12309060026282914
1064,-0.9978171479863728,-1.6585111254767548,0,1,0.0021828520136272234
1065,-2.249834560464897,-2.3932750465576205,0,3,0.750165439535103
1066,-2.644630010450655,-2.739057942296668,0,3,0.3553699895493452
1067,2.4084035119492317,2.705313605232037,1,2,4.408403511949231
1068,-0.892268648437059,-1.169324738477412,0,1,0.107731351562941
1069,0.6224985149141076,0.1419490175081915,0,0,0.6224985149141076
1070,-0.1820215954805392,-0.6661610558793821,0,1,0.8179784045194608
1071,0.7307914834094335,1.1905587139182416,1,0,0.7307914834094335
1072,0.3512160986018126,0.0542032610805655,1,0,0.3512160986018126
1073,-2.474143612057233,-2.6949506057859582,0,3,0.5258563879427669
1074,2.1760872784533074,2.429886538744469,1,2,4.176087278453307
1075,-1.0495923936177278,-1.3291705569116878,0,1,-0.049592393617727826
1076,-3.244530891058388,-3.926510260160645,0,3,-0.2445308910583881
1077,-1.0718933352576707,-1.7045738047476302,0,1,-0.07189333525767072
1078,3.073303098016753,3.0505801393305703,1,2,5.073303098016753
1079,1.4924848393213388,1.6914162114674274,1,2,3.492484839321339
1080,-0.3275716550224083,-0.4084697525625763,0,1,0.6724283449775916
1081,-0.9600439248555456,-0.787866843331918,0,1,0.03995607514445443
1082,-0.5885380785922648,-1.2336730889953191,0,1,0.4114619214077352
1083,4.466866908564439,3.848745492177196,1,2,6.466866908564439
1084,0.8836888563158685,1.785263222833565,1,0,0.8836888563158685
1085,0.8952180368804952,1.3883317457351674,0,0,0.8952180368804952
1086,1.8668701786713051,2.1744589354307124,1,2,3.866870178671305
1087,0.2012244803394862,-0.0626653879542893,1,0,0.2012244803394862
1088,-0.364074269857889,-0.4592767461500693,0,1,0.6359257301421111
1089,-0.0914702500149672,-0.0921411768684072,0,1,0.9085297499850328
1090,-0.2309725169237622,0.2947659285628473,0,1,0.7690274830762378
1091,-0.3022567745429534,-0.1411436679649167,0,1,0.6977432254570466
1092,0.963625201164156,1.1739907216792766,1,2,2.963625201164156
1093,-0.0922611971179086,-0.1593231711649086,0,0,-0.0922611971179086
1094,1.4425487859313504,1.7596148126673845,1,2,3.4425487859313506
1095,0.1583914879501822,0.2793205869226914,0,1,1.1583914879501822
1096,0.2918971190787749,0.309506212177047,1,0,0.2918971190787749
1097,-3.9353842881228647,-4.232617956997373,0,3,-0.9353842881228647
1098,1.7526314171447366,1.7072027203040836,1,2,3.7526314171447366
1099,0.5763438083447942,0.1445307268328118,1,0,0.5763438083447942
1100,2.277149739220897,2.2610941368261157,1,2,4.2771497392208975
1101,-0.016698388017014752,-0.019540719248506047,0,3,2.983301611982985
1102,3.7562292711772503,2.7944219173347253,1,2,5.756229271177251
1103,-0.4138871858897961,-0.5060230015299976,1,1,0.5861128141102039
1104,2.044722427120708,1.5743703452788709,1,2,4.044722427120708
1105,-2.1890646560865545,-1.9896089258798768,0,3,0.8109353439134455
1106,1.3381299421821564,1.5929938396025545,1,2,3.3381299421821566
1107,-2.1283201027061622,-2.2988560297722893,0,3,0.8716798972938378
1108,-1.2629110027923427,-1.0433021679435763,0,3,1.7370889972076573
1109,4.09075733999862,4.327184114532644,1,2,6.09075733999862
1110,-0.5206570194840309,-0.6125433552487382,0,1,0.47934298051596913
1111,0.8077056515369156,1.4214204416583789,1,0,0.8077056515369156
1112,1.6058739431032911,1.3158439683006904,1,2,3.6058739431032913
1113,1.0092034152677236,1.5977496965689904,1,0,1.0092034152677236
1114,0.2445970912065994,0.1545173195333172,1,0,0.2445970912065994
1115,0.754605831632643,0.4172752903422561,1,0,0.754605831632643
1116,4.895749569491176,4.755130179169423,1,2,6.895749569491176
1117,-0.0284705460493954,-0.4682262371411248,0,1,0.9715294539506046
1118,0.251574627305819,0.5653977742615002,1,0,0.251574627305819
1119,1.87672585652571,1.2356182652955994,1,2,3.87672585652571
1120,2.71168622409711,3.2675296456046405,1,2,4.71168622409711
1121,2.277263743200649,1.9029168625020652,1,2,4.277263743200649
1122,1.4173029317927666,1.7519642805311484,1,2,3.417302931792767
1123,-2.6075380875656062,-2.597847743141419,0,3,0.39246191243439377
1124,3.2109405206212567,3.319266633841095,1,2,5.210940520621257
1125,-2.3181306628338647,-2.55414801134481,0,3,0.6818693371661353
1126,0.699833944463633,0.840957144596886,1,0,0.699833944463633
1127,-2.0530425282371034,-1.9990528128167575,0,3,0.9469574717628966
1128,-0.0950485705703189,-0.67821299783805,0,1,0.9049514294296811
1129,0.4275765295333822,0.0425765283600789,1,0,0.4275765295333822
1130,0.7075835731395309,0.4912187287356083,1,0,0.7075835731395309
1131,0.636575669102937,0.3345770618523571,1,0,0.636575669102937
1132,3.0563259989321776,3.557450377085638,1,2,5.056325998932177
1133,0.852343080949306,0.8551487544883057,1,0,0.852343080949306
1134,-0.6987791645019364,-1.0102477035578892,0,1,0.30122083549806355
1135,1.8330674472296435,1.6367595176284278,1,2,3.8330674472296433
1136,2.1402658241406183,1.938480590721792,1,2,4.140265824140618
1137,-2.8218497206137303,-2.937069509415757,0,3,0.1781502793862697
1138,1.398391550185588,0.968259788297748,1,2,3.398391550185588
1139,1.1431357460570108,0.8175633018180832,1,2,3.143135746057011
1140,-0.6308631842415806,-0.3242204197758964,0,1,0.3691368157584194
1141,2.901991842921996,2.976129084268761,1,2,4.901991842921996
1142,-0.4230999945682621,-0.4840350131843422,0,1,0.5769000054317379
1143,0.0861197269939769,0.0871688539200168,1,0,0.0861197269939769
1144,-0.3008960308342549,-0.3191203334644191,0,1,0.699103969165745
1145,0.2547448597083654,0.1710924178157079,0,0,0.2547448597083654
1146,-2.426413226807697,-2.219571291324706,0,3,0.5735867731923028
1147,-2.9101313315920767,-2.732867337252906,0,3,0.08986866840792329
1148,2.8425112074564787,2.2138060181655925,1,2,4.842511207456479
1149,-1.7725628973730936,-1.8251877717367908,0,3,1.2274371026269064
1150,-1.9759437620049995,-2.578271521741305,0,3,1.0240562379950005
1151,-4.477705155558443,-4.22347427417616,0,3,-1.4777051555584428
1152,-1.3693218621440506,-1.062255239403937,0,3,1.6306781378559494
1153,-2.9278249404764867,-3.172136499533165,0,3,0.07217505952351333
1154,3.299446042549037,3.2527424604151505,1,2,5.299446042549037
1155,2.2307730284618983,1.386196909613,1,2,4.230773028461899
1156,-1.5957294643095403,-1.2066135386727297,0,3,1.4042705356904597
1157,4.380337257378141,4.664206753478702,1,2,6.380337257378141
1158,2.064040223274025,2.524074327969036,1,2,4.064040223274025
1159,-0.4072446231526976,0.1873730329821423,0,1,0.5927553768473024
1160,-5.297449392188932,-0.019540719248506047,0,3,-2.2974493921889323
1161,4.5481281976982935,4.903345878353671,1,2,6.5481281976982935
1162,-2.722518769063287,-2.130796991295903,0,3,0.2774812309367132
1163,-3.3112087720395533,-3.909039920451248,0,3,-0.3112087720395533
1164,1.549782450643863,1.4812979659055776,0,2,3.549782450643863
1165,4.9797228145403,4.8343620212485305,1,2,6.9797228145403
1166,3.072412907239165,3.4145976529157647,1,2,5.0724129072391655
1167,1.15115059033862,0.1935741638009879,1,2,3.15115059033862
1168,0.9832874726717192,1.709670551164597,1,2,2.9832874726717193
1169,1.6042056682877588,1.5591908426099217,1,2,3.604205668287759
1170,1.8718397931046489,2.238277553911507,1,2,3.871839793104649
1171,0.7443753561108634,0.720280461034227,1,0,0.7443753561108634
1172,0.336407531580618,0.5332575519724876,0,0,0.336407531580618
1173,-0.0539037390921696,-0.9824710425386296,1,1,0.9460962609078304
1174,-1.640156600171547,-1.794109549291831,0,3,1.359843399828453
1175,-0.6014643898647019,-0.2623599053272303,0,1,0.39853561013529815
1176,-3.401498175526474,-3.286005236840996,0,3,-0.40149817552647393
1177,-0.0867643903766109,-0.741500827467314,0,1,0.9132356096233891
1178,-1.675398435448454,-1.6508284778978088,0,3,1.324601564551546
1179,-1.9835110070729165,-2.3110079374175183,0,3,1.0164889929270835
1180,0.0759114311477487,-0.2862562693216264,0,0,0.0759114311477487
1181,2.8288035664694084,2.220525857142721,1,2,4.828803566469409
1182,1.9839858810382052,2.231466929801057,1,2,3.983985881038205
1183,-3.017229141217427,-2.572023363643173,0,3,-0.017229141217427024
1184,-2.105103025818159,-1.2570457721530208,0,3,0.8948969741818411
1185,2.464364219130104,1.8747448624329328,1,2,4.464364219130104
1186,-2.220391699542843,-1.9134428350522528,0,3,0.779608300457157
1187,-0.6659039893272592,-0.3326354411588959,0,1,0.33409601067274075
1188,1.146823214301419,0.9146213434142156,1,2,3.1468232143014188
1189,-1.5133282987344998,-1.8803596528982325,0,3,1.4866717012655002
1190,0.0435120421510856,-0.3907848862356865,0,0,0.0435120421510856
1191,-2.721216662965807,-2.932157960349893,0,3,0.2787833370341928
1192,-0.9872765532992888,-0.9062279149569088,1,3,2.0127234467007113
1193,0.6359914373075273,1.1800362415102523,1,0,0.6359914373075273
1194,-3.2529082379693977,-2.810772902765351,0,3,-0.25290823796939765
1195,0.994076056298142,0.3479092785906769,1,0,0.994076056298142
1196,0.0152280001925561,-0.3003092992476486,0,1,1.015228000192556
1197,1.3110676659616538,1.8309238156854424,1,2,3.311067665961654
1198,0.7061220459423956,0.4136849129043683,1,0,0.7061220459423956
1199,2.789681471948761,2.76691580658469,1,2,4.789681471948761
1200,0.3087955503714763,-0.3733200234741578,0,0,0.3087955503714763
1201,-0.8159888857932792,-0.3547755195881,0,1,0.18401111420672078
1202,0.342421117394425,-0.4226781649461302,1,0,0.342421117394425
1203,1.0976301856470685,0.4405059533324208,1,2,3.0976301856470685
1204,0.0975984441869507,0.5179252685216321,0,0,0.0975984441869507
1205,0.3205088065732132,1.0885334783998362,0,0,0.3205088065732132
1206,-1.1007601395425022,-1.2170045734324682,0,3,1.8992398604574978
1207,-1.6273124240285806,-1.6460575487737106,0,3,1.3726875759714194
1208,-2.803206313251273,-2.439894489338078,0,3,0.19679368674872721
1209,3.361414599684832,3.477193725563785,1,2,5.3614145996848315
1210,-2.5499207640797845,-2.69920803583045,0,3,0.4500792359202155
1211,-1.3053071536447505,-1.4994886021990277,0,3,1.6946928463552495
1212,-1.302926856829901,-1.9296460398238944,0,3,1.697073143170099
1213,1.7674234651666136,1.8606001740147016,1,2,3.7674234651666136
1214,-0.972567423528616,-1.0093341523564066,0,1,0.027432576471383974
1215,2.302475029232232,2.1273365575871592,1,2,4.302475029232232
1216,-1.1676813144477038,-1.5684072326726592,0,3,1.8323186855522962
1217,0.0099030400406177,-0.3503093012767546,0,0,0.0099030400406177
1218,-1.4332086761831146,-1.1858579079804348,0,3,1.5667913238168854
1219,4.394544253675685,4.747209713039304,1,2,6.394544253675685
1220,-2.111961621753021,-2.242808084269268,0,3,0.888038378246979
1221,0.579927583077863,0.4069357537793112,1,0,0.579927583077863
1222,0.855272677059616,0.5138134584139347,1,2,2.8552726770596157
1223,0.913670723204296,1.2883987406339994,1,0,0.913670723204296
1224,-0.1156446929477483,-0.1032463850853855,1,1,0.8843553070522517
1225,-0.0746970383641681,0.0724633533667377,0,1,0.9253029616358319
1226,-0.0449153527393878,0.0984726992979972,1,0,-0.0449153527393878
1227,-0.2766517881644479,-0.3997324363780226,0,1,0.7233482118355521
1228,1.8211909798338344,1.355046939896466,1,2,3.821190979833834
1229,4.257192710344828,3.8587394480704607,1,2,6.257192710344828
1230,-0.923905855779697,-0.4727516427207164,0,3,2.076094144220303
1231,-2.979112421411188,-3.2693861473514167,0,3,0.020887578588812072
1232,-0.3553273828188321,-0.5194723107181723,0,1,0.6446726171811679
1233,4.93861354861416,4.484857334465676,1,2,6.93861354861416
1234,-1.9053986405992709,-2.391825248169834,0,3,1.0946013594007291
1235,3.3075164692566554,2.9998504704451663,1,2,5.307516469256655
1236,3.5877022378492764,4.26306511154706,1,2,5.587702237849276
1237,-1.1441518346650423,-0.8809368781880706,1,3,1.8558481653349577
1238,0.8368165982577174,0.6261010496882682,1,2,2.8368165982577174
1239,3.4247821542054817,3.85793287202628,1,2,5.424782154205482
1240,-0.4211151311679798,-0.4820346804865584,0,1,0.5788848688320203
1241,-0.5364091850340424,0.0053268337626929,1,1,0.46359081496595755
1242,-1.259072681240831,-0.3743805410823457,0,3,1.740927318759169
1243,-1.9263813353690549,-1.5151166396625784,0,3,1.0736186646309451
1244,-0.974180340575004,-0.936359958485973,1,3,2.0258196594249958
1245,-2.5518473626695584,-2.2721234132630146,0,3,0.44815263733044164
1246,-0.1983230196811888,-0.192294531968304,1,0,-0.1983230196811888
1247,-1.4136627408628022,-2.1480620864528195,0,3,1.5863372591371978
1248,0.6273854382099553,0.3655352725251375,0,0,0.6273854382099553
1249,-3.110565002320209,-3.491201640581496,0,3,-0.11056500232020916
1250,0.550133812497424,0.2794173957650748,1,0,0.550133812497424
1251,1.8659336694162585,2.583402242472036,1,2,3.8659336694162585
1252,-3.881864084233318,-3.4330041870914543,0,3,-0.8818640842333179
1253,0.5944260363144457,0.7707799568911046,1,0,0.5944260363144457
1254,2.465156931207719,2.790094111388262,1,2,4.465156931207719
1255,-2.68962354378734,-3.4464689381496827,0,3,0.31037645621265986
1256,3.482322864962991,3.773596350198803,1,2,5.482322864962991
1257,0.7855913048555192,1.1614410313363863,0,0,0.7855913048555192
1258,-1.497165877993765,-2.3930647530686784,0,3,1.502834122006235
1259,-0.1181130523458988,0.1879816491658608,1,1,0.8818869476541011
1260,1.1247153649094943,0.5550859078426602,0,2,3.1247153649094943
1261,0.3309967951379351,-0.4570053474404777,1,0,0.3309967951379351
1262,1.1957300911577826,1.726257377901614,1,2,3.195730091157783
1263,-1.872629041917293,-2.2754486609622298,0,3,1.127370958082707
1264,0.491455278015955,0.2050765822622041,0,0,0.491455278015955
1265,-2.747281543071638,-2.3514397259687,0,3,0.25271845692836203
1266,-0.307772049954608,-0.4298673588555685,1,1,0.6922279500453921
1267,-1.8327589145768768,-1.9048250640685092,0,3,1.1672410854231232
1268,-1.5007044629481572,-1.581539225523329,0,3,1.4992955370518428
1269,2.573238619055715,2.712278127445629,1,2,4.573238619055715
1270,2.1092157182442097,2.018681951687939,0,2,4.10921571824421
1271,1.1401944045300274,1.1858448342736676,1,2,3.1401944045300274
1272,-1.790874067458366,-1.9922973176234484,0,3,1.209125932541634
1273,-0.444869803040183,-0.3041419670884382,0,1,0.555130196959817
1274,2.274075267073339,2.3996124798351657,0,2,4.274075267073339
1275,0.3976220260682491,1.156776361141922,1,0,0.3976220260682491
1276,4.662329093094424,4.509828713224944,1,2,6.662329093094424
1277,0.8649459138407625,0.7912797067187706,0,0,0.8649459138407625
1278,0.4115664978930841,0.5070962282679006,1,0,0.4115664978930841
1279,-0.3803043993079555,0.0054698584179324,0,1,0.6196956006920444
1280,0.3362058784948538,-0.1004281827760267,1,0,0.3362058784948538
1281,-0.3173574124039452,-0.2759268036939181,1,1,0.6826425875960548
1282,1.6246554687737844,0.6215250543517576,1,2,3.6246554687737844
1283,1.9600616418067425,1.851448875117784,1,2,3.9600616418067425
1284,-1.5476832051500875,-1.118592393110343,0,3,1.4523167948499125
1285,-2.599661386618333,-2.8901183611572603,0,3,0.4003386133816669
1286,-3.691132550879866,-3.620397504765741,0,3,-0.6911325508798658
1287,1.0178280524241812,0.8062658226707402,1,2,3.017828052424181
1288,-2.324072130100122,-2.667833009193595,0,3,0.6759278698998781
1289,-4.456014629829742,-4.067420230522501,0,3,-1.4560146298297418
1290,0.5774431317654403,0.1593396558271787,1,0,0.5774431317654403
1291,4.707602377506166,4.824788495051403,1,2,6.707602377506166
1292,-0.1880852953566979,-0.0647446470502343,0,1,0.8119147046433021
1293,1.6421281420098983,1.301408335194449,1,2,3.6421281420098985
1294,0.1842822335842574,0.2465563363673088,0,0,0.1842822335842574
1295,-0.2520386190118134,-0.6260177539990044,0,1,0.7479613809881867
1296,1.3670122679500656,1.5757290179137289,1,2,3.3670122679500656
1297,-0.2656318168248342,-0.7916101026819917,0,1,0.7343681831751658
1298,0.7520806527218823,0.6162384514451459,0,0,0.7520806527218823
1299,0.732547582635453,0.6314389187722931,0,0,0.732547582635453
1300,-0.954682772775444,-0.5095006374911759,0,3,2.045317227224556
1301,1.7886118755763034,1.8446291042610603,1,2,3.7886118755763034
1302,0.0276055107343836,0.4096109067792074,0,1,1.0276055107343836
1303,-1.704533134335799,-1.4826567149398475,0,3,1.295466865664201
1304,1.1207672721990785,1.3400884725573818,1,2,3.1207672721990782
1305,-2.0517034286089157,-2.1844767047009426,0,3,0.9482965713910843
1306,0.5930113384712985,0.4676634872570845,1,0,0.5930113384712985
1307,0.0589953063112706,-0.0834728574095304,1,1,1.0589953063112707
1308,2.140853065436245,1.448922873464202,1,2,4.140853065436245
1309,1.0921719545779331,1.006257087191176,1,0,1.0921719545779331
1310,-0.0302510275928363,0.1511395342647908,1,1,0.9697489724071637
1311,1.5310496527250723,0.888399365239947,1,2,3.5310496527250725
1312,2.667052434474159,2.3130114909860047,1,2,4.667052434474159
1313,1.2778033672268638,0.7855679911559215,1,2,3.2778033672268636
1314,-0.1100431662746322,0.2046436756089532,0,0,-0.1100431662746322
1315,-2.440591870603332,-1.7714468157983334,0,3,0.559408129396668
1316,-1.885684967584359,-1.9695646292696456,0,3,1.114315032415641
1317,-0.9441921811785612,-0.7315800359512575,0,1,0.055807818821438815
1318,-0.9924391268583592,-0.79023138049847,0,3,2.0075608731416406
1319,0.0381419337180478,0.6596607122940323,0,1,1.0381419337180477
1320,0.1637006020346,-0.0973205595464427,0,0,0.1637006020346
1321,1.179202345772426,1.0912507598690964,1,2,3.179202345772426
1322,0.0664035087556493,-0.069903951013974,1,1,1.0664035087556494
1323,0.9179068246165992,0.9480537206327044,1,0,0.9179068246165992
1324,0.1654048743278144,1.167131595174538,1,0,0.1654048743278144
1325,-4.213773038632365,-4.201448592553439,0,3,-1.2137730386323646
1326,-1.8509437819314185,-2.1928280429742424,0,3,1.1490562180685815
1327,-0.1885527123143226,-0.6503516030715704,1,1,0.8114472876856774
1328,-2.316156881096921,-1.8150988781717023,0,3,0.6838431189030789
1329,1.412942404711925,1.0692406031206934,1,2,3.412942404711925
1330,2.9065412290602888,3.171976012739927,1,2,4.906541229060289
1331,2.331002352059934,2.0591258203564826,1,2,4.331002352059934
1332,-0.0477842726621449,-0.5544613672954137,0,1,0.9522157273378551
1333,2.951386598947162,3.1934664390678904,1,2,4.9513865989471615
1334,0.3373416718666887,0.085043725161276,1,0,0.3373416718666887
1335,-0.6875739505811229,-0.5174036948855655,0,1,0.3124260494188771
1336,-1.391141492342884,-1.1914283160044663,0,3,1.608858507657116
1337,-0.2802335307978953,-0.0617274327929079,0,1,0.7197664692021046
1338,-0.8818939194665787,-0.9891533930438532,0,1,0.11810608053342131
1339,0.1153753400095894,0.3898487626114724,0,0,0.1153753400095894
1340,0.2309999066391788,-0.1380186247400542,0,0,0.2309999066391788
1341,-0.3942491600382778,-1.3758852604639311,1,0,-0.3942491600382778
1342,0.7436188464960634,1.0263757157441065,1,0,0.7436188464960634
1343,2.1876668300022173,2.253903031937205,1,2,4.187666830002217
1344,2.022593997068112,1.778562699462524,1,2,4.022593997068112
1345,-3.1044787848117816,-3.6929398896018,0,3,-0.10447878481178163
1346,-4.93028148268814,-0.019540719248506047,0,3,-1.93028148268814
1347,2.148336621092412,2.1690339603760007,1,2,4.148336621092412
1348,-2.5775223295733225,-1.9180079432813413,0,3,0.4224776704266775
1349,-0.4926084615573824,-0.5480314281297743,1,1,0.5073915384426175
1350,-2.3120031527776006,-2.456537307454219,0,3,0.6879968472223994
1351,-3.908957863188851,-3.918705000187188,0,3,-0.9089578631888511
1352,1.056169581905328,1.927851626668836,1,2,3.056169581905328
1353,1.346222626991927,1.6469843176531804,1,2,3.346222626991927
1354,-1.014155525223579,-1.387585625903735,0,3,1.985844474776421
1355,-4.667534106440925,-4.656292544880084,0,3,-1.6675341064409253
1356,-0.9925245693102036,-0.8595498048482273,1,3,2.007475430689796
1357,0.3853799810141597,-0.0371555656173782,1,0,0.3853799810141597
1358,-3.030069176131132,-2.726414527194108,0,3,-0.030069176131132025
1359,0.3912180246332022,0.0640945057754606,1,0,0.3912180246332022
1360,-0.0131482132939383,-0.6175265202299667,0,1,0.9868517867060617
1361,1.012420374080426,1.0428737956163374,0,2,3.012420374080426
1362,0.2882190853556935,0.2553567415595514,1,0,0.2882190853556935
1363,-2.194638049146989,-2.1950468100280665,0,3,0.805361950853011
1364,2.204161258791969,1.898303411726854,1,2,4.204161258791968
1365,-0.1878996177331977,-0.4379446648816142,1,1,0.8121003822668023
1366,-0.2577417251958289,0.1936369389518155,1,1,0.7422582748041711
1367,-1.758893597047941,-1.5824593510476412,0,3,1.241106402952059
1368,-1.1604572573142322,-1.5431556879451462,0,1,-0.16045725731423222
1369,-1.4166402512954546,-2.196919009063498,0,3,1.5833597487045454
1370,-0.5007461043276569,-0.866512665172541,0,1,0.49925389567234313
1371,3.378683645923998,3.4416032747880743,1,2,5.3786836459239975
1372,-2.677679633644632,-2.930452320986408,0,3,0.3223203663553682
1373,-3.3401927862537013,-3.6240528683244295,0,3,-0.3401927862537013
1374,2.9710218472014778,2.7353576716292127,1,2,4.971021847201477
1375,-0.3035760093997071,-0.3326590344942222,0,1,0.6964239906002929
1376,-1.146022830819136,-0.8321716656357965,0,3,1.853977169180864
1377,2.238108861986744,2.237941180408467,1,2,4.238108861986744
1378,-1.245593172234263,-1.2208183636272028,0,3,1.754406827765737
1379,3.622693072285152,3.532748926732024,1,2,5.622693072285152
1380,1.8256734542835449,1.625930721421649,1,2,3.825673454283545
1381,-0.7858450026415469,-0.428148654113575,0,1,0.21415499735845311
1382,4.130251695266964,4.427212522404643,1,2,6.130251695266964
1383,-1.1914322132535664,-0.3733202461871463,0,3,1.8085677867464336
1384,1.4171621162629755,1.6613878356186766,1,2,3.4171621162629755
1385,0.571518314028362,0.3721525853053766,1,0,0.571518314028362
1386,2.3575835472559787,1.9957230236119028,1,2,4.357583547255979
1387,3.040637746576514,3.421815850861161,1,2,5.040637746576515
1388,0.4263194527703159,0.1003246990462718,0,0,0.4263194527703159
1389,-1.3910204805172663,-1.067125805908438,0,3,1.6089795194827337
1390,0.4217120042479408,0.1177464066908952,1,0,0.4217120042479408
1391,-1.112086041004623,-0.9724226874897108,0,3,1.887913958995377
1392,4.244700399635079,3.8207999136885338,1,2,6.244700399635079
1393,0.2012136013041915,0.5131677430370241,1,0,0.2012136013041915
1394,-0.5871903938675743,-1.080659056071274,0,1,0.4128096061324257
1395,0.1974807695663766,0.3066637013690573,0,0,0.1974807695663766
1396,-2.7883037223126643,-2.867439696003469,0,3,0.21169627768733568
1397,-1.6435188048873324,-1.6027962299968284,0,3,1.3564811951126676
1398,2.346481807914909,2.1881602742502557,1,2,4.346481807914909
1399,-1.6877348903337897,-1.8554388692821864,0,3,1.3122651096662103
1400,-0.016698388017014752,-2.044570128316238,0,3,2.983301611982985
1401,1.057587826471701,0.6567324752357602,1,2,3.0575878264717007
1402,2.611082023200686,2.207873198534015,1,2,4.6110820232006855
1403,1.4407739057652855,1.2973541059099207,1,2,3.4407739057652855
1404,1.9077789093235744,1.7487908534359713,1,2,3.907778909323574
1405,-1.3045789480926804,-1.70673753361443,0,3,1.6954210519073196
1406,-2.8194632869834653,-2.4497774098175995,0,3,0.18053671301653473
1407,2.85266276759783,2.7188734002251884,1,2,4.85266276759783
1408,-0.4143601655759479,-0.5050250467743925,0,1,0.5856398344240521
1409,-0.4629336800067348,-0.9939450103945536,0,1,0.5370663199932653
1410,2.656973477034003,3.485627818878851,1,2,4.656973477034003
1411,1.148041697083651,2.118868655305616,1,2,3.148041697083651
1412,0.6976418698798958,0.3854824385181565,1,0,0.6976418698798958
1413,4.2244739345665,4.71490848703414,1,2,6.2244739345665
1414,-1.286319940393729,-1.3230452938887656,0,3,1.713680059606271
1415,1.8167475171575385,2.458255354282781,1,2,3.8167475171575385
1416,0.3685119263574881,0.5030051609176427,0,0,0.3685119263574881
1417,0.5806657282719145,0.6205705957788741,1,0,0.5806657282719145
1418,3.227917637352344,2.2282098215049118,1,2,5.227917637352344
1419,1.0175505834944174,0.6661081941237441,1,2,3.017550583494417
1420,1.2878498548484905,1.2960581226784675,1,2,3.2878498548484902
1421,2.224520225934236,2.3039867270158267,1,2,4.224520225934236
1422,-0.7272213620080786,-1.2131548475830325,0,1,0.27277863799192137
1423,-1.681075952469817,-1.9725845639403283,0,3,1.318924047530183
1424,-2.28050611330026,-2.059127306399932,0,3,0.7194938866997398
1425,-3.831330034724741,-4.384614326618085,0,3,-0.8313300347247412
1426,4.104373312973369,4.1578652024627845,1,2,6.104373312973369
1427,-2.3068151234796077,-1.811633710883985,0,3,0.6931848765203923
1428,-0.2212148930091296,-0.0670270413644013,0,1,0.7787851069908704
1429,-0.8036698049568016,-0.6694751076904109,0,1,0.19633019504319837
1430,0.5303142165317147,-0.2777463631393908,1,0,0.5303142165317147
1431,1.8370181748345005,1.5082530642673415,1,2,3.8370181748345003
1432,1.784051564903541,2.6057322983399573,1,2,3.784051564903541
1433,-1.1757266626684284,-1.415391429686801,0,3,1.8242733373315716
1434,-0.2840427189427936,0.2217477648760335,0,1,0.7159572810572064
1435,0.6010427351863675,0.3567063794438544,1,0,0.6010427351863675
1436,-0.8007147616242785,-0.9118429622280636,1,1,0.19928523837572154
1437,3.1448387749703928,3.3510735131118,1,2,5.144838774970393
1438,1.3052542341792526,1.3455314405768564,1,0,1.3052542341792526
1439,1.3378907451442017,1.4904957255446334,1,2,3.3378907451442017
1440,1.2621023345139586,0.9347462326231636,1,2,3.2621023345139584
1441,2.2386235623088124,1.7841154865213098,0,2,4.238623562308812
1442,0.3446400727437864,-0.009708573012414,0,0,0.3446400727437864
1443,-2.710288462176553,-2.9232157187614995,0,3,0.28971153782344716
1444,0.8967242039368952,0.8050116511139307,1,0,0.8967242039368952
1445,-0.016698388017014752,-0.8483409528696766,0,3,2.983301611982985
1446,-0.90252384047811,-0.8675872580680909,0,3,2.0974761595218903
1447,0.9625398042723944,1.1563786452758285,1,2,2.9625398042723945
1448,2.40849804629069,2.465138451322744,1,2,4.40849804629069
1449,-0.0026013728503037,-0.4487750742618141,0,0,-0.0026013728503037
1450,0.7087954072156465,0.7157032176179061,1,0,0.7087954072156465
1451,3.245785649829069,3.2980984939056834,1,2,5.2457856498290685
1452,0.6646371198288054,0.9686064083653284,1,0,0.6646371198288054
1453,5.440649346464312,5.013214118606926,1,2,7.440649346464312
1454,0.9332448217359716,0.1170804756766272,1,2,2.9332448217359715
1455,-3.6197000972903486,-3.549194571222149,0,3,-0.6197000972903486
1456,1.4002969405506465,1.541836941185999,1,2,3.4002969405506462
1457,1.2887940107010554,1.2170400881742365,1,0,1.2887940107010554
1458,2.4935254871239136,2.50473384741463,1,2,4.493525487123914
1459,1.6818877909711436,2.0333967424042654,1,2,3.6818877909711434
1460,-0.5302383669888695,-0.7137605975998731,0,1,0.4697616330111305
1461,-2.646526665811604,-2.757983002675036,0,3,0.3534733341883962
1462,-0.5553674209416908,-0.523752843096158,0,1,0.4446325790583092
1463,-1.8701787707079047,-2.358104642375642,0,3,1.1298212292920953
1464,-1.214626646441145,-1.2753855364602469,0,3,1.785373353558855
1465,1.0354011682969195,1.009903841363237,0,2,3.0354011682969197
1466,3.175940690155898,3.830757575884008,1,2,5.1759406901558975
1467,1.0210374589406277,0.9017911958892434,1,0,1.0210374589406277
1468,-2.147007399567736,-2.0670029035899486,0,3,0.8529926004322639
1469,1.0790646361153446,1.4465116782712415,1,0,1.0790646361153446
1470,2.498062764408168,2.1630688742839967,1,2,4.498062764408168
1471,-1.201017195482854,-0.6507210407323875,0,3,1.798982804517146
1472,-0.3674404714790171,0.338107621343894,0,1,0.6325595285209828
1473,-0.1612551114926242,-0.1728136265520943,0,0,-0.1612551114926242
1474,-1.4971974854779426,-1.7129679100616948,0,3,1.5028025145220574
1475,1.0618347891783584,1.7126825589345138,1,2,3.0618347891783584
1476,-0.4406804830506418,-0.1224281339433825,0,1,0.5593195169493582
1477,1.0696475390550175,1.102435220920552,1,0,1.0696475390550175
1478,-1.3948545472597829,-0.8241170194135018,0,3,1.6051454527402171
1479,-0.7962575730135247,-0.2678606975937969,0,1,0.20374242698647527
1480,1.6660541461144716,1.5315513645311825,1,2,3.6660541461144716
1481,-0.7948359676723307,-0.6953440263526707,0,1,0.20516403232766933
1482,3.186392865249273,3.417109860419656,1,2,5.186392865249273
1483,-0.6768380475054878,-0.6653460355503473,0,1,0.3231619524945122
1484,0.5632273161577847,0.0068790797960724,1,0,0.5632273161577847
1485,1.8795153745222288,1.50421157304293,1,2,3.879515374522229
1486,-2.885206557487085,-3.4285116716711763,0,3,0.1147934425129149
1487,-3.3291755082453323,-3.1320057870357307,0,3,-0.32917550824533226
1488,-3.2484592358256843,-3.722200162675182,0,3,-0.2484592358256843
1489,2.3704120910762327,2.447379319403205,1,2,4.370412091076233
1490,-1.305337593136979,-0.5725760626269161,0,3,1.694662406863021
1491,5.13339316386367,-0.019540719248506047,1,2,7.13339316386367
1492,-1.346073799736629,-2.0810404585102207,0,3,1.653926200263371
1493,0.2322541702910252,-0.2792264180173772,1,0,0.2322541702910252
1494,2.943068792690312,2.6324622230183685,1,2,4.943068792690312
1495,3.960064109851454,3.492454634163707,1,2,5.960064109851454
1496,3.825532263992,3.1640065130633066,1,2,5.825532263992001
1497,2.434173459593738,2.4298373237036417,1,2,4.4341734595937385
1498,2.2975857817558603,2.579626001522486,1,2,4.29758578175586
1499,1.2121521728657183,1.5937657883548737,1,2,3.2121521728657183
1500,1.86498638129354,1.675195912996016,0,2,3.86498638129354
1501,-0.8355717954816817,-0.9443332756079184,0,3,2.1644282045183183
1502,-1.4808507573950431,-1.3385798593451412,0,3,1.5191492426049569
1503,0.008188253705473,-0.0352059710301866,0,1,1.008188253705473
1504,-0.3358691674007689,-0.0116264569624481,0,1,0.6641308325992311
1505,-0.7536961441818983,-0.5815501990480929,1,1,0.24630385581810166
1506,1.3144407730126242,1.1639190036070126,1,2,3.314440773012624
1507,1.5341062668475287,0.7914517421861513,1,2,3.5341062668475285
1508,0.2752145834042867,0.8748272255970841,1,0,0.2752145834042867
1509,2.7288464361235296,2.454413520345801,1,2,4.728846436123529
1510,-2.475806473905087,-2.332783015612983,0,3,0.5241935260949129
1511,-0.3872741289602786,-1.1539107964479176,0,1,0.6127258710397214
1512,-1.4526696167163038,-1.4571962500706257,0,3,1.5473303832836962
1513,-4.015488355409246,-3.975383571064367,0,3,-1.0154883554092464
1514,-0.1322630588587704,-0.0728222298397056,1,1,0.8677369411412296
1515,-0.0502670845943573,1.1552502284928412,0,1,0.9497329154056426
1516,2.8012311724311054,2.548783822913732,1,2,4.801231172431105
1517,1.516120035279307,1.844385726061984,1,2,3.516120035279307
1518,-2.3604078136843984,-2.151114832800648,0,3,0.6395921863156016
1519,4.131649961542568,3.860194364475533,0,2,6.131649961542568
1520,2.359815304954009,2.682083066226381,1,2,4.359815304954009
1521,1.19331880630261,1.127590431530289,1,2,3.19331880630261
1522,-0.8313749121967979,-0.4812776251661104,0,1,0.16862508780320207
1523,-1.9313056867408207,-1.1469206373721352,0,3,1.0686943132591793
1524,-0.6987171165984677,-0.6383975603448278,1,1,0.3012828834015323
1525,2.160264818588473,2.047814726961093,1,2,4.160264818588473
1526,3.6565563964587433,4.077178869982909,1,2,5.656556396458743
1527,2.897174152838815,3.455835419212552,1,2,4.897174152838815
1528,-0.751593519665086,-1.1048965354219058,0,1,0.24840648033491397
1529,-2.2330734395784324,-2.4142562753936625,0,3,0.7669265604215676
1530,0.5899229691257624,0.8600922778622672,0,0,0.5899229691257624
1531,-3.642175202084688,-3.694988006250576,0,3,-0.642175202084688
1532,0.5593764896951195,0.1776436845004047,1,0,0.5593764896951195
1533,-0.1320863236781047,0.0841916074800531,0,1,0.8679136763218953
1534,-1.2566679961371974,-0.9880721098544883,1,1,-0.2566679961371974
1535,-3.4320988065641758,-3.565853108922965,0,3,-0.43209880656417576
1536,1.2466972074100655,1.2712367135425604,1,2,3.2466972074100653
1537,-1.2997884651684617,-1.5304176927469093,0,3,1.7002115348315383
1538,-2.703643874481086,-3.1417388448458747,0,3,0.2963561255189142
1539,-5.37081898894868,-5.5696448315999545,0,3,-2.37081898894868
1540,-0.3337933396761136,-0.3042203996057509,0,1,0.6662066603238864
1541,3.581327073005122,2.991291384417403,1,2,5.581327073005122
1542,3.3363354676405943,3.1667302951397307,1,2,5.336335467640595
1543,-1.4763181764961604,-1.441186124259065,0,1,-0.4763181764961604
1544,-1.257887525357123,-0.780023561307176,0,3,1.742112474642877
1545,1.0272311620458694,0.9021942201256568,0,0,1.0272311620458694
1546,-1.925909002072811,-2.4242699421165,0,3,1.074090997927189
1547,0.7842879363996322,0.7004239313205406,1,0,0.7842879363996322
1548,1.4546622937882938,1.2280345721522576,1,2,3.454662293788294
1549,2.5963673361870474,2.8172387582099927,1,2,4.596367336187047
1550,-0.3381739665759199,-0.4733360971208116,1,1,0.6618260334240801
1551,-0.6894409836364868,-1.773667632268195,0,1,0.31055901636351324
1552,-2.0155108486493685,-0.5388610481702465,0,3,0.9844891513506315
1553,-1.946182799118803,-1.8892374824824312,0,3,1.053817200881197
1554,-0.2510405902248147,-0.215363986101383,0,1,0.7489594097751853
1555,0.4318163118206448,-0.1847476769781679,0,0,0.4318163118206448
1556,1.8819770205963595,1.2961493142117146,1,2,3.8819770205963593
1557,-1.6595427401751763,-1.6963223232443894,0,3,1.3404572598248237
1558,2.964847423228917,3.099315956153573,1,2,4.9648474232289175
1559,-0.2695257430451975,0.0113199126255033,1,1,0.7304742569548025
1560,-0.130420062139927,-0.0354449992126228,1,1,0.869579937860073
1561,-1.3721030459857102,-1.846479927252964,0,3,1.6278969540142898
1562,-4.840967850269661,-0.019540719248506047,0,3,-1.840967850269661
1563,1.7376870115955598,1.6975980718442778,1,2,3.73768701159556
1564,1.9336816190621613,1.7200917508185103,1,2,3.9336816190621615
1565,-0.8509234633795006,-1.3559521530244147,0,1,0.14907653662049936
1566,0.3918078015372328,0.723031091179483,0,0,0.3918078015372328
1567,1.1631597485061933,0.5329290488341979,1,2,3.1631597485061933
1568,-3.220996712699442,-2.974209176916809,0,3,-0.2209967126994421
1569,-0.7322416512042671,-1.2962968412112597,0,3,2.267758348795733
1570,1.2189073367659469,1.2725428109992794,1,2,3.218907336765947
1571,-2.612932177798313,-2.2393424489908647,0,3,0.3870678222016868
1572,0.3454194234794433,0.2102460972385336,1,0,0.3454194234794433
1573,-2.630746916272518,-1.9547789824697892,0,3,0.3692530837274819
1574,0.7102471446296171,1.477401674867019,1,0,0.7102471446296171
1575,0.0153298247532966,0.1101998247611588,1,1,1.0153298247532967
1576,-3.2675509149753297,-3.0509967667392206,0,3,-0.2675509149753297
1577,2.233607920383126,2.6578914669097333,1,2,4.233607920383125
1578,-1.3914537043894364,-1.1736831553952407,1,3,1.6085462956105636
1579,-1.6742291988163749,-1.4993319117769577,0,3,1.3257708011836251
1580,0.1834114258500779,-0.0262163352603571,0,0,0.1834114258500779
1581,2.857549296784426,2.182606826713341,1,2,4.857549296784426
1582,-2.129077074562623,-2.6851152398624136,0,3,0.8709229254373771
1583,-0.3201621163344597,0.632784827170148,0,0,-0.3201621163344597
1584,0.6892132627168681,0.8181968458388684,0,0,0.6892132627168681
1585,1.132755876851742,1.0344824842952094,1,2,3.132755876851742
1586,0.5181122337625534,1.0234431374097173,0,0,0.5181122337625534
1587,-0.6697251462483275,-0.9695083353930594,0,1,0.33027485375167254
1588,-1.5754378809393703,-1.3421945739740957,0,3,1.4245621190606297
1589,0.0982832729253006,0.1291600863493158,0,0,0.0982832729253006
1590,-2.200148073382598,-2.016137072941157,0,3,0.7998519266174018
1591,-0.016698388017014752,-0.019540719248506047,0,3,2.983301611982985
1592,0.8568809714882417,0.4710032485720895,1,0,0.8568809714882417
1593,1.9749363692453576,1.6457879399895008,1,2,3.9749363692453574
1594,-4.658649788582608,-4.972203469486726,0,3,-1.6586497885826077
1595,-1.9194388434957017,-1.920626968424564,0,3,1.0805611565042983
1596,1.338220303660236,0.7157662314706588,1,2,3.3382203036602363
1597,4.291879426899745,3.792907980890908,1,2,6.291879426899745
1598,0.0992174236588667,0.1534271426705475,0,0,0.0992174236588667
1599,-1.384236267922485,-1.4353062856880512,0,3,1.615763732077515
1600,-0.128031633971049,-0.0519390202683695,0,1,0.871968366028951
1601,2.616743654695747,2.598726240962504,1,2,4.616743654695747
1602,-1.463076874239372,-0.4554967914840866,0,3,1.536923125760628
1603,-1.8355683331378785,-1.7848729595415291,0,3,1.1644316668621215
1604,-0.9289041316400136,-1.080535991434924,0,1,0.07109586835998638
1605,-2.277403664761249,-2.236950950616645,0,3,0.7225963352387512
1606,0.3377714512015265,0.7457534682056585,0,0,0.3377714512015265
1607,3.2275182980390107,3.2076669422880246,1,2,5.22751829803901
1608,0.8730864861962695,1.1469778296507678,1,0,0.8730864861962695
1609,-0.6390904663455733,-0.4806720805846868,0,1,0.3609095336544267
1610,-0.6242861949145896,-0.7404524256516473,0,1,0.3757138050854104
1611,-2.9019409507346405,-2.85759063118186,0,3,0.09805904926535947
1612,2.0428466836499486,2.682415529326779,1,2,4.042846683649948
1613,-0.2917048671759681,-0.1944735491607823,0,1,0.7082951328240319
1614,-0.3246035806638193,-0.7190119903322474,0,1,0.6753964193361808
1615,-0.016698388017014752,-0.019540719248506047,1,2,1.9833016119829852
1616,0.6722364978556021,-0.17346240203752,1,0,0.6722364978556021
1617,-1.5560972320534932,-1.501137749352341,0,3,1.4439027679465068
1618,-0.5964385127863596,-0.071613575273234,1,1,0.4035614872136404
1619,1.9189507216692008,1.3823884144156589,1,2,3.9189507216692006
1620,0.1423147741153121,0.2022078679185317,1,0,0.1423147741153121
1621,-2.786969810080144,-2.392797087732429,0,3,0.21303018991985612
1622,1.929902831540276,2.3663582848188693,0,2,3.929902831540276
1623,-1.065736364955035,-0.5538158960447028,0,3,1.934263635044965
1624,3.986240631075349,3.238939098537147,1,2,5.986240631075349
1625,2.102987806367852,2.304960188212576,1,2,4.102987806367852
1626,-0.6346695426113815,-1.2368956166492238,0,1,0.36533045738861847
1627,2.4192243747147346,2.0198915200857464,1,2,4.419224374714735
1628,0.321888497613174,0.6503374014565766,1,0,0.321888497613174
1629,2.067651845928637,2.130870694669284,1,2,4.067651845928637
1630,1.2124544559599433,1.5029888856556928,1,0,1.2124544559599433
1631,-1.6715592332769225,-2.043205875197602,0,3,1.3284407667230775
1632,-1.3534554189893484,-0.7640141749241978,0,3,1.6465445810106516
1633,1.7542033759104652,2.0295369494468853,1,2,3.754203375910465
1634,-0.607442736630241,-0.2517234889128571,0,1,0.39255726336975905
1635,-1.0303403720781772,-1.4624070825242317,0,1,-0.03034037207817719
1636,-2.0688720914214933,-1.600311595336446,0,3,0.9311279085785067
1637,0.6090489710395878,0.4825843403834265,1,0,0.6090489710395878
1638,4.032971371954959,3.788480863896803,1,2,6.032971371954959
1639,-2.140659711405942,-1.8904742953876772,0,3,0.859340288594058
1640,0.1031618295786571,0.3364465394938327,0,0,0.1031618295786571
1641,2.7043397837480656,2.3656122446451304,1,2,4.704339783748066
1642,0.0545739587876063,0.8770943628646144,0,1,1.0545739587876064
1643,0.8631025409014745,1.5888427714573845,1,0,0.8631025409014745
1644,-2.282331542946863,-2.0403174866221554,0,3,0.7176684570531369
1645,0.9018726478639844,1.0740340169566598,1,0,0.9018726478639844
1646,0.0184220366996656,0.1503365272037841,1,1,1.0184220366996657
1647,2.0384921046667497,1.418493454259281,1,2,4.03849210466675
1648,2.302200977654781,2.3473239328233664,0,2,4.302200977654781
1649,4.873635012813487,4.9134516455717865,1,2,6.873635012813487
1650,1.115383882232737,0.8849792077373848,1,2,3.115383882232737
1651,0.6985782581819561,0.5748385893813224,1,0,0.6985782581819561
1652,0.311252424903558,-0.6412645329826312,0,0,0.311252424903558
1653,-1.0394095132695766,-1.4783186853195731,0,1,-0.039409513269576646
1654,0.5068546090226955,0.8755851256256115,1,0,0.5068546090226955
1655,-0.2998951281005073,0.3925836325552371,0,1,0.7001048718994927
1656,0.6237221532853208,0.2463698791670123,0,0,0.6237221532853208
1657,2.457867237375,2.5310066993653755,1,2,4.457867237375
1658,-1.8785337731193976,-1.439180841360471,0,3,1.1214662268806024
1659,2.044042565304056,1.8359565549461545,1,2,4.044042565304056
1660,2.915093391078721,3.185592661972567,1,2,4.915093391078721
1661,-0.1870898844033102,-0.2006057626353742,1,1,0.8129101155966898
1662,-4.0537814982938825,-3.577620702923743,0,3,-1.0537814982938825
1663,-1.5586626436253728,-2.071642939492822,1,3,1.4413373563746272
1664,2.729516513507196,2.287685862000135,1,2,4.729516513507196
1665,-0.0472709373346649,0.0645447302424595,1,1,0.9527290626653351
1666,-1.828218650431653,-1.7897362104714785,0,3,1.171781349568347
1667,-0.8265762828368649,-0.849105841434197,0,3,2.173423717163135
1668,1.694396990904056,1.9247306549858487,1,2,3.694396990904056
1669,0.9733012085835756,0.6010413827604812,1,2,2.9733012085835755
1670,-0.3219249619034897,-0.8696992065520612,1,1,0.6780750380965104
1671,-0.7456797235104007,-0.9457229667218908,0,1,0.2543202764895993
1672,-0.9580732887931724,-1.113384712272412,0,1,0.04192671120682756
1673,-2.0288508152885423,-2.1423496877117065,0,3,0.9711491847114577
1674,2.935318495676407,3.442936780217958,1,2,4.935318495676407
1675,-0.7466991703352924,-0.4385322716156087,0,1,0.25330082966470757
1676,2.6548554508658686,2.86815139852804,1,2,4.654855450865869
1677,3.0781980637859894,3.1669979016377137,1,2,5.078198063785989
1678,1.8906682551113123,1.7169928728250905,1,2,3.8906682551113123
1679,-0.7022694378000809,-1.0438475005134589,1,1,0.2977305621999191
1680,0.6409648563285412,0.1621018880517327,1,0,0.6409648563285412
1681,-0.0293211579152766,-0.3071238981035468,1,1,0.9706788420847234
1682,-1.8433297960053596,-1.8604985913497547,0,3,1.1566702039946404
1683,0.8045446885608765,0.3425510084878098,1,0,0.8045446885608765
1684,-2.6735252565035053,-2.6057173534088616,0,3,0.32647474349649475
1685,2.2053192277601963,2.127543976865938,1,2,4.205319227760196
1686,-1.256883726415693,-1.415803091032974,0,1,-0.2568837264156929
1687,0.3503999673838245,0.8150131278684793,1,0,0.3503999673838245
1688,0.8088612438187704,-0.1753862050703221,1,0,0.8088612438187704
1689,-0.6188993893388601,-0.7723912074528321,1,1,0.38110061066113987
1690,1.0712508153114193,0.130275837059628,1,2,3.0712508153114193
1691,-0.7754624284082215,-0.6800373592364446,0,1,0.22453757159177845
1692,1.956304506605548,2.2611771398851186,1,2,3.956304506605548
1693,-2.709673573947255,-3.250116055632776,0,3,0.29032642605274495
1694,0.389702129902802,-0.0995209036537541,1,0,0.389702129902802
1695,3.662467089940981,2.983147157256798,0,2,5.66246708994098
1696,-1.7250677824260667,-1.6996109853407997,0,3,1.2749322175739333
1697,-0.9257486822622928,-1.0620639927439035,0,3,2.074251317737707
1698,1.132058857555575,1.0205969653989375,1,2,3.132058857555575
1699,-0.0577027603893642,-0.2048914161837168,0,0,-0.0577027603893642
1700,0.5896141460675616,0.2001745203203859,1,0,0.5896141460675616
1701,1.1009393246291914,1.553688934187606,1,0,1.1009393246291914
1702,1.1851463376902671,1.2940826097429183,0,2,3.1851463376902673
1703,2.4738393947624657,1.999973980051424,0,2,4.473839394762466
1704,0.937268766744198,0.6570500404111974,1,0,0.937268766744198
1705,-0.6238104093902442,-0.9726379191772344,1,1,0.37618959060975576
1706,1.3516003645597132,1.9139715259489376,1,2,3.3516003645597134
1707,3.620997225662613,3.90548493473576,1,2,5.620997225662613
1708,-0.3017844684476354,-0.3523802512166566,1,1,0.6982155315523646
1709,-2.0599772574277933,-1.3770887834462495,0,3,0.9400227425722067
1710,2.449113698620553,3.029931136700226,1,2,4.449113698620553
1711,0.1824400834590025,0.0901557258022945,0,1,1.1824400834590025
1712,-4.631576758675223,-4.795802887524747,0,3,-1.631576758675223
1713,1.3102000970588927,1.1652545146999531,1,2,3.3102000970588925
1714,-1.1196908562781227,-1.500789494665695,0,3,1.8803091437218773
1715,-0.484749704374058,0.208840075012807,0,1,0.5152502956259419
1716,0.6732029818722125,0.2706379806486615,1,0,0.6732029818722125
1717,0.5307865823193182,0.8781083084902941,0,0,0.5307865823193182
1718,1.717732013731444,1.993949266094976,1,2,3.7177320137314442
1719,-0.8306938293966305,-0.9526402206860568,0,1,0.1693061706033695
1720,0.9875805513822496,1.7115985928480295,1,2,2.9875805513822495
1721,-0.9147703384824512,-1.5384088669150626,1,1,0.08522966151754885
1722,1.4828579916121658,1.4509814712206095,1,2,3.482857991612166
1723,1.2449924201359992,1.0493763541597974,1,2,3.244992420135999
1724,-1.7430860412466416,-1.3588487811383003,0,3,1.2569139587533584
1725,2.0302666120442465,2.171692957794314,1,2,4.0302666120442465
1726,-1.158937410275268,-1.849855481741865,0,3,1.841062589724732
1727,1.3205151455014534,1.8163069230000344,1,2,3.3205151455014534
1728,0.2763160654258682,0.4705007545956953,1,0,0.2763160654258682
1729,3.4546679354308885,3.040471190645716,1,2,5.454667935430889
1730,-0.7609971275943076,-0.9008687695088646,0,1,0.2390028724056924
1731,-0.6312911331522727,-1.1512450991411056,0,1,0.3687088668477273
1732,-0.1424660231088367,-0.2108012333554287,0,1,0.8575339768911633
1733,-0.7140069916835087,-0.6539598047395795,1,1,0.2859930083164913
1734,1.4030011946490577,1.2691423311954784,1,2,3.4030011946490575
1735,-3.8791343033756633,-4.059320103324804,0,3,-0.8791343033756633
1736,-1.8057026885431984,-2.4507988361636697,0,3,1.1942973114568016
1737,-2.335659947713744,-2.2007633631124603,0,3,0.6643400522862559
1738,1.81813116997717,1.048349331231989,1,2,3.8181311699771703
1739,3.1302483121059885,3.142680119400893,1,2,5.130248312105989
1740,-0.0145123683868161,-0.7341746979998007,0,1,0.9854876316131839
1741,-0.3089576589725563,-0.2887557027780417,0,1,0.6910423410274438
1742,-0.0251687308268109,-0.0276163326619104,0,0,-0.0251687308268109
1743,2.245310682947576,2.4066486700189924,1,2,4.245310682947576
1744,-1.519070283956174,-1.1741559972355369,0,3,1.480929716043826
1745,0.4621440790933146,0.8811794479936899,1,0,0.4621440790933146
1746,1.9140485520416783,1.2700315122913062,1,2,3.9140485520416783
1747,0.8139120426518374,0.7906296213986053,0,2,2.8139120426518374
1748,0.0002470031030261,0.8046233569270478,1,0,0.0002470031030261
1749,1.9700844504184132,2.017724677817496,1,2,3.970084450418413
1750,-5.341367563533551,-0.019540719248506047,0,3,-2.3413675635335514
1751,1.5756675319273492,1.5437870813516148,1,2,3.5756675319273494
1752,-1.7578506731547787,-1.9113170492804032,0,3,1.2421493268452213
1753,-3.88628505911752,-4.356868321970381,0,3,-0.8862850591175202
1754,0.9062569809386714,1.2538986562214745,1,2,2.9062569809386716
1755,2.7466209206112757,2.9803619439214204,1,2,4.746620920611276
1756,-0.3039037675610682,-0.8377073964059194,0,1,0.6960962324389318
1757,1.881411357268424,1.844101523741663,1,2,3.8814113572684237
1758,3.30617572769128,3.0795902680184306,1,2,5.30617572769128
1759,2.449170285012273,1.808533279202286,1,2,4.449170285012273
1760,3.466757347189525,2.9008295641991304,0,2,5.4667573471895246
1761,1.5709454704836807,1.064561540963548,1,2,3.5709454704836805
1762,0.0869008249775697,0.0635289236004509,1,0,0.0869008249775697
1763,-2.883750025416554,-3.066931225497896,0,3,0.11624997458344621
1764,-0.1808417691455437,-0.564516953983909,0,1,0.8191582308544563
1765,-1.4999141195936216,-1.6566673314420022,0,3,1.5000858804063784
1766,3.738174080882069,4.03718806962026,1,2,5.738174080882069
1767,-0.0359826063210781,0.1066958325877441,1,1,0.9640173936789219
1768,0.4053613180633582,0.8061088411121193,1,0,0.4053613180633582
1769,1.5042524796235224,1.4129273337358228,1,2,3.5042524796235224
1770,0.3346978110916151,0.9757206873642728,1,0,0.3346978110916151
1771,3.7057706163609634,3.84500256984036,1,2,5.705770616360963
1772,-1.069567753432828,-1.2651347227693843,0,3,1.930432246567172
1773,0.6589535502035879,0.6961342740797356,1,0,0.6589535502035879
1774,-1.0861164232492084,-1.5853468042851353,0,3,1.9138835767507916
1775,-2.5967340747657706,-2.7192081292648784,0,3,0.40326592523422944
1776,-1.537984290626197,-1.3659945985355535,0,3,1.462015709373803
1777,-0.1355657740998525,0.1091020291395832,0,1,0.8644342259001475
1778,-0.7806153291578326,-0.9446802182903112,0,1,0.2193846708421674
1779,-1.3698644428734004,-0.2763082718643463,0,3,1.6301355571265996
1780,-3.061947320575553,-3.1308304178376685,0,3,-0.06194732057555319
1781,-0.4924246702963853,-1.1637822871536467,0,1,0.5075753297036147
1782,-3.1576732817889703,-2.672366404985571,0,3,-0.15767328178897033
1783,1.6816598385760355,1.9245107601159064,1,2,3.6816598385760355
1784,0.4809474600336004,0.5736229884157005,0,0,0.4809474600336004
1785,-0.016698388017014752,-2.917757832611032,0,3,2.983301611982985
1786,-0.4069326966768997,-0.2495940902663231,1,1,0.5930673033231003
1787,-1.5204759258138778,-0.8728694274148255,0,3,1.4795240741861222
1788,0.289932529297168,0.3705857042332264,1,0,0.289932529297168
1789,2.589856775869748,2.0018433411453778,1,2,4.589856775869748
1790,-3.802097821665965,-5.183439454941071,0,3,-0.8020978216659649
1791,0.1306416609276978,0.284465485183052,0,0,0.1306416609276978
1792,-0.3093266180583555,-0.7036920345623987,1,1,0.6906733819416445
1793,1.4309641048795214,1.3910790179211998,1,2,3.4309641048795214
1794,0.5969962941240778,0.2733652449187181,1,0,0.5969962941240778
1795,-1.559562636350905,-1.911926230029544,0,3,1.440437363649095
1796,-1.018859752462155,-1.324969405776662,0,1,-0.01885975246215499
1797,-1.688627257465205,-1.9585774014318316,0,3,1.311372742534795
1798,2.160756356595593,2.4712507519887272,1,2,4.160756356595593
1799,0.2871848817705661,0.5166423990252,1,0,0.2871848817705661
1800,3.688819803069194,3.2056242739447245,1,2,5.688819803069194
1801,-0.0188129019493611,-0.4475067924961646,0,1,0.9811870980506389
1802,-1.358795953893839,-1.20714719210609,0,3,1.641204046106161
1803,-3.0186486786009765,-2.597647732426768,0,3,-0.01864867860097652
1804,-3.420172688646972,-3.0053161446813217,0,3,-0.4201726886469719
1805,-3.300440125361496,-3.701603661673588,0,3,-0.3004401253614959
1806,0.4192160120942635,0.8149405848543535,1,0,0.4192160120942635
1807,1.015069881841022,0.304562028113482,1,2,3.015069881841022
1808,-3.2904107050830067,-3.3715644718870226,0,3,-0.2904107050830067
1809,1.8916790863631507,2.086489663406612,1,2,3.8916790863631507
1810,-1.1087605642401055,-1.940282569456766,0,1,-0.1087605642401055
1811,0.3388468655201256,1.1759896351543104,1,0,0.3388468655201256
1812,3.2044067027534973,3.735084775944144,1,2,5.204406702753497
1813,1.8366638246864049,2.0954654136306403,1,2,3.836663824686405
1814,-0.6290095748242724,-1.0150208578502409,0,1,0.37099042517572756
1815,-1.85020210973594,-1.877443559566793,0,3,1.14979789026406
1816,-4.2844289490592,-3.968260881153992,0,3,-1.2844289490592002
1817,-1.3978917372525776,-1.8469563640525035,0,3,1.6021082627474224
1818,-0.4231008607336201,-0.495290553228827,0,1,0.5768991392663799
1819,-1.6332865829997512,-1.2691330430753582,0,3,1.3667134170002488
1820,-0.4606613179328663,-1.0584993186420864,0,1,0.5393386820671338
1821,0.1408630069269937,0.2738328913351757,1,0,0.1408630069269937
1822,-0.764437768039554,-1.4663456198880265,0,1,0.235562231960446
1823,-1.2255888659134422,-1.6031275681449035,0,3,1.7744111340865578
1824,0.1142600366580925,-0.0875770056123452,0,0,0.1142600366580925
1825,0.8282192479635029,1.0336414930510145,1,0,0.8282192479635029
1826,-2.255211019951957,-2.5355266609544387,0,3,0.744788980048043
1827,2.878042984812774,2.928262341344434,1,2,4.878042984812774
1828,-0.3077344480775594,-0.5826257032008526,1,1,0.6922655519224405
1829,-0.0813618936491011,-0.293608602495162,0,0,-0.0813618936491011
1830,1.703600139330294,2.203864742444753,1,2,3.7036001393302938
1831,0.5233456206219086,0.0632543493250131,1,0,0.5233456206219086
1832,1.7940630974220366,2.0977246870009107,1,2,3.7940630974220366
1833,0.5240815960414023,0.5236560418514095,1,0,0.5240815960414023
1834,-0.8958037588267268,-1.126025234389923,1,3,2.1041962411732733
1835,0.6759740747619839,0.1889649417979367,1,0,0.6759740747619839
1836,-2.425307739271801,-2.8838022621114376,0,3,0.5746922607281988
1837,0.0801201815277677,-0.2153378283754109,1,0,0.0801201815277677
1838,-0.1762852774868371,-0.2363070403752939,1,1,0.8237147225131629
1839,-0.5351332590304239,-0.2937294045678633,0,1,0.46486674096957614
1840,-0.5130045925477101,-0.6331002965166551,1,1,0.48699540745228986
1841,-3.988538110384674,-4.081862451137561,0,3,-0.988538110384674
1842,-1.263313890354197,-1.296909979683119,0,3,1.736686109645803
1843,0.3040040059728489,0.4947150825483404,1,0,0.3040040059728489
1844,0.243465326540226,0.5013864542188302,0,0,0.243465326540226
1845,-2.096782619670724,-2.651568809899463,0,3,0.9032173803292758
1846,2.7854332867803806,2.672603402883056,1,2,4.78543328678038
1847,-1.473348266441318,-0.9823866595021492,0,3,1.526651733558682
1848,1.8824894124259264,1.3560414309379447,0,2,3.8824894124259264
1849,0.728216021606688,0.7579411777862716,1,0,0.728216021606688
1850,-1.4653406824223136,-1.533678283941026,0,3,1.5346593175776864
1851,3.689176939160672,3.462506703186027,1,2,5.689176939160673
1852,-2.4282151102174176,-1.7919020498000744,0,3,0.5717848897825824
1853,1.761009369155445,1.7757436927025947,1,2,3.761009369155445
1854,1.838431721058446,2.442889749836172,1,2,3.8384317210584458
1855,-1.4951736999555676,-1.4929228178578036,0,3,1.5048263000444324
1856,2.8489422384273064,3.033044594154399,0,2,4.848942238427306
1857,-0.763180682375358,-0.9940692859461502,0,1,0.23681931762464203
1858,0.7763609973173018,0.5499235271982004,1,0,0.7763609973173018
1859,0.4138747487794577,0.5776137608790018,0,0,0.4138747487794577
1860,-0.2985446717914541,-0.1274656887380176,0,1,0.7014553282085458
1861,1.3542209546914532,1.593415781328195,1,2,3.354220954691453
1862,1.584504253455953,1.7351755682377832,1,2,3.584504253455953
1863,-3.5627281350144737,-4.097296505816107,0,3,-0.5627281350144737
1864,2.598664365985012,2.2761168953000457,1,2,4.598664365985012
1865,-3.0306421963989707,-2.690665041939493,0,3,-0.0306421963989707
1866,2.1006320178413627,1.3172458716800275,1,2,4.100632017841363
1867,2.094478436826006,2.2115213334282475,1,2,4.094478436826006
1868,-2.32419684253971,-2.3689488821673828,0,3,0.6758031574602898
1869,-0.7026023387264159,-0.362769591737472,0,1,0.29739766127358414
1870,-1.9516706787731863,-1.7850222043448845,0,3,1.0483293212268137
1871,-0.3734584564272606,-0.6390505683106453,1,1,0.6265415435727394
1872,-0.4783260194605285,-0.762066034781194,0,1,0.5216739805394714
1873,1.6812686092060207,1.472155220007253,0,2,3.681268609206021
1874,2.9044303749107208,3.136455593858972,1,2,4.904430374910721
1875,2.4014495870347057,1.4805641152126077,1,2,4.401449587034706
1876,-0.9908922652956986,-0.927940487552874,0,3,2.009107734704301
1877,-0.2216965387083427,-0.5749103735992898,0,1,0.7783034612916573
1878,-3.6346211256690153,-3.5582870065461125,0,3,-0.6346211256690153
1879,-1.7888737697936608,-1.6510746551923132,0,3,1.2111262302063392
1880,1.7595467164692844,1.0946160832978094,1,2,3.759546716469284
1881,3.085407607820987,2.9946610370207343,1,2,5.085407607820986
1882,-2.5650411539469493,-2.5028130112268507,0,3,0.4349588460530507
1883,-1.1364079556948,-1.101227917584741,0,3,1.8635920443052
1884,0.1203234163156199,0.0714430350692339,1,1,1.12032341631562
1885,0.7765857091929209,0.2882307012673162,0,0,0.7765857091929209
1886,-1.7867716520768486,-2.2142228643354653,0,3,1.2132283479231514
1887,0.6791814891875829,0.1279625600860428,1,0,0.6791814891875829
1888,-0.6845143261385876,-0.4628960978026862,0,1,0.31548567386141235
1889,0.1004442453271707,0.0542159086045301,0,1,1.1004442453271708
1890,1.1091414643811983,1.0884401686641132,1,2,3.1091414643811985
1891,0.107511874732869,-0.5746855028050887,0,0,0.107511874732869
1892,-0.8787325374234254,-0.8921736563279076,0,1,0.12126746257657461
1893,-0.1143026712421387,0.1391521575509344,1,1,0.8856973287578613
1894,-0.2439392577118187,-0.9806750875415304,0,1,0.7560607422881813
1895,-0.6862610728764093,-0.9004235763743975,0,1,0.31373892712359075
1896,-0.819701335408104,-1.447840988026026,0,1,0.18029866459189603
1897,3.059737482044348,2.8916246521523927,1,2,5.059737482044348
1898,0.9864366605244088,0.6260399014960395,0,2,2.986436660524409
1899,-0.6658386426997035,-0.5134751092430623,0,1,0.3341613573002965
1900,1.2086061580655216,1.2763019834360785,1,2,3.2086061580655216
1901,-0.7743477046766363,-0.2577459424230185,0,1,0.22565229532336373
1902,2.0433664626936583,2.021735322973461,1,2,4.043366462693658
1903,0.8490244796751679,0.9844196005168772,1,0,0.8490244796751679
1904,-0.2311069917907366,-0.4541899844501277,0,1,0.7688930082092634
1905,0.5543923300653518,0.1131664695739202,0,0,0.5543923300653518
1906,-3.308718286246333,-2.9748133123702987,0,3,-0.30871828624633313
1907,-2.1862146523071773,-1.688912630888345,0,3,0.8137853476928227
1908,-2.4964544020752686,-2.214192122379967,0,3,0.5035455979247314
1909,0.1464978974997941,0.1989891467516071,1,0,0.1464978974997941
1910,3.450111463568569,3.060474041774458,1,2,5.450111463568569
1911,4.531319799420908,4.987971068791687,1,2,6.531319799420908
1912,0.9888317114736822,1.220635437728487,1,2,2.988831711473682
1913,1.1117146461324898,1.921666089864268,1,2,3.11171464613249
1914,-3.762174124626953,-4.223943704722916,0,3,-0.7621741246269531
1915,-1.0889331931180033,-0.7439065926190511,0,3,1.9110668068819967
1916,-1.5826515319547798,-1.3630089300048605,0,3,1.4173484680452202
1917,-1.3471084201501868,-1.483919300249409,0,3,1.6528915798498132
1918,-0.5410195863957221,0.0045143656855194,0,1,0.4589804136042779
1919,-1.0013184650127074,-0.8403804056428882,0,1,-0.0013184650127073816
1920,-3.633533558936537,-4.008290770321198,0,3,-0.633533558936537
1921,1.2234855061423415,1.1761498996325777,1,2,3.2234855061423415
1922,-1.8070234476586375,-2.1865669704998827,0,3,1.1929765523413625
1923,0.4265494940069926,0.2391432078527871,0,0,0.4265494940069926
1924,4.155239622917675,4.436770084333568,1,2,6.155239622917675
1925,-2.0561113454497923,-1.6604017273561058,0,3,0.9438886545502077
1926,-5.214828928828156,-5.12634399531241,0,3,-2.2148289288281564
1927,-0.6725903737678255,-0.9726203244036384,0,1,0.3274096262321745
1928,1.99278027582156,2.1454236439797025,1,2,3.99278027582156
1929,3.8749113169670135,4.164271172150069,1,2,5.8749113169670135
1930,-2.540502367266188,-3.3293470653620747,0,3,0.45949763273381183
1931,1.36355467496019,1.410146184972557,1,0,1.36355467496019
1932,-1.163815750696199,-1.2398916700559317,0,1,-0.16381575069619903
1933,-0.1913586052585538,0.190125896905275,0,1,0.8086413947414461
1934,5.3382559504144345,5.492531616359034,1,2,7.3382559504144345
1935,-3.220004766520674,-3.0262640859315595,0,3,-0.2200047665206739
1936,0.6448448220797146,0.4520804355273297,1,0,0.6448448220797146
1937,0.8557209409545408,0.8563816278075151,1,0,0.8557209409545408
1938,1.673094719562081,2.0505687074836363,1,2,3.673094719562081
1939,0.3279362293627039,0.3019843361745932,0,0,0.3279362293627039
1940,0.3927129021877319,0.4625807244803615,1,0,0.3927129021877319
1941,-0.992852124071402,-1.6072350434482283,0,1,0.007147875928598002
1942,0.6758342990686943,0.648418284537808,1,0,0.6758342990686943
1943,-0.755816847478511,-1.5606168347209548,0,1,0.24418315252148903
1944,1.4266982098224017,1.220240262079099,1,2,3.4266982098224017
1945,-0.4971874530142042,-0.4717812299234445,0,1,0.5028125469857958
1946,0.6252150957399134,0.9320274135337416,1,0,0.6252150957399134
1947,0.1001268718210494,-0.299537105559741,0,1,1.1001268718210495
1948,2.10100834126576,2.2504819986538007,1,2,4.10100834126576
1949,0.3438357362494629,0.9312330979943142,1,1,1.3438357362494628
1950,-3.684656337320006,-3.940953883606255,0,3,-0.6846563373200061
1951,2.729060489619984,2.110239320930921,1,2,4.729060489619984
1952,-1.6427065965489227,-1.5267706137260872,0,3,1.3572934034510773
1953,-1.244315112875853,-1.72111391549037,0,3,1.755684887124147
1954,-1.325431220370321,-1.653030649759729,0,3,1.674568779629679
1955,2.7185966879533527,3.087931464634347,1,2,4.718596687953353
1956,-4.702066050546302,-3.951306340395629,0,3,-1.7020660505463017
1957,-0.016698388017014752,-0.019540719248506047,1,2,1.9833016119829852
1958,2.1820366843377808,1.8870687883316155,1,2,4.182036684337781
1959,0.4731777120705936,0.2972301271070658,1,0,0.4731777120705936
1960,-0.7044492354910843,-0.923572456901255,0,1,0.2955507645089157
1961,0.3179808606973516,1.0912978662221655,1,0,0.3179808606973516
1962,0.8926266601889441,0.6803995283138295,0,2,2.8926266601889443
1963,1.3487629585379233,1.1936621927274718,1,2,3.3487629585379235
1964,1.1690767131354938,1.815547702405424,1,2,3.1690767131354938
1965,0.1451166041162618,0.3757871287319823,1,0,0.1451166041162618
1966,-0.2676277332938608,0.1267319598858369,1,1,0.7323722667061392
1967,-0.5077950423676034,-0.8702401915765601,0,1,0.4922049576323966
1968,-0.2677695595665628,-0.4798414328368572,1,1,0.7322304404334372
1969,2.362488614702108,1.9466012716305232,1,2,4.362488614702108
1970,1.2626243911293058,1.583129009543632,1,2,3.2626243911293056
1971,-0.016698388017014752,-5.427088072432314,0,3,2.983301611982985
1972,1.6779503180257742,1.4380405703531691,1,2,3.677950318025774
1973,0.4881115271355254,0.3424149979738149,1,0,0.4881115271355254
1974,-0.2310846855425066,-0.3592807115579698,1,1,0.7689153144574934
1975,-0.7273758110305748,-1.346265408341845,0,1,0.2726241889694252
1976,2.3987221153868705,2.129193284283009,1,2,4.398722115386871
1977,1.7774312044608538,2.086737690366294,1,2,3.7774312044608536
1978,-1.3279008862609984,-1.678068288039036,0,3,1.6720991137390016
1979,0.8905113153922724,0.9277040602742676,1,0,0.8905113153922724
1980,-2.4118091366156413,-2.935016726401304,0,3,0.5881908633843587
1981,-2.699301934110276,-2.756902298561823,0,3,0.30069806588972403
1982,-1.3346402800624737,-1.5599687418968766,0,3,1.6653597199375263
1983,1.8322229076738648,1.343554314160358,1,2,3.8322229076738648
1984,2.095093058802536,2.411247497264581,1,2,4.0950930588025365
1985,1.0652032496229495,1.403854194103357,1,2,3.0652032496229493
1986,1.7832420204849333,1.3954265355905433,0,2,3.7832420204849333
1987,0.9966151973172176,0.9101418116397268,1,2,2.9966151973172175
1988,-1.1579996258351295,-1.14027215260615,0,3,1.8420003741648705
1989,1.0248336040753507,0.2989288892242109,1,0,1.0248336040753507
1990,1.581349856676818,1.0225127661192053,1,2,3.581349856676818
1991,1.664337521222705,2.1788512957694173,1,2,3.6643375212227047
1992,2.258892145516852,1.832841386915824,1,2,4.258892145516851
1993,1.3320940105978838,1.835367253898562,1,2,3.332094010597884
1994,0.4403986770159033,-0.097766792737429,1,0,0.4403986770159033
1995,2.188582299906864,2.452113410763025,1,2,4.188582299906864
1996,0.0120078166727486,-0.1125134263313854,1,1,1.0120078166727486
1997,-1.5278966707395898,-1.5962031784013366,0,3,1.4721033292604102
1998,-0.167905927016351,0.5744684383972347,1,1,0.832094072983649
1999,-1.5467644009423849,-2.0484390546698577,0,3,1.4532355990576151
2000,-1.5859924874156186,-1.3480732089111902,0,3,1.4140075125843814
2001,-0.2024672609270408,0.0189286044960879,1,1,0.7975327390729592
2002,-1.362689207516994,-0.020859851850443,0,3,1.637310792483006
2003,-0.4648860645172918,-0.8957383926100462,0,1,0.5351139354827081
2004,-3.5703338289361137,-3.820727746337489,0,3,-0.5703338289361137
2005,0.3842095085062286,0.7105784228392502,0,0,0.3842095085062286
2006,-0.0909128429106806,-0.1710183865914259,1,0,-0.0909128429106806
2007,-1.781557532582741,-1.9667779152754408,0,3,1.218442467417259
2008,1.307312043542091,1.6903166388713573,1,2,3.3073120435420913
2009,1.859422116059353,1.7527947415378646,1,2,3.8594221160593527
2010,-3.173784203030125,-3.530527831182692,0,3,-0.1737842030301251
2011,-1.55130904853953,-1.2608249866347374,0,3,1.44869095146047
2012,-1.5650102455199506,-1.4148950423088065,0,3,1.4349897544800494
2013,-2.035145012812158,-2.1602836510545487,0,3,0.964854987187842
2014,1.8472734865737952,1.7031528790697863,1,2,3.847273486573795
2015,-0.3723486650968648,-0.73831130707309,0,1,0.6276513349031352
2016,-0.563918469478278,-0.2738797274321412,0,1,0.43608153052172205
2017,-4.157210579463348,-4.301253706365098,0,3,-1.1572105794633476
2018,1.0044534383402357,0.6965150769107675,1,2,3.004453438340236
2019,-2.216923951197076,-2.731146018073818,0,3,0.7830760488029238
2020,0.2307930021590179,0.3876547453225524,1,0,0.2307930021590179
2021,0.2299703074023898,0.0265371158371909,1,0,0.2299703074023898
2022,2.873945651819233,2.0688755262236045,1,2,4.873945651819232
2023,-2.4331445641916023,-2.914452080049221,0,3,0.5668554358083977
2024,-0.016698388017014752,-0.019540719248506047,0,3,2.983301611982985
2025,0.6873212686577415,0.6051062026908743,0,0,0.6873212686577415
2026,3.644366291446284,3.5469493912980234,1,2,5.644366291446284
2027,2.194528000289037,2.041425555662012,1,2,4.194528000289036
2028,0.4923526307589158,-0.0979888583356487,1,0,0.4923526307589158
2029,-0.9342929109215488,-1.2841123205811693,0,1,0.06570708907845124
2030,1.4935858235189896,1.96709661811263,1,2,3.4935858235189894
2031,-1.8323806320334524,-1.417889381292226,0,3,1.1676193679665476
2032,0.6191824854742661,0.8503631984118867,1,0,0.6191824854742661
2033,1.2090536838218116,1.404854725438079,1,2,3.2090536838218116
2034,1.944795474276669,2.306697837502866,1,2,3.944795474276669
2035,5.322330852798749,4.8740129578019085,1,2,7.322330852798749
2036,0.7620669798960387,0.7752383265988182,1,0,0.7620669798960387
2037,-0.9313326658062704,-1.3794395260650545,0,3,2.0686673341937296
2038,-0.0183638116653029,-0.4595295995714122,0,1,0.9816361883346971
2039,-3.686683642932712,-3.539457667833936,0,3,-0.6866836429327119
2040,-1.4906441204164942,-1.111943944762144,0,3,1.5093558795835058
2041,-1.0451733457017005,-1.1227129994707157,0,1,-0.04517334570170051
2042,-1.0931127761951591,-0.4335126033113584,0,3,1.9068872238048409
2043,0.5197139869696259,0.6044277177878405,0,0,0.5197139869696259
2044,-1.6456924522931764,-1.956406665259781,0,3,1.3543075477068236
2045,2.4139441856008337,1.979252764851365,1,2,4.413944185600833
2046,0.2914943973816325,0.6987469910555191,1,0,0.2914943973816325
2047,-0.1362043460846222,-0.0848206997886962,0,1,0.8637956539153778
2048,-0.6931040836369087,-0.4226851323691158,1,1,0.3068959163630913
2049,0.7446199399304574,-0.3185653642508392,1,0,0.7446199399304574
2050,1.9390652117312583,2.036934025470034,1,2,3.9390652117312586
2051,-2.0687413365842717,-2.273451011982766,0,3,0.9312586634157283
2052,-1.238803314938332,-1.796307129305078,0,3,1.761196685061668
2053,-0.6073400590853902,-0.6324129962647604,0,1,0.39265994091460976
2054,-2.5264512247746773,-2.089725811312895,0,3,0.4735487752253227
2055,-1.7875114729400066,-0.8810201583721191,0,3,1.2124885270599934
2056,-1.1203634214974525,-1.0235024585684482,0,1,-0.1203634214974525
2057,1.6135642183667331,1.3299055823821242,1,2,3.613564218366733
2058,0.4107369487641634,0.1029359261567766,1,0,0.4107369487641634
2059,0.5502446560968915,0.9354976009229712,1,0,0.5502446560968915
2060,1.4655556897061683,1.0668060420450114,1,2,3.4655556897061683
2061,-0.3992663567906571,-0.1502954049795519,0,1,0.6007336432093429
2062,0.4231272217574909,0.540599697741338,1,0,0.4231272217574909
2063,-0.0050199411825178,0.0682206155706338,0,1,0.9949800588174822
2064,0.784930718685485,0.157683282733168,0,0,0.784930718685485
2065,-1.2309320013959215,-1.3737152822864511,0,3,1.7690679986040785
2066,-4.937224189515503,-5.520487306058548,0,3,-1.9372241895155033
2067,-0.1779139439160288,-0.4132129044427351,0,1,0.8220860560839712
2068,3.140392673675531,3.507248138283736,1,2,5.140392673675532
2069,1.934152953995968,2.426576115338194,1,2,3.934152953995968
2070,1.7912865806873184,1.8768660404836728,1,2,3.791286580687318
2071,2.148496929215148,1.9203607242415532,1,2,4.148496929215148
2072,-0.0457100706098226,0.5895296623343447,0,0,-0.0457100706098226
2073,0.4092753048736842,0.1758390513712121,1,0,0.4092753048736842
2074,-1.366369295508859,-1.820643892232461,0,3,1.633630704491141
2075,-0.5931521708559478,-0.3145589836892344,1,1,0.40684782914405215
2076,1.1209574962950364,1.3040511133229191,0,2,3.1209574962950364
2077,2.19613958807875,1.9791092237084136,1,2,4.196139588078751
2078,-0.5142988776526133,-0.4742087858247863,1,1,0.4857011223473867
2079,-0.5879076278281772,-0.4110436322874679,1,1,0.4120923721718228
2080,0.1788534675499232,0.2603250039706497,0,0,0.1788534675499232
2081,1.5485170882238215,1.7320926702096535,1,2,3.5485170882238215
2082,-2.779719452116063,-2.9820053967400524,0,3,0.22028054788393714
2083,-4.678360187997444,-4.467862170301604,0,3,-1.678360187997444
2084,-0.8364055144851794,-0.8293823794518667,0,3,2.1635944855148206
2085,-2.4480384521006706,-2.636762660715212,0,3,0.5519615478993294
2086,-0.9721120412365511,-1.0704659461298611,0,3,2.027887958763449
2087,-0.3041255134500468,-0.343286247819814,1,1,0.6958744865499532
2088,-1.4958776619028296,-2.0740289967273413,0,1,-0.49587766190282956
2089,3.225882071400461,2.97121837277249,1,2,5.225882071400461
2090,0.7516903183961908,0.7776525246333051,0,0,0.7516903183961908
2091,0.6669133313953587,0.1265169172398177,1,0,0.6669133313953587
2092,1.2320590756326917,0.9840896109068594,1,2,3.2320590756326917
2093,-0.016698388017014752,-1.291122680135563,0,3,2.983301611982985
2094,1.958767787671288,1.50706444174281,1,2,3.958767787671288
2095,-0.0282127026094655,-0.1817382676696373,0,1,0.9717872973905345
2096,1.0795415656025986,0.7460546541911062,1,2,3.0795415656025984
2097,-2.1065007795862014,-2.153248781167536,0,3,0.8934992204137986
2098,-2.995202837917908,-3.3211701751719,0,3,0.004797162082092132
2099,1.5960454892854767,1.4987482399685037,1,2,3.5960454892854767
2100,0.8269926106892381,0.5395737966292808,1,0,0.8269926106892381
2101,-2.0023699871618708,-1.580318860613941,0,3,0.9976300128381292
2102,-1.9324915167285817,-1.899836701640763,0,3,1.0675084832714183
2103,2.2982129930348174,1.8970239302495293,1,2,4.298212993034817
2104,-2.243113854810445,-1.906795245277368,0,3,0.7568861451895552
2105,2.9103727754115845,2.527066128999539,1,2,4.9103727754115845
2106,-1.696837342273584,-2.322469417838245,0,3,1.303162657726416
2107,1.1681435511414986,1.1669265561683757,1,2,3.1681435511414984
2108,-0.6957981689594517,0.0671076007765399,1,1,0.3042018310405483
2109,0.9384712774516788,0.2074056258853236,1,2,2.938471277451679
2110,-1.2585514522657268,-1.7909466208933655,0,3,1.7414485477342732
2111,-0.1323607470385261,0.1686495182258116,1,1,0.8676392529614739
2112,0.0884110255874849,-0.1685175342572992,0,0,0.0884110255874849
2113,-2.080930591904857,-1.83615116500624,0,3,0.9190694080951429
2114,1.4583510203140448,1.123355457537266,1,2,3.458351020314045
2115,-0.9285847680103102,-0.8717998970466396,1,3,2.0714152319896897
2116,-0.3691009314473696,0.3286886387068258,0,1,0.6308990685526303
2117,-2.0037041492963845,-2.481540008105133,0,3,0.9962958507036155
2118,-4.906075495411288,-4.496571171356366,0,3,-1.9060754954112884
2119,-0.1879629978190048,0.0839197208338299,0,1,0.8120370021809952
2120,4.907905249051911,4.312207548612348,1,2,6.907905249051911
2121,1.5801309323780617,1.803691141874771,1,2,3.5801309323780615
2122,0.0929434595551185,0.1220659111001609,0,1,1.0929434595551184
2123,-0.4629281740562986,-0.4264905700908069,0,1,0.5370718259437014
2124,0.2570917999852823,0.3916988265659634,1,0,0.2570917999852823
2125,1.2741505056980815,1.1340041679317596,1,2,3.2741505056980813
2126,-2.565276410901236,-2.5372368273242767,0,3,0.43472358909876396
2127,2.011450755189403,2.1080317252055183,1,2,4.0114507551894025
2128,1.2905127220016728,1.5889358975558845,1,2,3.2905127220016728
2129,1.6315991894292532,1.0207347760780203,1,2,3.631599189429253
2130,0.5616896782652054,1.0780440368616473,1,0,0.5616896782652054
2131,0.1181847932095784,-0.3439313440141068,1,0,0.1181847932095784
2132,1.418231090152232,1.722882475810787,1,2,3.418231090152232
2133,1.4161578792199947,1.4479359189291068,1,2,3.4161578792199947
2134,-0.6720136837492701,-1.1844762208687492,0,1,0.32798631625072994
2135,-1.415845423910582,-1.2045872360289802,0,3,1.584154576089418
2136,0.0118415983943488,-0.3663210572837196,1,0,0.0118415983943488
2137,2.8616411986108097,3.2891594206738657,1,2,4.86164119861081
2138,-2.58580294457443,-2.870136879974928,0,3,0.41419705542557006
2139,-2.9716308449896656,-3.569625284031817,0,3,0.028369155010334435
2140,0.096433377228822,0.7099714192433402,0,0,0.096433377228822
2141,0.395907801842494,0.4684372703372575,0,0,0.395907801842494
2142,0.8162705435032819,0.4285035046548544,1,0,0.8162705435032819
2143,0.7571270805894966,0.4165383290881497,1,0,0.7571270805894966
2144,-0.2093719029817421,-0.9660961176650223,0,1,0.7906280970182579
2145,3.1593873871419715,3.8294683567770815,1,2,5.1593873871419715
2146,-3.3405612784523813,-3.343132003323961,0,3,-0.34056127845238127
2147,-1.5885038737251118,-1.3919631160596933,0,3,1.4114961262748882
2148,-0.4619837470082183,-0.1993454347689107,0,1,0.5380162529917817
2149,-3.1041962153015845,-3.23835263650786,0,3,-0.10419621530158452
2150,-0.3665057651713961,-0.2760139461251895,0,1,0.6334942348286039
2151,3.2410762885386992,3.878657325540877,1,2,5.241076288538699
2152,-0.2029759927393302,-0.2159524842910624,0,0,-0.2029759927393302
2153,-0.0340994122884364,0.3427411142793936,1,0,-0.0340994122884364
2154,-2.728037701752312,-3.5245364937645607,0,3,0.27196229824768814
2155,-1.0101631769563737,-0.560658924828688,0,3,1.9898368230436263
2156,-0.8309594463428348,-1.4397611655452245,0,1,0.1690405536571652
2157,-0.6692959649354776,-0.2655324353220773,0,1,0.3307040350645224
2158,2.694398461665228,2.850650949845736,1,2,4.694398461665228
2159,1.4765158970735022,1.4381476266439508,1,2,3.476515897073502
2160,-1.9579149828849365,-1.997750271368108,0,3,1.0420850171150635
2161,0.2985425561007721,0.1974501187578382,0,0,0.2985425561007721
2162,0.607929382706089,0.2796615749286636,1,0,0.607929382706089
2163,2.752220928862554,2.669830417410535,1,2,4.752220928862554
2164,3.614879695468638,4.498103326472274,1,2,5.6148796954686375
2165,-1.9924976643698808,-1.4715749800559887,0,3,1.0075023356301192
2166,-1.875812671537041,-2.2242139429460144,0,3,1.124187328462959
2167,-2.3225104110504446,-2.215435450119529,0,3,0.6774895889495554
2168,-4.896364554164848,-0.4512447901219121,0,1,-3.8963645541648484
2169,0.9101205242713468,0.8532031470674782,1,0,0.9101205242713468
2170,2.1535608017992294,1.7524497791442375,1,2,4.153560801799229
2171,-0.0850270979103858,0.0933320960122751,0,1,0.9149729020896142
2172,-0.8768580287126769,-0.5384293767468222,0,1,0.12314197128732307
2173,0.2385675974810859,-0.0949918765456261,1,0,0.2385675974810859
2174,-1.5380552175277766,-0.7558386506120937,0,3,1.4619447824722234
2175,4.28112788787055,4.889929187564772,1,2,6.28112788787055
2176,-3.162918739364422,-2.943652515783929,0,3,-0.16291873936442203
2177,0.5561657486866218,0.0634778676190964,1,0,0.5561657486866218
2178,3.974869040895826,4.1354324912896505,1,2,5.974869040895825
2179,0.0493336441638099,0.162124844789596,0,0,0.0493336441638099
2180,-1.055193890038509,-0.8499317795511102,0,1,-0.05519389003850894
2181,-0.8048208843894171,-0.1686351754735227,0,1,0.19517911561058288
2182,-0.2080027818096868,-0.278392403656335,0,1,0.7919972181903132
2183,2.667618055929632,3.486748687791929,1,2,4.667618055929632
2184,-4.516969301002436,-4.354367562604936,0,3,-1.5169693010024359
2185,2.858576812237687,2.742391541973181,1,2,4.858576812237687
2186,-2.6472411263544613,-1.6874902436718968,0,3,0.3527588736455387
2187,-0.4236120037607154,-0.0916552437526794,0,1,0.5763879962392846
2188,-0.6934059210327067,-0.8752994758156958,0,1,0.3065940789672933
2189,0.8318637471498616,0.8655503827284385,1,2,2.8318637471498613
2190,-3.228338712420622,-2.974245503678808,0,3,-0.22833871242062198
2191,0.8683231306138844,0.8079787198997477,1,0,0.8683231306138844
2192,3.992504905253994,4.046068052871974,1,2,5.992504905253994
2193,-2.849553517929212,-3.176434959394301,0,3,0.1504464820707878
2194,0.3101914808647882,-0.363886331458375,1,0,0.3101914808647882
2195,-1.1540353990518877,-1.111467669954003,0,3,1.8459646009481123
2196,0.4692041417165056,0.5252152706068606,1,0,0.4692041417165056
2197,0.3937545084375948,0.6046023450607366,1,0,0.3937545084375948
2198,-1.1862055930833268,-1.4166814759258055,0,3,1.8137944069166732
2199,0.9672781906101054,0.4310564727938394,1,0,0.9672781906101054
2200,3.7900630488480713,3.403933260949132,1,2,5.790063048848071
2201,-0.6721745324882844,-0.2499210297523545,0,1,0.3278254675117156
2202,1.306575703266161,1.0399311783831324,0,2,3.306575703266161
2203,-2.610761002220438,-2.787593396541943,0,3,0.38923899777956183
2204,-1.639760679549582,-1.7647261050820269,0,3,1.360239320450418
2205,0.9355132395354432,0.687802771820727,1,0,0.9355132395354432
2206,3.0582429913089597,2.780958660295826,1,2,5.05824299130896
2207,0.5933108983840945,0.2448614725305702,0,0,0.5933108983840945
2208,-0.5287476472528105,0.0315149825744693,0,1,0.47125235274718946
2209,0.3340307294415995,0.6060710027787715,1,1,1.3340307294415994
2210,-2.3017101296046123,-1.8025818203445167,0,3,0.6982898703953877
2211,1.1927394551551576,1.7724753577394927,1,2,3.1927394551551576
2212,1.899764294099912,0.9598123751267198,1,2,3.8997642940999118
2213,-0.7886772747447184,-0.6512954179334878,0,1,0.21132272525528162
2214,-0.8387667611795478,-1.0732382147388757,0,1,0.16123323882045215
2215,0.7541471314761787,1.2008709892175182,1,0,0.7541471314761787
2216,-0.6525439313136977,-0.9491324126107225,0,1,0.3474560686863023
2217,-0.1576969486266217,-0.5793568511721057,1,1,0.8423030513733782
2218,-0.016698388017014752,3.754201046367344,1,2,1.9833016119829852
2219,-0.5706703857239521,-0.691740350115473,1,1,0.4293296142760479
2220,-0.90129478330556,-0.5353166782942356,1,1,0.09870521669443999
2221,-1.3489823624111157,-1.246515475666591,0,3,1.6510176375888843
2222,1.473128312651957,0.9920690065974994,1,2,3.4731283126519568
2223,-0.6947645442718045,0.1662990918729519,0,1,0.30523545572819555
2224,-1.1266795647595078,-0.8668641089628806,0,3,1.8733204352404922
2225,2.0891429800255445,2.400107026328619,1,2,4.089142980025544
2226,3.3821693969245388,3.896180927863602,1,2,5.382169396924539
2227,-0.9004713047181465,-1.5565575401684584,0,3,2.0995286952818537
2228,-0.016698388017014752,-4.149855302990848,0,3,2.983301611982985
2229,2.016912651786599,2.346117194556308,1,2,4.016912651786599
2230,-1.3086652768025513,-1.632960608011142,0,3,1.6913347231974487
2231,1.463419120727749,1.3534137318257295,0,2,3.4634191207277487
2232,-3.901683805906284,-3.932780067038804,0,3,-0.9016838059062842
2233,1.7563946810582862,1.2454325256063192,1,2,3.7563946810582864
2234,-2.4411984020077555,-2.585525274861212,0,3,0.5588015979922445
2235,1.4978204508291768,1.8636217377699096,1,2,3.4978204508291766
2236,-0.2341594239979307,0.0576221319292058,0,0,-0.2341594239979307
2237,-1.89996489396656,-1.454759029179573,0,3,1.10003510603344
2238,-0.7813830765300656,-0.377432727013747,0,1,0.21861692346993444
2239,1.3984068381845844,1.560756408465618,1,2,3.3984068381845844
2240,0.1686227551432375,0.2992941544671175,0,0,0.1686227551432375
2241,1.3963975161388429,1.49772982018149,1,2,3.396397516138843
2242,3.8821506580546608,3.631331791153076,1,2,5.882150658054661
2243,-3.0830180420574647,-3.49499593154571,0,3,-0.08301804205746466
2244,3.493884656722357,3.218045718274397,1,2,5.493884656722357
2245,0.1928366470423634,0.0624249204193758,1,0,0.1928366470423634
2246,-1.754675443152746,-2.0170058210498567,0,3,1.245324556847254
2247,-2.679904178740959,-2.514371483347393,0,3,0.320095821259041
2248,-0.1307668228413471,-0.0500087364156466,0,1,0.8692331771586529
2249,1.7917553115316596,1.9154847110197468,1,2,3.7917553115316593
2250,0.0015726747025727,0.1421359010688845,0,1,1.0015726747025726
2251,3.0015922815652822,3.479857856679096,1,2,5.001592281565282
2252,-3.074243324792721,-3.0776724817475616,0,3,-0.07424332479272122
2253,0.1116967384227151,0.5150445119565596,0,1,1.1116967384227152
2254,-2.5657204555773694,-2.3590863123857027,0,3,0.4342795444226306
2255,0.8513639450697683,1.3032173597238026,1,0,0.8513639450697683
2256,1.227893903209854,1.8737458369644828,1,2,3.227893903209854
2257,-0.8404825349831172,-0.6098227029914891,1,1,0.1595174650168828
2258,-5.300348773005765,-5.2588414731369655,0,3,-2.300348773005765
2259,0.1852445562867334,0.2241676832640566,0,0,0.1852445562867334
2260,0.7628289030990592,0.5747624712743238,1,0,0.7628289030990592
2261,0.693848881064865,0.4923400224344425,1,0,0.693848881064865
2262,2.461967224674192,2.8228140899988063,1,2,4.461967224674192
2263,-2.415572651555089,-2.8010407685341114,0,3,0.584427348444911
2264,1.4236869669528416,2.069596021177732,1,2,3.4236869669528414
2265,2.6582579819971075,2.5975686808354994,1,2,4.6582579819971075
2266,-3.5009894686234686,-2.356158311374343,0,3,-0.5009894686234686
2267,0.8011013736837562,0.5238552029519092,1,0,0.8011013736837562
2268,-0.7894471710925839,-0.68937160310045,0,3,2.2105528289074163
2269,0.0842525562335435,-0.056487151865824,1,1,1.0842525562335434
2270,1.069380705640934,0.7521470690236252,1,0,1.069380705640934
2271,-1.0742975278822906,-0.6487773875308032,0,1,-0.0742975278822906
2272,-1.495112955355447,-1.937334633114569,0,3,1.504887044644553
2273,0.2249979646409961,-0.0454318381486977,0,0,0.2249979646409961
2274,-2.032838633794125,-1.7983107502281608,0,3,0.9671613662058749
2275,-2.016515197847233,-1.718530873467471,0,3,0.9834848021527671
2276,1.736603056763057,1.1798488882720486,1,2,3.736603056763057
2277,-2.295314088557613,-2.062643334471464,0,3,0.7046859114423869
2278,1.4178563137476607,1.4694162791141965,0,2,3.4178563137476607
2279,0.7291049354112074,0.3620155922665953,1,0,0.7291049354112074
2280,-3.024549232786002,-3.3401018469202235,0,3,-0.024549232786001962
2281,-1.4224382889131324,-2.235818860092493,0,3,1.5775617110868676
2282,2.3265756204625787,3.0135533915816097,1,2,4.326575620462579
2283,-2.031681040481012,-1.625512874490209,0,3,0.9683189595189878
2284,-1.057787696347643,-1.5734457004189304,0,1,-0.057787696347642914
2285,0.7782343767342631,1.0977974458509814,0,0,0.7782343767342631
2286,1.4620401619872858,1.2324312244074191,1,2,3.462040161987286
2287,-0.7762369576991803,-0.4103127431593004,0,1,0.22376304230081967
2288,-1.352083973435931,-1.5505134010995638,0,3,1.647916026564069
2289,3.234532345686539,3.089190707643356,1,2,5.234532345686539
2290,3.624930356323432,3.5095914492203657,0,2,5.624930356323432
2291,2.142896936909134,1.8799548002446091,1,2,4.142896936909134
2292,0.406078042613431,0.9657865927067528,0,0,0.406078042613431
2293,-1.2497045304093746,-0.8902937331767831,0,3,1.7502954695906254
2294,-2.0151733234019,-1.971193908068588,0,3,0.9848266765981002
2295,0.7990515874742068,1.2088788530685308,1,2,2.7990515874742066
2296,0.6760517095984304,0.0252230235002466,1,0,0.6760517095984304
2297,2.7092512265949398,2.2178677151745263,1,2,4.70925122659494
2298,1.2407863069552283,1.4306082118984136,1,2,3.2407863069552283
2299,-3.095556114080844,-2.8013414917576887,0,3,-0.09555611408084408
2300,2.147757018072248,2.2595200365745485,1,2,4.147757018072248
2301,-1.989062176479783,-2.74214004651111,0,3,1.010937823520217
2302,-0.9125095029403532,-1.3374433126754524,0,1,0.08749049705964684
2303,0.0652906571058749,0.2319274037075424,0,0,0.0652906571058749
2304,3.792761238492189,4.7633501541886965,1,2,5.792761238492189
2305,-0.016698388017014752,-0.019540719248506047,0,2,1.9833016119829852
2306,1.1640302309108217,1.794951950299131,0,2,3.1640302309108215
2307,-0.5923267293028831,-0.4564365604267635,0,1,0.4076732706971169
2308,0.9708500036618164,1.1038463959775673,1,2,2.970850003661816
2309,1.5491133740505547,1.1357191871481245,1,2,3.5491133740505547
2310,-0.66649912142405,-0.2857703002034031,0,1,0.33350087857595
2311,3.375804446152121,3.34653176513572,1,2,5.375804446152121
2312,0.2903605871087112,0.5674535372941989,1,0,0.2903605871087112
2313,0.7337493519849607,0.7460238931373346,1,0,0.7337493519849607
2314,1.301148364994966,1.4127957348952618,1,2,3.3011483649949662
2315,0.6698836672384316,0.6347924207189828,1,0,0.6698836672384316
2316,1.8592378542743104,1.9490877334034675,1,2,3.85923785427431
2317,-1.1533363197552666,-0.7533056967371743,0,3,1.8466636802447334
2318,-1.1305738815287898,-1.637065693156479,0,3,1.8694261184712102
2319,-2.3598055654121475,-2.956974535938192,0,3,0.6401944345878525
2320,0.9551065223037134,1.125452353359273,1,0,0.9551065223037134
2321,1.6960131848939557,2.272242904057002,1,2,3.696013184893956
2322,0.9440834147440976,1.6211812614645305,1,0,0.9440834147440976
2323,3.6697252377884606,3.179961150704432,1,2,5.669725237788461
2324,0.08073542595687,-0.0804141082040793,1,1,1.08073542595687
2325,1.520204754698632,0.9285186529206684,1,2,3.520204754698632
2326,-2.156688669171433,-2.3769333197262807,0,3,0.8433113308285671
2327,-0.6390665142974067,-0.189927276277662,0,1,0.3609334857025933
2328,1.23171926859772,1.2265625551743602,1,2,3.23171926859772
2329,1.6065245488437292,1.456974916994214,0,2,3.606524548843729
2330,-0.5180611846318885,-0.3000268820674045,0,1,0.48193881536811145
2331,-0.0747786074046573,-0.3927994433284458,1,1,0.9252213925953428
2332,-2.9342251287729693,-2.2970337828202263,0,3,0.06577487122703074
2333,-0.4939798231574729,-0.4910658342608835,0,1,0.5060201768425271
2334,1.49577209267649,1.3350543954925302,1,2,3.49577209267649
2335,0.9555195226910732,1.190259216609318,1,2,2.9555195226910733
2336,-0.016698388017014752,1.4229604350616885,1,2,1.9833016119829852
2337,-0.0453253519987719,0.5930647440609316,1,0,-0.0453253519987719
2338,0.6896799655142254,0.6056924030109596,1,0,0.6896799655142254
2339,-1.2174983551128669,-0.78307574603538,0,3,1.7825016448871331
2340,1.381990670619038,1.422475315379037,1,2,3.3819906706190377
2341,0.7388520341620077,0.4943000257725298,1,0,0.7388520341620077
2342,0.8880052393469896,0.5772806277452958,0,0,0.8880052393469896
2343,-1.0460415530721252,-1.4848349305253268,0,3,1.9539584469278748
2344,-4.284289453218237,-4.580967052773883,0,3,-1.2842894532182374
2345,2.1029655945686887,2.5492482432727224,1,2,4.102965594568689
2346,-1.0123053613207886,-0.7296215206063738,0,1,-0.012305361320788633
2347,-1.456694613039322,-1.953179275416102,0,3,1.543305386960678
2348,1.6638588163581942,0.96530244827222,1,2,3.663858816358194
2349,-0.7336184838512838,-1.1785357461698482,1,1,0.2663815161487162
2350,1.851620822645896,1.5409263393470367,1,2,3.851620822645896
2351,1.3417125304812036,1.2204062462504002,1,2,3.3417125304812036
2352,1.6779951347231603,2.147140543926646,1,2,3.6779951347231603
2353,-2.4579552020085926,-2.677041945568459,0,3,0.5420447979914074
2354,2.5707731413347346,3.242973125405644,1,2,4.570773141334735
2355,0.8069856535248765,0.1349056965963293,0,0,0.8069856535248765
2356,-0.7278774239966019,-0.8673304323015244,1,1,0.27212257600339806
2357,0.4123975286512431,0.7266169963058036,1,0,0.4123975286512431
2358,-3.688625579061676,-3.3497434781151023,0,3,-0.688625579061676
2359,0.8757587141924841,0.7414731316371269,1,0,0.8757587141924841
2360,-1.7928361675700382,-1.392134794056359,0,3,1.2071638324299618
2361,-2.823225253984447,-2.498346676981694,0,3,0.17677474601555287
2362,-3.2170070583286394,-3.489852922053644,0,3,-0.21700705832863942
2363,2.24487453778459,2.370845925162359,1,2,4.24487453778459
2364,-1.3038592281303774,-1.0224139144996394,0,3,1.6961407718696226
2365,3.1972849640470824,2.9530710570179526,0,2,5.197284964047082
2366,-1.1622548312940042,-0.4845246511863389,1,3,1.8377451687059958
2367,-3.0710279920653507,-3.405172770712408,0,3,-0.07102799206535071
2368,-2.4909840994895296,-2.4333469461717248,0,3,0.5090159005104704
2369,2.722370197257824,2.222459270690021,1,2,4.722370197257824
2370,-0.4647662015349557,-0.4234221220699316,1,1,0.5352337984650444
2371,-1.4557711398980064,-1.8826004263263352,0,3,1.5442288601019936
2372,0.3676114829753488,0.2499598264436437,1,0,0.3676114829753488
2373,0.9526438751323132,0.3180048506038745,1,2,2.9526438751323134
2374,2.0128757582243155,2.332801118354604,1,2,4.0128757582243155
2375,2.5607230814427995,2.7032351013394424,1,2,4.5607230814427995
2376,-0.7212094490324629,-0.2862452275777832,0,1,0.27879055096753713
2377,-2.456927993839313,-2.5960500596952474,0,3,0.5430720061606871
2378,-0.7099396236292632,-0.2564006768768638,0,1,0.2900603763707368
2379,0.5319023429336254,0.5476142010915597,1,0,0.5319023429336254
2380,-1.8317483377776749,-1.78648135400618,0,3,1.1682516622223251
2381,-1.9197446562656573,-1.074123326124882,0,3,1.0802553437343427
2382,0.4016309144936966,0.2077605285182551,1,0,0.4016309144936966
2383,-0.3814835001855909,0.109500112276349,0,1,0.618516499814409
2384,0.0249602850262372,0.2168342612452825,0,0,0.0249602850262372
2385,-1.549121326673354,-1.7778832835715472,0,3,1.450878673326646
2386,-0.2906048927101816,-0.8168812488955709,1,1,0.7093951072898184
2387,-1.6970054437816593,-2.1102394639638558,0,3,1.3029945562183407
2388,1.901423425401364,2.353693344543168,1,2,3.901423425401364
2389,2.014442126832069,2.708201937566852,1,2,4.014442126832069
2390,-3.968506158498216,-3.931930197214125,0,3,-0.968506158498216
2391,-1.7766074929716154,-1.719054787923166,0,3,1.2233925070283846
2392,-2.8880246475277245,-2.57744327426513,0,3,0.11197535247227552
2393,-1.7777541613093335,-1.7484333495680595,0,3,1.2222458386906665
2394,-0.3337435768972542,0.1061364382908747,1,1,0.6662564231027458
2395,-3.0375013148758394,-2.920852414610565,0,3,-0.03750131487583941
2396,-1.8200495860259391,-1.765833060564962,0,3,1.1799504139740609
2397,-2.168586830716136,-2.448271969713783,0,3,0.8314131692838642
2398,0.4069077450329598,0.0288009132436468,1,0,0.4069077450329598
2399,0.0965816860019024,-1.1670535194161948,1,0,0.0965816860019024
2400,-1.4753050009820523,-0.9816582810053036,0,3,1.5246949990179477
2401,0.2103628855386467,0.1517200634497165,0,0,0.2103628855386467
2402,-1.2211571799878662,-1.381316117882179,0,3,1.7788428200121338
2403,-0.7593636326082451,-1.5400465511624186,0,1,0.24063636739175487
2404,3.422917668711841,3.1668725624029,0,2,5.422917668711841
2405,2.7951426292989696,2.4864680459858115,1,2,4.79514262929897
2406,-2.753286063880263,-3.071195298772573,0,3,0.24671393611973702
2407,1.963592854961758,2.0967273122228094,1,2,3.963592854961758
2408,1.5598728194947744,1.6087722407731757,1,2,3.5598728194947746
2409,-1.9904894527459245,-2.5350078261938065,0,3,1.0095105472540755
2410,1.5091298527434005,0.9899934127804674,1,2,3.5091298527434005
2411,2.6705482815052184,2.150676860573072,1,2,4.670548281505218
2412,-2.164650047506357,-1.4404396124794867,0,3,0.835349952493643
2413,-1.78529662100473,-1.1882075695280778,0,3,1.21470337899527
2414,2.0422016927485216,1.7012820931086825,1,2,4.042201692748522
2415,0.4145441259624981,-0.3760936020357942,0,0,0.4145441259624981
2416,1.0960381053818826,1.1472558025868906,1,2,3.096038105381883
2417,0.5789265412270881,0.5977025877221567,1,0,0.5789265412270881
2418,0.7209219285899382,0.8476887233852974,0,0,0.7209219285899382
2419,-2.484617805469151,-2.188068248478218,0,3,0.515382194530849
2420,2.131478859148915,2.312160440507292,1,2,4.131478859148915
2421,2.4611702623219425,2.014594449721841,1,2,4.461170262321943
2422,-0.5051551894612135,-0.3875387545956064,1,1,0.4948448105387865
2423,-0.1553573687886798,0.1861720613455818,1,1,0.8446426312113202
2424,-3.292911511289173,-3.5825122004905223,0,3,-0.2929115112891729
2425,0.9545021895220304,1.0744847770243735,1,2,2.9545021895220303
2426,0.4798919723104603,0.2587796853233371,0,2,2.4798919723104604
2427,-0.242426427259749,0.556041461116743,0,1,0.7575735727402511
2428,2.232331884302837,1.7016010287560293,1,2,4.2323318843028375
2429,-0.5554197311058499,-0.0930401564944093,1,1,0.44458026889415014
2430,1.0754762762822092,0.4071511717121014,1,2,3.075476276282209
2431,-1.9697939689352315,-1.252572894848588,0,3,1.0302060310647685
2432,-0.4830620340265253,-0.9396816609962892,0,1,0.5169379659734747
2433,-0.3600758862470616,-0.2842072686513273,0,1,0.6399241137529383
2434,0.1147152854992024,-0.5369619891795194,0,0,0.1147152854992024
2435,-0.9807145607985835,-1.520707007607268,0,1,0.019285439201416454
2436,-0.3003783009161078,0.0587205181337409,1,1,0.6996216990838922
2437,1.907347140457724,2.318612065045512,1,2,3.9073471404577242
2438,-0.7992871217824231,-0.7035435488353643,0,1,0.20071287821757688
2439,-3.209508002049936,-2.913075335853839,0,3,-0.2095080020499358
2440,3.495261730517421,3.91321322757901,1,2,5.495261730517421
2441,2.6201823787400795,2.346511633220354,1,2,4.620182378740079
2442,-0.016698388017014752,-3.2529066466125,0,3,2.983301611982985
2443,1.4648908195845485,1.4594094651034304,1,2,3.4648908195845483
2444,-1.2830216447915852,-1.5139021191504685,0,3,1.7169783552084148
2445,0.6455852407187234,0.8010338327991214,1,0,0.6455852407187234
2446,0.5107468446032168,0.7299582894383874,0,0,0.5107468446032168
2447,-0.3037041856587309,-0.5763645018864432,0,1,0.6962958143412691
2448,-1.3753126397263764,-1.0936692225397993,0,3,1.6246873602736236
2449,-1.7156989071336668,-1.4540435567531436,0,3,1.2843010928663332
2450,-1.9486999836079288,-1.6593729520523208,0,3,1.0513000163920712
2451,-1.8347499540490144,-1.997866904853252,0,3,1.1652500459509856
2452,-0.4969021731133392,-0.1849333071819091,0,1,0.5030978268866608
2453,-1.6380266334633855,-1.4300257211933085,0,3,1.3619733665366145
2454,1.852355300478308,2.108429158380932,1,2,3.852355300478308
2455,3.0963942899143424,3.767509715149753,1,2,5.096394289914342
2456,-0.7766488890189351,-0.6455392130487705,0,3,2.223351110981065
2457,0.6446286890744213,0.4018437994754343,1,0,0.6446286890744213
2458,-0.016698388017014752,0.4068197760043869,1,0,-0.016698388017014752
2459,0.8676503025037401,1.318824766501269,0,0,0.8676503025037401
2460,0.2695977718802362,0.4125208422944155,1,0,0.2695977718802362
2461,1.572866077414052,2.240874872742142,1,2,3.572866077414052
2462,0.8490295022196477,0.0372086257394597,1,0,0.8490295022196477
2463,-2.777323478770437,-2.4130566436558603,0,3,0.22267652122956294
2464,2.395864366256294,2.291409432088043,1,2,4.395864366256294
2465,1.746351740064923,1.6049433421124546,1,2,3.746351740064923
2466,-1.591719986993687,-1.897643123053124,0,3,1.408280013006313
2467,0.0985425636762644,0.4583709692303217,0,0,0.0985425636762644
2468,1.318112267759933,1.563526738673223,1,2,3.318112267759933
2469,-0.3940818576176264,-0.8510346676334026,1,1,0.6059181423823736
2470,2.403345552755308,2.469314127925336,1,2,4.403345552755308
2471,4.702835293301437,4.985281025573625,1,2,6.702835293301437
2472,-1.8045141531355169,-1.7333099427651542,0,3,1.1954858468644831
2473,-2.794417965203272,-2.3512818451924966,0,3,0.20558203479672787
2474,0.5147568349277694,0.3987414173720964,0,0,0.5147568349277694
2475,1.7279047977016573,0.8261617284598675,1,2,3.7279047977016573
2476,-0.2275089347420237,-0.1528219104347291,0,1,0.7724910652579763
2477,2.9280263267282285,3.0002766344902603,1,2,4.9280263267282285
2478,-2.932958770410349,-2.8084841717286078,0,3,0.06704122958965097
2479,1.140658793375233,1.5834504325623135,1,2,3.1406587933752332
2480,-1.208696989200876,-1.9896822905181988,0,3,1.791303010799124
2481,3.5060204062788496,3.4106270845457853,1,2,5.50602040627885
2482,3.9101061424710255,3.541043019270405,0,2,5.910106142471026
2483,-1.6293470924081426,-2.1125592476555366,0,3,1.3706529075918574
2484,-1.2176741184528896,-1.2465937182780469,0,3,1.7823258815471104
2485,1.714496981910815,1.9952257940230849,1,2,3.714496981910815
2486,-1.250813769993642,-1.1304351280499785,0,1,-0.2508137699936419
2487,-0.3110877616184184,-0.5860967306167227,1,1,0.6889122383815816
2488,-0.0746333280046497,-0.132821967822137,0,0,-0.0746333280046497
2489,-3.5978456734049287,-3.225887095553082,0,3,-0.5978456734049287
2490,-0.1904382205742603,0.0828134774497485,1,1,0.8095617794257397
2491,-1.3433619197621065,-1.5644699250527585,0,3,1.6566380802378935
2492,-0.9409370946133448,-1.187935644878936,0,1,0.05906290538665515
2493,3.1468473080697805,2.4602536438301814,1,2,5.1468473080697805
2494,-2.260498307165683,-2.4322628405986286,0,3,0.7395016928343172
2495,1.6149097797369711,0.9205942075615644,1,2,3.614909779736971
2496,-0.6530228089015057,0.1738050660529403,1,1,0.34697719109849434
2497,-0.6922869575568069,-1.0343342203034909,1,1,0.3077130424431931
2498,1.5325311476102663,1.9761234897355533,1,2,3.5325311476102663
2499,0.5932959182730608,1.3205384014298571,1,0,0.5932959182730608
2500,1.2519514763107082,1.3384320397219036,1,2,3.2519514763107082
2501,2.020431284562763,1.9804255820080003,1,2,4.020431284562763
2502,-0.5442565281376424,-1.0732026305596754,0,1,0.45574347186235764
2503,-0.9726167267282668,-1.174456775387777,0,3,2.027383273271733
2504,-1.7977272288355608,-1.1561412096879504,0,3,1.2022727711644392
2505,-1.625888381276399,-1.4853873294274913,0,3,1.374111618723601
2506,-0.016698388017014752,-0.019540719248506047,1,2,1.9833016119829852
2507,2.4190271247067305,2.943876408376996,1,2,4.41902712470673
2508,-2.46514733569944,-2.186631116317153,0,3,0.5348526643005602
2509,-2.4326140820519715,-2.4917633411638764,0,3,0.5673859179480285
2510,1.1654153174255812,1.25191765169502,1,0,1.1654153174255812
2511,1.1133435629942388,0.8061175480217158,1,2,3.1133435629942388
2512,0.9640960378365512,0.7396797792911165,1,2,2.9640960378365513
2513,-0.788817274680491,-0.8713367263839544,0,1,0.211182725319509
2514,-0.2589159615100203,-0.0359275365605444,0,1,0.7410840384899797
2515,0.9623615567685514,0.4634163676925332,1,0,0.9623615567685514
2516,0.1098170323138462,0.1403131644829376,0,0,0.1098170323138462
2517,-4.281575428403059,-4.437520292428284,0,3,-1.281575428403059
2518,-0.2908089810466013,-0.6511806684330832,0,1,0.7091910189533988
2519,-1.7595501127060618,-1.913346732502724,0,3,1.2404498872939382
2520,0.6136918053209279,-0.314869499899161,1,0,0.6136918053209279
2521,5.38878585631072,5.085750386699368,1,2,7.38878585631072
2522,0.4904132752009738,0.0506185223705913,1,0,0.4904132752009738
2523,-0.8101858316164878,-0.9221522486567936,0,1,0.18981416838351217
2524,1.6796599993810264,0.7677440701954531,1,2,3.6796599993810264
2525,1.0326283646556045,1.1089854620593922,0,0,1.0326283646556045
2526,0.8981965415144629,1.261965860077208,1,0,0.8981965415144629
2527,1.2924993008663437,1.245580751974384,1,2,3.2924993008663437
2528,4.23230342848558,4.431820177847331,1,2,6.23230342848558
2529,-2.451797784480961,-2.6568900070414583,0,3,0.5482022155190389
2530,0.7036289402614452,0.0817804907510957,1,0,0.7036289402614452
2531,-1.7734983235615045,-1.7728217950472431,0,3,1.2265016764384955
2532,0.9849788779552088,1.2571302287492965,0,2,2.984978877955209
2533,-2.151468032045783,-2.6812232822888458,0,3,0.8485319679542171
2534,-0.6404647703018724,-0.8265556808306066,0,1,0.35953522969812757
2535,-0.3111594471753531,-0.4100060075371198,0,1,0.6888405528246468
2536,2.26306561662915,3.4036286747431284,1,2,4.2630656166291505
2537,1.874310432179772,1.9636589100677284,1,2,3.874310432179772
2538,-2.3662483336981883,-3.1284777652436992,0,3,0.6337516663018117
2539,0.3838418666720796,-0.4772984940648043,1,0,0.3838418666720796
2540,-1.547442867503032,-1.255243335397532,0,3,1.452557132496968
2541,-2.294874284539851,-1.3008614941412393,0,3,0.7051257154601491
2542,-0.3789548540200991,-0.4913446478603867,0,1,0.6210451459799009
2543,-0.4342232464431212,-0.570551083266525,1,1,0.5657767535568787
2544,4.890651576866232,5.062961247345271,1,2,6.890651576866232
2545,1.1251709926709927,0.8058524293329492,1,0,1.1251709926709927
2546,-2.710530249000167,-3.728192097171636,0,3,0.28946975099983296
2547,-1.426343820235368,-1.011438064525093,0,3,1.573656179764632
2548,2.333151917321741,2.0878790659610096,1,2,4.333151917321741
2549,3.987379397545428,4.407426543873976,1,2,5.987379397545428
2550,-2.921354982427134,-3.225749698551406,0,3,0.07864501757286613
2551,-3.7778973465661534,-3.729185695581939,0,3,-0.7778973465661534
2552,3.9771325477831057,4.319065326778583,1,2,5.977132547783105
2553,1.0061820777151609,1.4343224581439098,0,0,1.0061820777151609
2554,-1.6505568688896586,-1.557361401897089,0,3,1.3494431311103414
2555,1.1709652357702969,1.2442608740898968,1,2,3.170965235770297
2556,-5.186969754595243,-4.939087282523598,0,3,-2.1869697545952427
2557,-0.3960139380618936,-0.2103461243042327,0,0,-0.3960139380618936
2558,0.679308389465811,0.1628361757972857,1,0,0.679308389465811
2559,1.6253274438612806,1.116494502139744,1,2,3.6253274438612806
2560,-1.993554475835943,-2.837178117044295,0,3,1.006445524164057
2561,-0.057214186469925,0.2493890138659336,1,0,-0.057214186469925
2562,-2.0878396403643897,-2.2461315498487897,0,3,0.9121603596356103
2563,0.8317544116994146,1.1598333098499354,1,0,0.8317544116994146
2564,-1.5768031671012104,-1.415318937719414,0,3,1.4231968328987896
2565,-0.8170301953092721,-1.21800086793766,0,1,0.18296980469072788
2566,-1.9546770595306533,-2.0027660329445647,0,3,1.0453229404693467
2567,1.2526892784987125,1.0707604578330754,1,2,3.2526892784987123
2568,1.8308775085092357,1.5871881164038104,1,2,3.8308775085092357
2569,-0.6044520132245885,-0.2383370830272759,0,1,0.3955479867754115
2570,0.2752240424936482,1.2795214307127174,0,0,0.2752240424936482
2571,-2.9478001974699106,-2.5013187407724917,0,3,0.05219980253008938
2572,-0.6833226951798199,-0.6941052421227815,0,1,0.3166773048201801
2573,-0.096066630386521,0.4077364735959286,0,1,0.903933369613479
2574,5.123356816074828,-0.019540719248506047,1,2,7.123356816074828
2575,-2.15819758164903,-2.715145894573149,0,3,0.8418024183509698
2576,2.820881959642195,3.310823864187207,1,2,4.820881959642195
2577,2.0874222674953837,2.3952950749926654,1,2,4.087422267495384
2578,0.8044741167625681,1.279721739425168,1,0,0.8044741167625681
2579,3.373376631028632,3.698691613435392,0,2,5.373376631028632
2580,0.7180958537546915,0.6270042507410352,1,0,0.7180958537546915
2581,0.8705845339429418,1.6837327916160487,1,0,0.8705845339429418
2582,-0.193412777031372,-0.0575733335985124,1,1,0.806587222968628
2583,2.540001877002588,2.3662710687248865,1,2,4.540001877002588
2584,2.304018239752115,2.5064094457682646,1,2,4.304018239752115
2585,-1.034702219733564,-0.6457438590424198,1,3,1.965297780266436
2586,-2.759692398414517,-2.7217879680697186,0,3,0.2403076015854828
2587,-0.5945163228374091,-0.437261769428519,1,1,0.4054836771625909
2588,-1.6615926067080415,-1.626245773866581,0,3,1.3384073932919585
2589,-0.3205996171401302,-0.5846299103803876,0,1,0.6794003828598698
2590,2.5877759101777777,2.2590461267266693,1,2,4.587775910177777
2591,-1.1469535702088622,-1.7080800848374973,0,1,-0.14695357020886224
2592,0.3809565210273879,0.988164534646086,0,1,1.380956521027388
2593,0.3752310419315406,0.2858641426796761,0,0,0.3752310419315406
2594,1.699376918330632,0.3283468776285161,1,2,3.699376918330632
2595,-4.320299769369616,-4.161686537657812,0,3,-1.3202997693696163
2596,-1.5407609623927518,-1.3904301205898308,0,3,1.4592390376072482
2597,0.927242050838857,0.1806149777066987,1,0,0.927242050838857
2598,2.2821149904136244,1.9491565070803196,1,2,4.282114990413625
2599,-1.0079043777922825,-1.358419991616654,0,1,-0.00790437779228248
2600,-4.124292069521435,-4.4211991458383455,0,3,-1.1242920695214353
2601,1.3366803528804514,1.8217906975618796,1,2,3.3366803528804514
2602,-1.4919936090666803,-1.551544628293415,0,3,1.5080063909333197
2603,-2.359002165867517,-2.5298961197939773,0,3,0.6409978341324831
2604,-1.3575456660113558,-0.9085896891231184,0,3,1.6424543339886442
2605,-0.5845995022977678,-0.3864604042242856,0,1,0.4154004977022322
2606,-1.370361629428949,-2.0667529326195684,0,3,1.629638370571051
2607,-4.365974507381034,-4.612623963048195,0,3,-1.3659745073810337
2608,1.5378341992004994,1.6666190340540776,1,2,3.5378341992004994
2609,2.399987748352729,2.026431694747916,1,2,4.3999877483527285
2610,1.435698658931907,2.24752057430036,1,2,3.4356986589319067
2611,-1.7548753658747709,-1.7097238604137373,0,3,1.2451246341252291
2612,-0.307465303984435,-0.6088158398154451,0,1,0.6925346960155649
2613,-0.1964949588943736,-0.6456724162287935,0,1,0.8035050411056264
2614,1.1241659451093582,1.4951769803236394,1,2,3.1241659451093584
2615,1.3429987786666773,1.0838540038690945,1,2,3.3429987786666775
2616,-1.538232587684133,-1.3862629163674502,0,3,1.461767412315867
2617,0.3446027461745075,-0.1160049965752657,1,0,0.3446027461745075
2618,0.9580555058333272,0.9861346224431284,0,0,0.9580555058333272
2619,3.0932151212755072,2.8388607621221227,1,2,5.093215121275508
2620,1.3461243215899203,1.219966556199899,1,2,3.3461243215899206
2621,1.843213418695289,1.5247010985411062,1,2,3.843213418695289
2622,0.1343561390024127,0.544606650125721,0,0,0.1343561390024127
2623,2.6266803165794093,2.4302787265296786,1,2,4.626680316579409
2624,1.254989668127439,1.1976067901595582,1,0,1.254989668127439
2625,-2.087171369739364,-2.125228282058862,0,3,0.9128286302606359
2626,2.658992195189396,3.303900243842847,1,2,4.658992195189396
2627,1.2704009747119764,1.6265244096685365,1,2,3.2704009747119764
2628,-0.3844267876456518,-0.0681544843344681,0,1,0.6155732123543483
2629,-0.5976141579691844,-1.228768807179705,0,1,0.4023858420308156
2630,0.8919367190099632,0.6293797639689476,1,0,0.8919367190099632
2631,0.860237858059903,1.3356853443914691,1,0,0.860237858059903
2632,0.8798201320307679,0.411447805862108,1,0,0.8798201320307679
2633,0.696287747653964,0.7298931669026558,1,0,0.696287747653964
2634,3.5953674232133856,3.16926282150907,1,2,5.595367423213386
2635,2.1790253806910127,1.79306247852725,1,2,4.179025380691012
2636,0.3713778682653983,1.04369212941108,1,0,0.3713778682653983
2637,1.8322654267496907,2.119973683380246,1,2,3.8322654267496907
2638,-2.1069758057389114,-1.7137197146210763,0,3,0.8930241942610886
2639,0.9175524296292336,1.2310490216947452,1,0,0.9175524296292336
2640,3.692052659221298,3.636337314329497,1,2,5.692052659221298
2641,-0.4423860648254845,-0.7190247479870433,0,1,0.5576139351745155
2642,-1.3933630586983987,-1.554199162465396,0,3,1.6066369413016013
2643,-1.8975283909342675,-1.974258972688966,0,3,1.1024716090657325
2644,-2.077288625100538,-1.366774197369371,0,3,0.9227113748994622
2645,-1.425976074923611,-1.960518647335423,0,3,1.574023925076389
2646,-0.511623623529024,-0.7330882029765418,0,1,0.488376376470976
2647,-2.824108326567956,-3.189293673090109,0,3,0.17589167343204393
2648,0.0728206813759976,0.4954699603841896,0,0,0.0728206813759976
2649,2.0017440242362388,2.7432593279718773,1,2,4.001744024236238
2650,-1.5172790794378048,-1.3937645355072463,0,3,1.4827209205621952
2651,2.978460650247784,3.134866984185217,1,2,4.978460650247785
2652,1.0749793336807014,1.1115077028974756,1,2,3.0749793336807016
2653,2.396875964117866,2.571867559830316,1,2,4.396875964117866
2654,-1.7404745228800445,-1.4312124579369936,0,3,1.2595254771199555
2655,1.5710479341703143,1.7413041393250428,1,2,3.5710479341703145
2656,-1.8907006050700332,-1.6911668737587155,0,3,1.1092993949299668
2657,1.9990025683946784,2.3091683137922283,1,2,3.9990025683946784
2658,0.4481677217724013,-0.2631435187296257,1,0,0.4481677217724013
2659,1.0167830653477432,1.0175866374060334,1,2,3.0167830653477434
2660,-2.527552911046788,-2.4054692942129803,0,3,0.4724470889532122
2661,-1.908382808401684,-1.7419235361939676,0,3,1.091617191598316
2662,1.5040580806705082,1.4357035759569268,1,2,3.504058080670508
2663,-2.0223845462794707,-1.95808394636061,0,3,0.9776154537205293
2664,0.9466971770461776,0.6587346151738707,1,0,0.9466971770461776
2665,-2.8850171418928405,-3.5949550361719327,0,3,0.11498285810715947
2666,1.8649032313531415,2.258158071875404,1,2,3.8649032313531415
2667,-2.5727918856063066,-3.026540526934108,0,3,0.42720811439369344
2668,1.0850810973281635,1.020899552082659,1,2,3.0850810973281635
2669,0.9145854406834366,0.6149335875226343,1,2,2.9145854406834366
2670,-1.7162172841001375,-1.081413572149706,0,3,1.2837827158998625
2671,1.1655877728337551,1.133729887030269,1,2,3.165587772833755
2672,0.2558530956275595,0.1316705104747331,0,0,0.2558530956275595
2673,-0.6566663845185761,-0.3575200370281831,0,3,2.343333615481424
2674,-2.429413990574866,-1.5668243235315913,0,3,0.570586009425134
2675,-4.085286443077979,-3.9230106322547433,0,3,-1.0852864430779787
2676,0.7026402680528975,0.5516724834001633,0,0,0.7026402680528975
2677,-3.202632130283267,-2.9239945377413914,0,3,-0.2026321302832672
2678,-0.0301406924501674,-0.6592123198827937,1,0,-0.0301406924501674
2679,-0.7184820000635519,-0.6999102960377931,0,1,0.2815179999364481
2680,1.1601547353765431,1.957737797359108,1,2,3.160154735376543
2681,-0.661435337943741,-0.5983363792694323,0,1,0.338564662056259
2682,-0.268509754790698,-0.2253986923276386,0,1,0.731490245209302
2683,1.479328867888233,1.4875834840312352,1,2,3.479328867888233
2684,0.9066961560457398,0.7485056438752601,1,0,0.9066961560457398
2685,0.7337071835311849,0.8595034524771331,0,0,0.7337071835311849
2686,1.1613076592134963,1.471416863877618,0,0,1.1613076592134963
2687,-3.631137106932929,-3.763865127929239,0,3,-0.631137106932929
2688,1.452685755744318,0.4563850604239896,1,2,3.452685755744318
2689,1.4863646726573474,1.672611674768849,1,2,3.4863646726573476
2690,-2.147713421702861,-1.294462991094819,0,3,0.8522865782971389
2691,-0.1356663143744801,-0.2861708775969324,0,1,0.8643336856255199
2692,0.2181634554982899,-0.3703018976043515,1,1,1.2181634554982899
2693,-0.3628197120289579,-0.0918545181359661,0,1,0.6371802879710421
2694,0.567087229327798,1.2646201350013992,1,0,0.567087229327798
2695,2.6600123951914734,2.871761823077568,1,2,4.660012395191473
2696,2.037614608972898,2.727494630639502,1,2,4.037614608972898
2697,-2.870956199696596,-2.5534887814463105,0,3,0.1290438003034038
2698,1.3299022166986985,1.6126426109697756,1,2,3.3299022166986987
2699,2.3666573404015327,2.159457067304688,1,2,4.366657340401533
2700,0.8943636446164496,1.0085264009177364,1,0,0.8943636446164496
2701,2.307576589751984,2.295788207064873,1,2,4.307576589751984
2702,3.692300010364746,3.666805722138085,1,2,5.692300010364746
2703,2.35738281347963,2.255836762299204,1,2,4.35738281347963
2704,0.6013390501665021,0.6915844371499237,1,0,0.6013390501665021
2705,2.2401165524584807,1.7215785588037902,1,2,4.240116552458481
2706,0.1380426258852279,0.4627299855978577,0,0,0.1380426258852279
2707,0.1722819102645346,-0.1788162068475438,1,0,0.1722819102645346
2708,-0.4775497814830519,-0.5776582714849351,1,1,0.5224502185169482
2709,3.1071050378632807,3.2393289950773467,1,2,5.107105037863281
2710,-1.2364728400343306,-1.6073822073925357,0,3,1.7635271599656694
2711,3.0735483763388194,2.2869631514167184,1,2,5.073548376338819
2712,1.2278854075712378,1.0746667364922349,1,0,1.2278854075712378
2713,-2.740010588152152,-3.3124495851856324,0,3,0.25998941184784785
2714,0.8524028925542166,1.137327265622405,1,0,0.8524028925542166
2715,-4.534319468830202,-4.995720897847052,0,3,-1.5343194688302022
2716,1.3252267813051442,1.919289006788809,1,2,3.325226781305144
2717,1.6234679457265289,1.621150790032439,1,2,3.623467945726529
2718,-1.3539915724596447,-1.330321894621953,0,3,1.6460084275403553
2719,0.5959160288043603,-0.1963365026135053,1,0,0.5959160288043603
2720,3.865560817888103,3.923505869428312,1,2,5.8655608178881025
2721,-1.2121537747189728,-1.244225741468274,0,3,1.7878462252810272
2722,-2.189641499734976,-2.709277113705164,0,3,0.810358500265024
2723,2.703236759140814,2.738144094659538,1,2,4.703236759140815
2724,4.211951274700843,4.052782070377874,1,2,6.211951274700843
2725,-0.1317448051376083,-0.2184599322957522,0,0,-0.1317448051376083
2726,2.1287860576054465,2.139138762483065,1,2,4.1287860576054465
2727,2.9541731739038277,2.765591488640547,1,2,4.954173173903827
2728,-1.584999001319714,-1.4864163505401666,1,3,1.415000998680286
2729,-0.8642071842811794,-0.8988293772215648,1,1,0.13579281571882063
2730,2.255731815328584,2.444839202683214,1,2,4.255731815328584
2731,3.859182471239756,3.647712633650959,1,2,5.859182471239756
2732,1.313037747272034,0.8870698460984503,1,2,3.313037747272034
2733,-1.7981499947562698,-2.081697406131525,0,3,1.2018500052437302
2734,3.8195554772210896,4.396618184761801,1,2,5.81955547722109
2735,-1.0847411061918542,-0.7023544957091555,0,3,1.9152588938081458
2736,-0.7382723068132073,-0.2529206537735636,0,1,0.2617276931867927
2737,1.0752645797791442,1.588350163047232,0,0,1.0752645797791442
2738,2.863213896986568,2.6766866741172866,1,2,4.863213896986569
2739,1.7349122377624882,1.8532370119258728,1,2,3.7349122377624884
2740,0.8260633873970789,0.8563989885362637,1,0,0.8260633873970789
2741,0.9030950001672384,1.1669104104038073,1,0,0.9030950001672384
2742,0.0653060062992636,-0.0503612917931232,1,0,0.0653060062992636
2743,1.093064867012916,1.1302545298493176,1,2,3.0930648670129157
2744,-4.8845069421221865,-4.855598351074312,0,3,-1.8845069421221865
2745,-0.4714180288411096,-0.2585130688748306,0,1,0.5285819711588904
2746,0.5664261921081193,0.8287130805367589,1,0,0.5664261921081193
2747,-2.908826039668068,-2.871357626731988,0,3,0.09117396033193215
2748,0.8326056104557528,0.882201924082076,1,0,0.8326056104557528
2749,-0.7400703140062596,-0.6497111057067778,1,1,0.25992968599374044
2750,3.640215429258145,4.298835997507362,1,2,5.640215429258145
2751,3.440938923943816,2.748939807417043,1,2,5.440938923943817
2752,-1.1168589607540358,-1.504730825241159,0,1,-0.11685896075403579
2753,-0.354031567601932,-0.0845597290235553,1,1,0.645968432398068
2754,-0.2677662722273846,-0.1598525126917481,0,1,0.7322337277726154
2755,-0.6562325971678853,-0.5511327771075346,0,1,0.3437674028321147
2756,0.4090555451106681,0.6760537445960106,1,0,0.4090555451106681
2757,-1.1708982616619137,-1.0853011044124083,0,3,1.8291017383380863
2758,-2.178479829285575,-2.4021928206652645,0,3,0.8215201707144248
2759,1.293912483927701,1.5454361399710046,1,2,3.293912483927701
2760,1.272700524964189,1.28105539016382,1,2,3.272700524964189
2761,-1.4450330994685174,-1.6240639710243387,0,3,1.5549669005314826
2762,1.4431736218761304,1.719317871707295,1,2,3.4431736218761304
2763,-1.2460866672265607,-0.9856731239137608,0,3,1.7539133327734393
2764,0.4923211873303694,0.5782277839706863,1,0,0.4923211873303694
2765,1.7857717906564652,2.472619452254288,1,2,3.785771790656465
2766,-0.1047654505822334,0.4259652433258803,1,1,0.8952345494177666
2767,0.7017349374497347,1.1024778150712555,1,0,0.7017349374497347
2768,-1.0313891527912036,-0.0048429236677045,0,3,1.9686108472087964
2769,-0.609501272629863,-0.6680866334289495,0,1,0.390498727370137
2770,-0.7967713042781779,-0.9826914360046154,0,1,0.20322869572182212
2771,-1.3477321967833793,-1.0035869570620355,1,3,1.6522678032166207
2772,-0.23773601169263,-0.3387897308903425,0,1,0.76226398830737
2773,-3.0038184089287783,-2.999047322669649,0,3,-0.003818408928778272
2774,-0.7217218098950471,-1.116089796195169,0,1,0.2782781901049529
2775,-0.7027573648001267,-0.4600935817148758,0,1,0.29724263519987326
2776,-0.7985823335450113,-1.3869852317600553,0,1,0.2014176664549887
2777,-0.4970008471031665,-0.5355761355669143,0,1,0.5029991528968335
2778,-0.1930284596614399,-0.1991707546677426,1,1,0.8069715403385601
2779,0.790423892818114,0.6160083558501814,1,0,0.790423892818114
2780,1.733064317567486,1.030178414102886,1,2,3.733064317567486
2781,-1.4218514829374511,-2.1277039204472312,0,3,1.5781485170625489
2782,-2.7736027674496557,-3.0720717301183758,0,3,0.22639723255034427
2783,-2.172324162644958,-1.9567040311401325,0,3,0.8276758373550419
2784,-1.201680875730626,-1.0861109311538484,1,1,-0.2016808757306261
2785,-0.6575130213108337,-0.6640871648432902,0,1,0.34248697868916633
2786,-1.6711990840430455,-2.0250344784500367,0,3,1.3288009159569545
2787,-2.369907033671579,-2.233454145167136,0,3,0.6300929663284212
2788,-0.5914684414948033,-1.3110801527103706,0,1,0.40853155850519673
2789,0.498729514830324,-0.4598902781184671,0,0,0.498729514830324
2790,0.8798536952744653,0.7826250747884634,1,2,2.8798536952744653
2791,-0.8138069064408344,-1.032227458479646,0,3,2.1861930935591656
2792,-0.510851554212115,-0.1055830351531317,0,1,0.48914844578788497
2793,-1.8496385154330333,-1.7864450043238995,0,3,1.1503614845669667
2794,0.2017068913175536,0.8620010153174941,1,1,1.2017068913175537
2795,-1.8071922959909648,-2.026478323469149,0,3,1.1928077040090352
2796,0.7730064395124823,0.9677153561213468,0,2,2.773006439512482
2797,-3.723789871592541,-3.824700723358793,0,3,-0.7237898715925408
2798,-0.3733991716959735,0.1792887179564816,0,1,0.6266008283040265
2799,0.3039986936611895,0.2223785148115575,0,0,0.3039986936611895
2800,0.3675732890313076,0.7093360010896137,0,0,0.3675732890313076
2801,5.392896106629036,4.9618485208193714,1,2,7.392896106629036
2802,0.5970052003422527,0.4309201430894348,1,0,0.5970052003422527
2803,-2.096813513651444,-2.1304308784224304,0,3,0.9031864863485559
2804,-0.1764786673309055,0.3288883486542148,0,1,0.8235213326690944
2805,-3.664925135319849,-4.543799911723065,0,3,-0.6649251353198489
2806,-0.445611198027108,-0.5786689766054196,0,1,0.554388801972892
2807,-1.6231057254128265,-1.7696977759837464,0,3,1.3768942745871735
2808,2.045453867609318,1.2146644586515656,1,2,4.045453867609318
2809,-0.9251660454603856,-1.1107803497591116,1,3,2.0748339545396144
2810,-0.3954789250684556,-1.0117457775449732,0,1,0.6045210749315444
2811,-1.521361265884342,-2.4536266570992997,0,3,1.478638734115658
2812,3.420865127275707,3.315939995877578,0,2,5.420865127275707
2813,-0.3289272302766906,-0.4473852785982338,1,1,0.6710727697233094
2814,3.794233702750313,3.69625226956658,1,2,5.794233702750313
2815,1.7690964595953798,1.8702397579547203,0,2,3.7690964595953798
2816,1.1421048450278712,0.7903461157423917,1,0,1.1421048450278712
2817,0.8216196071387567,1.537962012517125,1,0,0.8216196071387567
2818,0.8117163059552188,0.7983987027026175,1,0,0.8117163059552188
2819,-3.7228837793616254,-3.2083115941370326,0,3,-0.7228837793616254
2820,-0.667000009145117,-1.338959705740602,0,1,0.33299999085488297
2821,1.407423340095379,1.0736114800586294,1,2,3.407423340095379
2822,0.0468050199766535,0.3213309419943456,1,1,1.0468050199766534
2823,-2.5628320724573053,-2.6534577827284784,0,3,0.43716792754269473
2824,-0.3284552890261452,-0.7577270439753319,1,1,0.6715447109738548
2825,3.5725953289941623,2.8371433695365296,1,2,5.572595328994162
2826,2.829936573747077,3.123218042643223,1,2,4.8299365737470765
2827,-0.1244572590834876,0.1361836428960542,0,1,0.8755427409165124
2828,1.739298117167824,1.8366263937355152,0,2,3.7392981171678237
2829,-0.7084103060307525,-0.9067727823451192,0,1,0.2915896939692475
2830,-3.517849967293578,-3.9630859783455,0,3,-0.5178499672935781
2831,-1.972277998250389,-1.99347061420907,0,3,1.027722001749611
2832,3.2124143504707043,2.6862869090125443,1,2,5.212414350470704
2833,-0.8687320586645875,-1.1693656908904235,0,1,0.13126794133541253
2834,-0.7755537432484816,-0.271053510688662,1,1,0.2244462567515184
2835,-0.5958182164749726,-1.3361525217275405,1,1,0.4041817835250274
2836,3.803811471363528,4.074822602123675,1,2,5.803811471363527
2837,3.3206287461321136,3.918307126711779,1,2,5.320628746132114
2838,4.812605544592945,5.139109432346007,1,2,6.812605544592945
2839,-0.2971876135849383,-0.1379024622143447,0,1,0.7028123864150617
2840,0.7108834075611491,0.5254542690926994,1,0,0.7108834075611491
2841,-3.2283916859645085,-3.4867469077381137,0,3,-0.22839168596450854
2842,3.1074563849398564,2.208204038514528,1,2,5.107456384939857
2843,-2.440837275558005,-2.42603460345108,0,3,0.559162724441995
2844,0.4478352940414768,0.2869391145498393,1,0,0.4478352940414768
2845,-2.2163747802795206,-2.495588543752284,0,3,0.7836252197204794
2846,-0.971138806494586,-0.9791712180461912,0,3,2.028861193505414
2847,-1.9365201729744008,-1.9115723808925384,0,3,1.0634798270255992
2848,-1.6723982482746438,-1.9266211672214653,0,3,1.3276017517253562
2849,-1.120931945715542,-0.4756996323248273,0,3,1.879068054284458
2850,-1.0028313384691294,-0.7105902268241597,0,3,1.9971686615308706
2851,1.6971216987221145,2.0556331220714257,1,2,3.6971216987221145
2852,-1.9632847386422576,-2.0046058520980217,0,3,1.0367152613577424
2853,0.5285573888636674,0.7330516817681245,1,0,0.5285573888636674
2854,2.323148638239145,1.96486679799972,1,2,4.323148638239145
2855,-1.491476759854728,-1.2249733437546055,0,3,1.508523240145272
2856,-1.4833002283342474,-1.5650612712597431,0,3,1.5166997716657526
2857,-0.255457449908942,-0.6642508639146723,0,1,0.7445425500910581
2858,2.281040860187997,2.2719341917003053,1,2,4.281040860187996
2859,0.3938793146422682,0.2770577025423124,1,0,0.3938793146422682
2860,-0.9781565383538552,-0.0489288074654885,0,3,2.021843461646145
2861,0.7646948275261163,0.938852526918081,0,0,0.7646948275261163
2862,-2.0799371203450834,-1.4480501333657945,0,3,0.9200628796549166
2863,1.690143378886237,2.142658221429728,1,2,3.690143378886237
2864,0.782651945024854,0.7977641849438537,0,0,0.782651945024854
2865,-0.8414298266442286,-1.0189175078162465,0,1,0.1585701733557714
2866,-1.6904918022988569,-2.386582434778986,0,3,1.3095081977011431
2867,-2.2182386662886886,-2.5666160865545846,0,3,0.7817613337113114
2868,1.1370153254871436,1.4021167085888293,1,2,3.137015325487144
2869,2.5484158805078394,2.427563726459558,1,2,4.548415880507839
2870,-0.939488235288477,-0.7891601049931003,0,3,2.060511764711523
2871,0.8779744485896435,0.0658643880507088,1,0,0.8779744485896435
2872,-4.092356969574843,-3.9109510299358936,0,3,-1.0923569695748432
2873,-1.3414930817915791,-0.902900458911865,0,3,1.6585069182084209
2874,-0.1334032898468196,-0.843706605769321,1,1,0.8665967101531804
2875,-2.124403921296107,-1.9757783587533877,0,3,0.875596078703893
2876,-1.911970673835839,-1.3745568123924548,0,3,1.088029326164161
2877,-1.3966209436414854,-0.724586283905699,0,3,1.6033790563585146
2878,0.6442254098705255,0.4428257815273416,0,0,0.6442254098705255
2879,-0.4993774128792773,-0.1874052750346638,0,1,0.5006225871207227
2880,-4.459793396454926,-3.88787746845276,0,3,-1.4597933964549261
2881,-4.3080763163916656,-4.147523760079514,0,3,-1.3080763163916656
2882,-1.2800302333742537,-0.7659991977755293,0,3,1.7199697666257463
2883,0.9314456372997102,0.91710097596439,1,0,0.9314456372997102
2884,-5.486905096987067,-5.329179439478748,0,3,-2.4869050969870674
2885,-0.8472255444929335,-1.0958692350778143,0,1,0.15277445550706648
2886,-1.0766243198608092,-1.1424643829303127,0,3,1.9233756801391908
2887,2.706698486592295,2.8801849545428406,1,2,4.706698486592295
2888,-0.8062051124431725,-1.0848528424614796,0,1,0.1937948875568275
2889,0.6230451461136584,0.5336105968573567,1,0,0.6230451461136584
2890,0.2105320614615921,0.5148815338403135,0,0,0.2105320614615921
2891,-3.854901216999755,-3.033878203729315,0,3,-0.854901216999755
2892,1.353878681124301,0.5341032844648715,1,2,3.353878681124301
2893,0.375061744136714,1.1656924110661608,0,0,0.375061744136714
2894,0.939039546695241,0.835090840926134,0,2,2.9390395466952413
2895,-0.016698388017014752,-0.019540719248506047,1,2,1.9833016119829852
2896,-4.234473740772856,-3.77003666077616,0,3,-1.2344737407728559
2897,3.5052413197664167,4.131040029342636,1,2,5.505241319766417
2898,-0.91693005907907,-1.2081148049709864,0,1,0.08306994092093001
2899,0.7820921033124195,0.6919835800653001,0,0,0.7820921033124195
2900,0.0354920693259551,0.0140536297447936,0,1,1.035492069325955
2901,-1.097046984008714,-1.240020521007652,0,1,-0.09704698400871403
2902,-1.5934813110679975,-1.065976921132342,0,3,1.4065186889320025
2903,0.463603041917738,0.4328719615131517,1,0,0.463603041917738
2904,-3.082880685628783,-3.7302997515521295,0,3,-0.08288068562878292
2905,2.017216714781686,1.7640111858561809,1,2,4.017216714781686
2906,-0.7237374167756532,-1.3550974274544052,0,1,0.2762625832243468
2907,-2.621656607917007,-2.7129921225943434,0,3,0.37834339208299284
2908,-1.0379568169718163,-0.7689369471446417,0,1,-0.0379568169718163
2909,2.503655946470549,2.2418652775490737,1,2,4.503655946470548
2910,-1.019933463172827,-1.1811466490266578,0,3,1.980066536827173
2911,0.4539574643571559,0.3440513474218781,1,0,0.4539574643571559
2912,-1.4889105970263588,-1.4326135994922609,0,3,1.5110894029736412
2913,1.372315872325131,1.5787489837793407,1,2,3.3723158723251307
2914,1.150263765059945,1.4731659362340923,1,2,3.150263765059945
2915,3.7491367959326136,4.651343589107222,1,2,5.749136795932614
2916,-0.1963524563098665,-0.1469540839098375,0,1,0.8036475436901335
2917,1.505517864908137,1.799835086500023,1,2,3.5055178649081373
2918,0.3110123493046643,-0.3240103497666456,0,0,0.3110123493046643
2919,2.492269657097976,2.3405964628717624,1,2,4.492269657097976
2920,-1.2947548229247596,-1.402921580309589,0,3,1.7052451770752404
2921,1.5518215133754198,1.1448955577805782,1,2,3.55182151337542
2922,-0.3626062156429607,-0.5770033081899751,0,1,0.6373937843570393
2923,-0.2507149785573552,-0.2937088656196063,0,1,0.7492850214426447
2924,0.08412974342844,-0.1177356062374831,0,0,0.08412974342844
2925,0.5192581800782656,1.55999185521353,0,0,0.5192581800782656
2926,0.255516807153184,0.4604269437842759,0,1,1.255516807153184
2927,0.4896748623593307,1.2900839579030652,0,0,0.4896748623593307
2928,3.033998414674312,3.6310588862079136,1,2,5.033998414674312
2929,1.8044214822365483,1.548723028856394,1,2,3.804421482236548
2930,1.6399558624625523,1.6549800494304772,1,2,3.6399558624625525
2931,-0.4756203625379283,-0.649550210967759,1,1,0.5243796374620717
2932,-1.858332985645841,-1.9230620893603736,0,3,1.141667014354159
2933,2.091975223397563,1.7014017557220704,1,2,4.091975223397563
2934,1.6769079359653172,1.500293804297228,1,2,3.676907935965317
2935,2.9975782597578897,3.141385812371185,0,2,4.99757825975789
2936,-1.0496121971367145,-0.916363374359833,0,3,1.9503878028632855
2937,-0.573477880682679,-0.4721164145961723,1,1,0.426522119317321
2938,-3.4071906558814224,-3.431060585834846,0,3,-0.40719065588142245
2939,-0.4531682732306799,-0.1088713031359037,1,1,0.5468317267693201
2940,2.1900596001380537,2.0872423897066383,1,2,4.190059600138054
2941,-0.7748562947182502,-0.2182353588136039,0,1,0.22514370528174976
2942,1.4384148490262303,0.6993758262192054,1,2,3.4384148490262305
2943,-0.2890911143334096,-0.0263667047431072,0,1,0.7109088856665904
2944,1.0516692190781345,1.2470176639770771,1,0,1.0516692190781345
2945,-2.2866011192559035,-2.556427742156524,0,3,0.7133988807440965
2946,0.285871372707986,0.1437789619658752,0,0,0.285871372707986
2947,-0.016698388017014752,-0.019540719248506047,0,3,2.983301611982985
2948,-0.5387844536422179,-0.1724103547827181,0,1,0.46121554635778206
2949,-3.5011102873972884,-4.200895554729731,0,3,-0.5011102873972884
2950,2.666801749796862,2.918100176858564,1,2,4.666801749796862
2951,1.0443066751248726,0.86124620090185,1,2,3.0443066751248726
2952,0.8528799593816175,1.3029958691010388,1,0,0.8528799593816175
2953,2.4432711337866357,1.7075610482601644,1,2,4.443271133786636
2954,-2.0640906207460525,-1.0859710346975695,0,3,0.9359093792539475
2955,3.396536605884743,3.042080632679104,1,2,5.396536605884743
2956,2.141357347279578,2.7133418219954493,1,2,4.141357347279579
2957,-0.3937849865936006,-0.4214588344867339,1,1,0.6062150134063994
2958,2.104611989700095,1.7771452948200428,1,2,4.1046119897000946
2959,-1.9993942808769032,-1.8933486787243388,0,3,1.0006057191230968
2960,-1.6454618721493957,-1.2338116941668482,0,3,1.3545381278506043
2961,-1.2096660747379504,-1.8307479950358556,0,3,1.7903339252620496
2962,-1.2984897176824288,-1.0178541779676251,0,3,1.7015102823175712
2963,-2.311118028301133,-2.315989427763969,0,3,0.688881971698867
2964,2.281146674201545,2.5119643072280784,1,2,4.281146674201545
2965,-0.5084165461088254,-0.5040264031732333,0,1,0.49158345389117464
2966,0.7205870821098941,0.4918395466080325,1,0,0.7205870821098941
2967,-0.8318842001225522,-1.2771335006713038,0,3,2.168115799877448
2968,-3.564195567509468,-3.2951375226906574,0,3,-0.5641955675094681
2969,-0.0013984219515774,0.2655103749279565,0,0,-0.0013984219515774
2970,-3.771981553265216,-3.5070726541888924,0,3,-0.7719815532652161
2971,-0.4272713634044437,-0.2562328356282145,1,1,0.5727286365955563
2972,-2.9298242625879283,-2.5519447138521403,0,3,0.07017573741207173
2973,3.81211810411635,4.374545816024207,1,2,5.81211810411635
2974,1.6900577796469831,0.9394906406843758,1,2,3.690057779646983
2975,-0.0635222958650998,-1.000241273412735,0,0,-0.0635222958650998
2976,2.5681097559997945,3.2552886999516524,1,2,4.568109755999794
2977,-1.974792411949664,-2.5112110177837392,0,3,1.025207588050336
2978,1.1582922787901553,0.7237949640743073,1,2,3.1582922787901553
2979,0.8470150828497529,0.7319693580997831,1,0,0.8470150828497529
2980,0.2621683508805272,-0.3994202806047138,1,0,0.2621683508805272
2981,2.487804939345691,2.335170260422636,1,2,4.487804939345692
2982,0.9602927330571104,0.5810505954080445,1,2,2.9602927330571105
2983,0.5172602670560199,0.4239239191772169,1,0,0.5172602670560199
2984,-3.1812314419302954,-3.069294919967455,0,3,-0.1812314419302954
2985,-1.775964744287474,-1.9133800344593,0,3,1.224035255712526
2986,-0.2299451211346289,-0.3875640352934877,1,1,0.7700548788653712
2987,0.3645974335050976,0.4677957522217562,1,0,0.3645974335050976
2988,-1.7511965421592892,-1.33347982297931,0,3,1.2488034578407108
2989,5.165814288644362,-0.019540719248506047,1,2,7.165814288644362
2990,2.928283924625218,2.840868623024332,1,2,4.928283924625218
2991,0.9140158434916192,1.643971504260914,1,2,2.9140158434916192
2992,0.0628434392527288,0.4135261731572272,1,0,0.0628434392527288
2993,-0.613814492925773,-1.1066178745150437,1,1,0.38618550707422705
2994,-1.813567410471545,-2.3180507127170147,0,3,1.186432589528455
2995,-0.0812776708481745,-0.3121928110892425,0,0,-0.0812776708481745
2996,0.5009405937674329,1.0787821871113237,1,0,0.5009405937674329
2997,-2.3159183400559864,-2.516465266282201,0,3,0.6840816599440136
2998,0.6482136599263595,-0.1087290698761498,1,0,0.6482136599263595
2999,-0.4997808621990568,-0.591334545754141,1,1,0.5002191378009432
3000,-3.580652304237644,-4.372881091261807,0,3,-0.5806523042376441
3001,-2.0965662105097693,-2.5185604692845183,0,3,0.9034337894902307
3002,-0.892770078018781,-1.1275814405358155,0,1,0.10722992198121895
3003,3.7670433100041136,3.8269108743739904,1,2,5.767043310004114
3004,1.1162879807474426,1.525952911390194,1,2,3.1162879807474426
3005,-2.6348639269841665,-2.357209549635461,0,3,0.3651360730158335
3006,1.0941605427971726,0.6224306234181783,1,0,1.0941605427971726
3007,-3.1016894656858014,-3.2503743705520622,0,3,-0.1016894656858014
3008,2.0917704513454103,2.122320686826437,1,2,4.09177045134541
3009,-1.0237671725676964,-1.1286500223462963,0,1,-0.02376717256769645
3010,-0.3095755378860126,-0.4172936282333304,0,1,0.6904244621139874
3011,2.809101959949753,2.120004630088044,1,2,4.8091019599497535
3012,-2.703632833063802,-3.164726493519659,0,3,0.2963671669361978
3013,-2.6248821484243336,-2.786058088080043,0,3,0.37511785157566635
3014,-1.1633988362400356,-2.400689106218101,0,3,1.8366011637599644
3015,1.9725067406674075,2.2287644686713493,1,2,3.9725067406674075
3016,-2.915010707804858,-3.4640823476892857,0,3,0.08498929219514206
3017,-0.016698388017014752,-5.535066727859706,0,3,2.983301611982985
3018,-0.774680908672355,-0.535114506883991,1,1,0.22531909132764505
3019,1.1460268240601978,0.928549606815244,1,2,3.146026824060198
3020,2.2812585616592744,2.6814778919398896,1,2,4.281258561659275
3021,-0.8205957611038861,-0.5233168231339128,0,1,0.1794042388961139
3022,-0.7135352690942771,-0.8371198574281333,1,1,0.2864647309057229
3023,2.539305389673486,2.370601543596807,1,2,4.539305389673486
3024,-3.546253996908982,-3.1073608826432397,0,3,-0.5462539969089821
3025,-0.678786746220762,-0.5859812104576962,0,1,0.32121325377923804
3026,0.1553295896083628,0.5732084569556197,0,0,0.1553295896083628
3027,1.38815484020488,0.4325652104637851,1,0,1.38815484020488
3028,-1.3003366285961273,-1.2609425897883424,0,3,1.6996633714038727
3029,0.2587346582681445,-0.3722289765196047,1,0,0.2587346582681445
3030,-4.890397943448719,-4.900713346443425,0,3,-1.8903979434487193
3031,-1.5513252991639197,-1.265797215825566,0,3,1.4486747008360803
3032,0.8821572373332349,1.577813295632876,1,0,0.8821572373332349
3033,-1.9803386457582872,-2.3556053371331616,0,3,1.0196613542417128
3034,0.3790849863412994,0.1688030642205062,1,0,0.3790849863412994
3035,0.7510828215493537,0.7128696587191387,1,0,0.7510828215493537
3036,-0.7374874030004007,-1.127299843585157,0,1,0.2625125969995993
3037,-0.1262863790111108,0.265137512504592,0,0,-0.1262863790111108
3038,-1.578512571944509,-1.6065503900907585,0,3,1.421487428055491
3039,-0.6273162079961075,-0.5785333986456891,0,1,0.37268379200389246
3040,1.28581451202628,1.5338837627359436,1,2,3.2858145120262803
3041,0.2936643559924956,0.2649797494423319,0,0,0.2936643559924956
3042,-1.1926627324845391,-1.5196783837548853,0,3,1.8073372675154609
3043,0.610405205555761,0.5851971102363742,1,0,0.610405205555761
3044,1.763472073333963,1.4209995295286073,1,2,3.763472073333963
3045,-4.049583823166557,-4.006391467519963,0,3,-1.0495838231665573
3046,2.4491637334379006,2.8479388217586195,1,2,4.449163733437901
3047,-0.6067311700167358,-1.0767224869256684,0,1,0.3932688299832642
3048,1.0544861512665855,0.4415377506897487,1,0,1.0544861512665855
3049,2.3019105713931904,2.32161054576106,1,2,4.30191057139319
3050,-2.528269283577649,-2.835389130275212,0,3,0.4717307164223512
3051,-1.1967820317256164,-1.1840839219608288,0,3,1.8032179682743836
3052,-0.3605899900148276,-0.2324285817709473,0,1,0.6394100099851724
3053,-1.6995366157161518,-2.5570111072875674,0,3,1.3004633842838482
3054,3.436205624826179,3.712145395889596,1,2,5.436205624826179
3055,-1.6656507898974986,-2.133518191079598,0,3,1.3343492101025014
3056,-1.3852619679395344,-1.3942011481654104,0,3,1.6147380320604656
3057,0.7277621048231565,0.4640091706477844,1,0,0.7277621048231565
3058,-2.406754358852613,-2.6275371647663306,0,3,0.5932456411473872
3059,-0.7345758459915834,-0.0569926701443881,0,1,0.26542415400841657
3060,0.5195056345549097,0.6472126428731741,1,0,0.5195056345549097
3061,-0.9310963206384272,-0.5692209594569907,0,1,0.06890367936157282
3062,-0.3075796948948507,-0.2472031532137536,0,1,0.6924203051051493
3063,-1.014823387370024,-0.7668179575080425,0,3,1.985176612629976
3064,-2.8942548558107952,-2.7273035109534143,0,3,0.10574514418920478
3065,0.6755447307990212,0.7773271886737515,1,0,0.6755447307990212
3066,3.579210946542873,4.022073310208745,1,2,5.579210946542873
3067,-0.030602013369399,0.0320001681683089,0,0,-0.030602013369399
3068,0.5497779477441846,1.463837376631267,1,0,0.5497779477441846
3069,1.6820120835109005,2.0662247126358757,0,2,3.6820120835109007
3070,-2.397703104605601,-2.853519383701477,0,3,0.602296895394399
3071,3.566937693909799,3.496317810316606,1,2,5.566937693909799
3072,0.4634608727069302,0.6222919125031976,1,0,0.4634608727069302
3073,2.9630827842582974,2.980881518543112,1,2,4.963082784258297
3074,-1.6749992971742274,-1.40024992958536,0,3,1.3250007028257726
3075,3.727099005248418,4.045905687181968,1,2,5.727099005248418
3076,1.548123177677549,1.004288383357963,1,2,3.548123177677549
3077,1.1940487489992824,1.7064797668858802,1,2,3.1940487489992826
3078,0.8033335922751106,0.6046066060806928,1,0,0.8033335922751106
3079,-0.351850036303032,-0.5902118386489349,0,1,0.648149963696968
3080,2.652840558096309,2.413191601014093,1,2,4.652840558096309
3081,0.2996560175902399,0.6230865799864732,0,0,0.2996560175902399
3082,-4.095582542671193,-4.202409621930308,0,3,-1.0955825426711927
3083,-2.245946155256873,-2.511366812991956,0,3,0.7540538447431269
3084,-0.5326418671293222,-0.702225530106737,0,1,0.46735813287067784
3085,0.9316569576855998,0.2137802941192489,1,0,0.9316569576855998
3086,0.0449012375073022,-0.2919642680732925,0,1,1.0449012375073021
3087,2.5420440789129826,2.046210659451743,1,2,4.542044078912983
3088,-3.655015087631629,-3.7626828198299855,0,3,-0.6550150876316292
3089,-0.1168354098943247,0.1488418982151122,0,0,-0.1168354098943247
3090,-3.518330860505777,-3.2967805001324866,0,3,-0.518330860505777
3091,1.2572954341074625,1.7599956331260955,1,2,3.2572954341074625
3092,-0.1903685685771377,0.2232217583415105,0,1,0.8096314314228623
3093,0.7768784255547934,0.5654397395874425,1,0,0.7768784255547934
3094,-1.5954185987601426,-1.5877900384586574,0,3,1.4045814012398574
3095,2.604567321107693,2.5915448834191257,1,2,4.604567321107693
3096,2.35247276284006,1.4920516897513054,1,2,4.35247276284006
3097,1.0467091738372525,0.5598053590733547,1,2,3.0467091738372525
3098,-0.1172116158002247,-0.1841262866606697,0,1,0.8827883841997753
3099,1.1921592139700308,1.1230006399137074,1,2,3.1921592139700308
3100,-1.7408431899890084,-1.5359131683069416,0,3,1.2591568100109916
3101,1.5273880263368176,1.7128446781511568,1,2,3.5273880263368174
3102,3.2689861819434083,2.560709181103514,1,2,5.268986181943408
3103,2.363679609936718,2.57111830371973,1,2,4.363679609936717
3104,-1.366460328103396,-1.2950254455218906,0,3,1.633539671896604
3105,0.4893344697700629,0.7386837424279146,1,0,0.4893344697700629
3106,-2.614346333126728,-2.187600098070092,0,3,0.3856536668732722
3107,1.5483419121099575,1.491188722994769,1,2,3.5483419121099575
3108,0.9234514926932492,1.4216867874852812,0,0,0.9234514926932492
3109,-3.805097794078807,-4.160857975636025,0,3,-0.8050977940788071
3110,-2.2252197596734837,-2.6035150078223706,0,3,0.7747802403265163
3111,-0.4135991775711403,-0.2420903015169238,0,1,0.5864008224288597
3112,-0.6929531637776644,-0.8404601818997363,0,1,0.30704683622233564
3113,-2.3184389159633234,-2.2137858901157355,0,3,0.6815610840366766
3114,0.7121795593702056,1.5093724073080024,0,0,0.7121795593702056
3115,0.6468127382469118,0.8042107676485021,0,0,0.6468127382469118
3116,-0.3545996323627818,-0.269731816817134,0,1,0.6454003676372182
3117,-1.4151894349061471,-1.7628775863668862,0,3,1.5848105650938529
3118,1.945577543599626,1.2655856209498877,1,2,3.945577543599626
3119,3.1465569493620187,3.1175383032526143,1,2,5.146556949362019
3120,-0.7780235067611951,-0.3512754081179166,0,1,0.22197649323880486
3121,-1.2402131105867402,-1.36938831341101,0,3,1.7597868894132598
3122,1.039422279243865,1.2000072789260126,1,0,1.039422279243865
3123,-0.7773378449112763,-0.2067389358238432,0,1,0.22266215508872367
3124,-0.0990490465237395,0.4615574787684045,1,1,0.9009509534762605
3125,1.3577443074434112,1.5292706624841244,1,2,3.3577443074434115
3126,-3.845832422994762,-3.777789831531825,0,3,-0.845832422994762
3127,2.793803212245965,2.1863499926447343,1,2,4.793803212245965
3128,0.3799545884915358,0.1278767308207596,0,0,0.3799545884915358
3129,-0.9277381473296972,-1.0400404705369264,0,1,0.07226185267030283
3130,0.2134684879482787,-0.1274641566253821,1,1,1.2134684879482787
3131,-0.0124929512202392,0.0868883539608664,1,1,0.9875070487797608
3132,-3.6709882592515983,-2.906328985857158,0,3,-0.6709882592515983
3133,3.063686864624465,3.670791501689112,1,2,5.063686864624465
3134,0.0060514216445453,0.1036033663770282,1,0,0.0060514216445453
3135,0.9728179583313856,1.2845915871413172,1,0,0.9728179583313856
3136,1.894528291616018,1.6030865654735704,1,2,3.8945282916160178
3137,-2.0274701770825714,-1.4418344368150509,0,3,0.9725298229174286
3138,0.7646251227532277,0.1398384843751554,1,0,0.7646251227532277
3139,-0.3372699356543151,0.0278613287801498,0,1,0.6627300643456848
3140,1.462316077002781,1.6605519610826909,1,2,3.462316077002781
3141,-4.47620781978399,-4.77855157448576,0,3,-1.4762078197839896
3142,-0.1247165306530406,-0.2082312333482157,0,1,0.8752834693469594
3143,-0.8850724621323293,-1.338773543394753,1,3,2.1149275378676706
3144,0.7940072818554296,0.3573512627345367,1,0,0.7940072818554296
3145,1.0802828392771977,0.4438612390276254,1,0,1.0802828392771977
3146,-1.2005837542713431,-0.8935781933910585,0,3,1.7994162457286569
3147,-1.2614108408932734,-0.779272853122601,0,3,1.7385891591067266
3148,-0.2835723949493952,-1.1482955404747657,0,1,0.7164276050506049
3149,-2.011493798069232,-1.276171591608629,0,3,0.9885062019307682
3150,1.2424578777699828,1.237654583115247,1,2,3.242457877769983
3151,-0.790982500787371,-0.6750412188366357,1,1,0.20901749921262902
3152,-0.016698388017014752,-0.019540719248506047,0,3,2.983301611982985
3153,-0.974477310195999,-0.446147010130053,0,1,0.025522689804000964
3154,-1.9370456721841915,-1.8569456349174576,0,3,1.0629543278158085
3155,-3.4525821369322656,-2.997051641023746,0,3,-0.45258213693226557
3156,-2.453638761167777,-1.96529543290868,0,3,0.546361238832223
3157,0.3603752664969436,0.8943250355854517,1,0,0.3603752664969436
3158,2.525382569128777,2.266070258787896,1,2,4.525382569128777
3159,0.6604658838693428,0.577281080712061,1,0,0.6604658838693428
3160,-1.296025043776545,-1.540705873668351,0,3,1.703974956223455
3161,1.0528381221290406,1.410876707225554,1,0,1.0528381221290406
3162,-0.8711171867410561,-0.7379614949955597,1,1,0.1288828132589439
3163,-1.3778992034404358,-0.9502412578351408,0,3,1.6221007965595642
3164,-1.9970553444375727,-1.5519598232146803,0,3,1.0029446555624273
3165,-3.3711963850297777,-4.062100181405341,0,3,-0.3711963850297777
3166,-0.9179177863441484,-0.3776097341225994,0,1,0.08208221365585155
3167,0.2989341996807113,0.6792785827869983,1,0,0.2989341996807113
3168,-0.2084270970457116,-0.3561170503199106,1,1,0.7915729029542884
3169,-0.8158699413696748,-0.6759528347578233,0,1,0.18413005863032517
3170,-1.3865902660720633,-1.436058094705145,0,3,1.6134097339279367
3171,1.2906627619121365,1.537085033364607,1,2,3.2906627619121362
3172,-3.041444353914125,-3.1900029061960757,0,3,-0.04144435391412493
3173,1.4434960333435578,1.6350669298112008,1,2,3.443496033343558
3174,-2.390908455352611,-2.3639863334888704,0,3,0.6090915446473888
3175,-1.570830126115238,-1.74370768751336,0,3,1.429169873884762
3176,-3.33103242717664,-3.2549779292158165,0,3,-0.33103242717663983
3177,-1.177122387984959,-0.0945345585894559,0,3,1.822877612015041
3178,1.6464806110291337,1.3722659590988608,1,2,3.6464806110291335
3179,1.1080882124814084,1.008110775976781,1,2,3.1080882124814084
3180,1.9569520965818457,1.6897071367286336,1,2,3.956952096581846
3181,1.1048775533676178,0.8795909991565843,0,2,3.1048775533676176
3182,-2.228249934774444,-1.9019401934203004,0,3,0.771750065225556
3183,-0.9404379986959984,-0.6540850148415711,1,1,0.05956200130400158
3184,-1.4576939843839782,-1.4600393857125022,0,3,1.5423060156160218
3185,3.045594720131971,3.456113354239616,1,2,5.045594720131971
3186,-2.311734777131314,-1.9943574589335895,0,3,0.6882652228686861
3187,1.7022104589147085,1.6372767845042229,0,2,3.7022104589147085
3188,1.5002943049964494,0.886748408278767,1,2,3.5002943049964497
3189,3.477627009280181,3.8095402124597824,1,2,5.477627009280181
3190,-0.7287652539445829,-0.6608994055437929,0,1,0.2712347460554171
3191,1.639267924520199,1.648157310000436,0,2,3.6392679245201993
3192,4.615476908022081,4.429057700018195,1,2,6.615476908022081
3193,-1.0753058959261963,-0.7774463162796701,0,3,1.9246941040738037
3194,-2.9285448462592707,-2.7891463452878704,0,3,0.0714551537407293
3195,-3.658713189538344,-3.753444406659263,0,3,-0.6587131895383438
3196,1.2937293386704114,0.8035475197828468,1,2,3.2937293386704116
3197,-3.731515713722137,-3.304344072970107,0,3,-0.7315157137221369
3198,-0.9143136666522732,-0.6723515773899225,0,1,0.0856863333477268
3199,0.8781121646695418,0.98027332464778,1,0,0.8781121646695418
3200,0.4365237798732105,-0.6261858181723887,1,0,0.4365237798732105
3201,1.1866464898457156,1.1714887869992916,1,0,1.1866464898457156
3202,0.1826333167281816,0.0861518353379163,1,0,0.1826333167281816
3203,2.654033152825048,2.406634878803311,1,2,4.654033152825048
3204,-1.608385443152875,-1.3066913317271611,0,3,1.391614556847125
3205,-1.2022207237493032,-0.9162767100823924,0,3,1.7977792762506968
3206,-1.3787298019766396,-1.2039999150996843,0,3,1.6212701980233604
3207,1.7779226040987828,2.19307897000588,1,2,3.7779226040987828
3208,2.0604640747452105,1.6515446691316735,1,2,4.0604640747452105
3209,0.6849550050145428,0.5034933823068201,1,0,0.6849550050145428
3210,2.0898020005858062,2.1197189058601285,1,2,4.089802000585806
3211,-2.3573485628458126,-2.6061493705369787,0,3,0.6426514371541874
3212,2.902215802387932,3.193083491069349,1,2,4.902215802387932
3213,3.292606404260119,3.0837260650074407,1,2,5.292606404260119
3214,1.7153870335905816,2.234735035369284,1,2,3.7153870335905816
3215,3.4769277065252147,3.104463945825138,1,2,5.476927706525215
3216,-3.3874005346876497,-2.5346070748874028,0,3,-0.3874005346876497
3217,-1.063365767555438,-0.2516468253144688,0,3,1.936634232444562
3218,-1.4602027912759807,-1.4981040498021183,0,3,1.5397972087240193
3219,1.4683934313535436,1.926861611723843,1,2,3.468393431353544
3220,-1.9886350578286305,-2.148806282032073,0,3,1.0113649421713695
3221,1.4804650280732754,1.8857796273658132,1,2,3.4804650280732754
3222,2.9297109486889856,2.8593196161062773,1,2,4.929710948688985
3223,1.4795953555930592,0.9654193961896655,1,2,3.479595355593059
3224,0.4461093581484751,-0.9670179169230844,0,0,0.4461093581484751
3225,-1.708724148240679,-1.816209526668923,0,3,1.291275851759321
3226,-1.9653533294752263,-1.8537283260011093,0,3,1.0346466705247737
3227,-0.016698388017014752,3.0129312188435247,1,2,1.9833016119829852
3228,1.7520814880257582,1.7667315008863145,1,2,3.752081488025758
3229,-0.2226536597375171,0.1785103941495184,1,1,0.777346340262483
3230,-0.7739079621783509,-0.9554845810669615,0,1,0.2260920378216491
3231,-3.942947826822944,-4.0778594146355225,0,3,-0.9429478268229441
3232,-2.3138096109651256,-1.8921953379536915,0,3,0.6861903890348744
3233,3.80834263036064,2.8224728364929312,1,2,5.80834263036064
3234,-2.592211908046776,-2.587018376485609,0,3,0.4077880919532242
3235,0.2686120720757027,0.1086275322533567,0,0,0.2686120720757027
3236,2.475222916800552,3.0194673987414657,0,2,4.475222916800552
3237,-2.66246660669368,-2.873765124685608,0,3,0.33753339330632004
3238,0.5704070083757433,0.7770409962037811,1,0,0.5704070083757433
3239,1.7972708716450816,2.1658776593789595,1,2,3.7972708716450816
3240,-0.1923285939625557,-0.7893669916147199,0,0,-0.1923285939625557
3241,-0.016698388017014752,-0.019540719248506047,1,2,1.9833016119829852
3242,-3.2073798408788905,-3.3800344145132657,0,3,-0.2073798408788905
3243,2.3015589747808933,2.6800762735127317,1,2,4.301558974780893
3244,-0.0331504526619148,0.2368822836629626,1,1,0.9668495473380851
3245,-0.016698388017014752,2.039608755636697,1,2,1.9833016119829852
3246,0.9327171441496112,0.5137539239831905,1,0,0.9327171441496112
3247,-1.5989308289850708,-1.183672150577035,0,3,1.4010691710149292
3248,0.5485676502776587,0.5215065396381461,0,0,0.5485676502776587
3249,-3.769045492877873,-4.416396119144858,0,3,-0.7690454928778729
3250,1.3916882271132334,0.7787360675252638,0,2,3.3916882271132334
3251,0.3368840727079069,0.5119374447370975,1,0,0.3368840727079069
3252,1.7509872457662925,1.240664768660085,1,2,3.7509872457662925
3253,2.287446269129403,3.031305266570848,1,2,4.287446269129402
3254,0.3984388768601888,0.0236107631164566,1,0,0.3984388768601888
3255,0.1543730591335579,0.1542287689906475,1,0,0.1543730591335579
3256,-1.5989204644997967,-1.5352756780356749,0,3,1.4010795355002033
3257,-1.189172716063811,-1.4809238117585493,0,3,1.810827283936189
3258,2.119021714908269,1.223090902677082,1,2,4.1190217149082695
3259,3.015275981498547,3.0916340205450377,1,2,5.015275981498547
3260,-0.8656888471564927,-1.166984843197396,0,1,0.13431115284350725
3261,0.074138321412339,0.1207536924589163,0,0,0.074138321412339
3262,-1.5868193815668907,-1.6357518024623745,0,3,1.4131806184331093
3263,2.2352105445142936,2.340527043743015,1,2,4.235210544514294
3264,1.0294491875559546,1.6541972358183783,0,2,3.0294491875559544
3265,3.91167783220301,3.693204627112161,1,2,5.91167783220301
3266,-1.8775899276865733,-2.065127789423572,0,3,1.1224100723134267
3267,-0.6301041248232673,-1.2964230459248234,0,1,0.3698958751767327
3268,0.2858265586075325,0.2077529781678146,1,0,0.2858265586075325
3269,1.1384516975209211,1.302399693230908,1,2,3.138451697520921
3270,-0.8355357392705134,-1.028933690298924,0,1,0.1644642607294866
3271,-1.7119332386971042,-1.5453610385349077,0,3,1.2880667613028958
3272,1.7306340701918224,1.659630659996146,1,2,3.7306340701918224
3273,1.204593790943149,0.6836872957555531,1,2,3.2045937909431492
3274,-1.7937884583740316,-1.6689944299007895,0,3,1.2062115416259684
3275,2.9162996623398194,2.8339668089138126,1,2,4.916299662339819
3276,2.2972838297094174,2.3463869582731607,1,2,4.297283829709418
3277,0.3222263844599805,0.0954464311758139,1,0,0.3222263844599805
3278,0.2138579746691056,-0.0483030345272523,1,0,0.2138579746691056
3279,0.8672495767960222,0.9302138998172084,1,2,2.867249576796022
3280,-1.312088976370997,-1.404328941187851,0,3,1.687911023629003
3281,-0.0341070076962924,0.6556042919714138,0,0,-0.0341070076962924
3282,-4.173543848846307,-3.854051643981841,0,3,-1.1735438488463066
3283,1.906754346451681,2.1247560502387564,1,2,3.906754346451681
3284,-3.1509054703068693,-3.221897790907435,0,3,-0.1509054703068693
3285,3.128198661869925,2.317789282479321,1,2,5.128198661869925
3286,-0.6110763435696228,-0.9341143146166944,0,1,0.3889236564303772
3287,-0.706861915307835,-0.9657792963415625,0,1,0.29313808469216496
3288,-1.321922352419029,-1.4319161069349944,0,3,1.678077647580971
3289,-0.6985879283149652,-0.7119317280709466,0,1,0.3014120716850348
3290,2.744713682026848,3.007143668221046,1,2,4.744713682026848
3291,-5.236417948637486,-5.12715972420946,0,3,-2.236417948637486
3292,2.7792175155255814,3.2428987921135435,1,2,4.779217515525581
3293,0.9964454931260988,0.871684703718399,1,0,0.9964454931260988
3294,-2.2184427005147493,-2.1155775228466847,0,3,0.7815572994852507
3295,-1.896518941269047,-1.7589812501575266,0,3,1.103481058730953
3296,3.283859087014775,3.382149600758211,1,2,5.2838590870147755
3297,-2.0182651268826697,-1.5055090277066123,0,3,0.9817348731173303
3298,-2.462418430554261,-2.140908701455384,0,3,0.5375815694457389
3299,2.403442069320903,1.8756807815203336,1,2,4.403442069320903
3300,0.7225183632006584,0.6767859235769225,1,0,0.7225183632006584
3301,-1.8912954953924828,-1.896884968284401,0,3,1.1087045046075172
3302,0.6922796596483066,1.552896085126309,1,0,0.6922796596483066
3303,-1.9705170965174856,-2.1024335690156737,0,3,1.0294829034825144
3304,2.033911269341093,1.6409177080066204,1,2,4.033911269341093
3305,1.986560163919128,2.161890335709786,1,2,3.986560163919128
3306,1.200411057494715,1.399205345344227,1,2,3.200411057494715
3307,0.9316686930249526,0.9021595475330756,0,0,0.9316686930249526
3308,3.632712296185941,3.544607894997585,1,2,5.632712296185941
3309,0.3787504043508669,0.758311986775701,1,1,1.378750404350867
3310,-2.0367468176953185,-2.378186079399246,0,3,0.9632531823046815
3311,0.9871549926347662,0.8507736554873518,1,0,0.9871549926347662
3312,4.004377967177927,3.795518022332572,1,2,6.004377967177927
3313,-2.2915164887180577,-1.8539586496698224,0,3,0.7084835112819423
3314,-0.8004018823909145,-0.686204201076377,1,1,0.19959811760908552
3315,0.9835347654861368,0.5575371265576285,1,0,0.9835347654861368
3316,0.2575197178509092,-0.1282828394541983,0,1,1.2575197178509092
3317,-1.8811177538724693,-1.1317517044276086,0,3,1.1188822461275307
3318,2.477460271307189,2.910747370550005,1,2,4.477460271307189
3319,4.591019946796958,4.92764005940635,1,2,6.591019946796958
3320,0.5168167430933247,0.5217155194826617,1,0,0.5168167430933247
3321,-1.6434652135765662,-1.0400759175284024,0,3,1.3565347864234338
3322,-3.493839905277456,-3.935201819668759,0,3,-0.493839905277456
3323,0.4332642019670596,0.7344512068488559,1,0,0.4332642019670596
3324,2.397694763488089,2.220385360877864,1,2,4.397694763488089
3325,1.0052291601180765,0.9056718322559844,1,0,1.0052291601180765
3326,-0.2441106914678943,0.0462050144650605,0,1,0.7558893085321057
3327,-1.6645677787240836,-1.7219907821966869,0,3,1.3354322212759164
3328,-2.2574834144965807,-2.431363358281084,0,3,0.7425165855034193
3329,1.6551855140709886,1.4571224548358184,1,2,3.655185514070989
3330,1.6507586528055025,0.8562203546010525,1,2,3.6507586528055027
3331,-3.0628425859758672,-2.7575611382656047,0,3,-0.06284258597586723
3332,3.2809553058079466,2.8783032766884293,1,2,5.280955305807947
3333,1.2822798759332492,2.0256436381969607,1,2,3.2822798759332494
3334,2.3280055053051223,2.212960485379125,1,2,4.328005505305122
3335,-2.9471125165318544,-2.4233365975534715,0,3,0.052887483468145646
3336,-0.016698388017014752,-3.516185253574897,0,3,2.983301611982985
3337,-0.1835039933271011,0.1090892151523384,1,1,0.8164960066728989
3338,1.1034156565003954,1.49883794950512,1,2,3.1034156565003954
3339,3.6870956354292623,4.208521089175036,1,2,5.687095635429262
3340,1.335474239236477,0.7242587301218313,1,2,3.335474239236477
3341,-0.5508892410860589,-0.8319766959208306,0,1,0.44911075891394114
3342,-2.1984042690161325,-1.9678002879137004,0,3,0.8015957309838675
3343,2.6136399710594698,2.673016762597113,1,2,4.61363997105947
3344,-2.113508609049345,-1.9961647520238115,0,3,0.8864913909506549
3345,3.426944388582557,3.2828297462588245,1,2,5.426944388582557
3346,-0.5271986515854894,0.0931207944367871,0,1,0.4728013484145106
3347,3.17215524954467,4.215541428856596,1,2,5.172155249544669
3348,1.2265205001632633,1.268112469766899,1,2,3.2265205001632635
3349,-0.5450993511177418,-0.363730852915641,1,1,0.45490064888225823
3350,-1.1683232949278624,-1.1458257966787353,0,3,1.8316767050721376
3351,-0.7478171284171369,-0.2341957687981621,0,1,0.2521828715828631
3352,0.3828285224342247,0.7144750361369492,1,0,0.3828285224342247
3353,0.1148419613685006,-0.3117102668862369,1,0,0.1148419613685006
3354,-1.0027513425322092,-1.2478321467300673,0,3,1.9972486574677908
3355,-0.2178192395484899,-0.6215379567508448,1,1,0.7821807604515101
3356,0.0579128842899981,1.1358418171682023,1,0,0.0579128842899981
3357,-4.248080929146578,-3.993956215713751,0,3,-1.2480809291465782
3358,0.8051033156929974,0.5668288252490845,1,0,0.8051033156929974
3359,-1.9296903027664745,-2.1999111190164102,0,3,1.0703096972335255
3360,-1.998643241662684,-1.6765507324759197,0,3,1.001356758337316
3361,-3.1809889336964456,-2.819020873832792,0,3,-0.18098893369644564
3362,-3.48362613459723,-3.1643830493634657,0,3,-0.4836261345972299
3363,-2.809471988701322,-2.97969493216121,0,3,0.19052801129867802
3364,-1.2680542366720131,-1.145716778906342,0,3,1.7319457633279869
3365,3.569142884778526,3.61350892383188,1,2,5.569142884778525
3366,-1.1022300481885858,-1.4767341971639567,0,3,1.8977699518114142
3367,0.4722424965008526,0.1016449593504439,0,0,0.4722424965008526
3368,0.9490470158222076,1.113833033639462,1,0,0.9490470158222076
3369,0.3961072704748457,0.474687702892309,1,0,0.3961072704748457
3370,-0.0959207836100483,0.1254199007268362,0,1,0.9040792163899517
3371,-2.4297325230152658,-2.113323307537778,0,3,0.5702674769847342
3372,3.0094502905237217,3.609203339522733,1,2,5.009450290523722
3373,3.42382107915851,3.113459324712092,1,2,5.42382107915851
3374,-3.534252840904021,-3.2821583614138685,0,3,-0.534252840904021
3375,-2.0357102464807,-1.7360307198692255,0,3,0.9642897535192998
3376,-0.5249811562122627,-0.6498333212224405,0,1,0.4750188437877373
3377,-2.294198625533312,-2.2454533521056046,0,3,0.705801374466688
3378,1.102960383101634,0.9883369604232046,1,2,3.102960383101634
3379,-1.3019987292293471,-0.4585625758864773,0,3,1.6980012707706529
3380,4.314655088119946,4.356596164296389,1,2,6.314655088119946
3381,2.8559904453439904,3.036592488828548,1,2,4.85599044534399
3382,0.2885610400013925,0.1829673212345079,0,0,0.2885610400013925
3383,1.9817550939620905,1.7899012674617745,1,2,3.9817550939620903
3384,2.132787467489176,1.611986402808505,1,2,4.132787467489176
3385,-1.14313249837469,-0.7031850484845568,0,3,1.85686750162531
3386,-1.6981794516771878,-1.3908044527185477,0,3,1.3018205483228122
3387,-0.1250759829816794,-0.2455145607575934,0,0,-0.1250759829816794
3388,1.613962589748593,1.2538146285230158,1,2,3.613962589748593
3389,0.2585966581520201,0.3305600687200773,0,0,0.2585966581520201
3390,-2.9082785479695947,-3.1073572704883823,0,3,0.09172145203040527
3391,-1.165200233227102,-1.2540172606799505,0,3,1.834799766772898
3392,0.1191490523813748,-0.3862749254597788,0,1,1.1191490523813747
3393,-0.3064070145861818,-0.2195791823269698,0,1,0.6935929854138182
3394,3.805922431454383,3.900723712249883,1,2,5.805922431454383
3395,-2.803841600299866,-2.365952446603992,0,3,0.19615839970013393
3396,1.3680902614424664,1.3077936339894238,1,2,3.3680902614424664
3397,2.9451414062202006,2.8117164153386662,1,2,4.9451414062202
3398,4.277397992738106,3.654693646291216,1,2,6.277397992738106
3399,-0.9090302737585296,-0.4686458944134779,0,1,0.09096972624147037
3400,1.134270105804283,1.4913993524270668,0,0,1.134270105804283
3401,1.2775087697765113,1.289004146339232,1,2,3.277508769776511
3402,0.3509201298082504,-0.1807722920038985,1,0,0.3509201298082504
3403,-0.0610074677666059,-0.5468182802018626,1,1,0.9389925322333941
3404,0.4173163384907253,0.1984739669850095,1,0,0.4173163384907253
3405,-5.043726323432831,-4.657636039886166,0,3,-2.043726323432831
3406,1.5362760643989886,1.6524111184956434,1,2,3.5362760643989883
3407,0.0857831522930273,-0.5115597232596828,0,0,0.0857831522930273
3408,-0.6122175008557884,-0.4505327350157,1,1,0.3877824991442116
3409,3.720434760886421,3.3847761292180776,1,2,5.720434760886421
3410,-1.0318889186189657,-1.240773809223824,1,3,1.9681110813810343
3411,-0.9501827735343747,-0.5614875685256927,0,1,0.04981722646562525
3412,4.03131525998189,4.337516893494223,1,2,6.03131525998189
3413,-1.5433392014030385,-1.1060992482728689,0,3,1.4566607985969615
3414,-0.7978169760447871,-0.807070383678472,0,3,2.2021830239552127
3415,-0.324830401658827,0.0283794214876478,1,1,0.675169598341173
3416,1.5735830055034148,1.3391284999981918,1,2,3.573583005503415
3417,0.4502185444207375,0.34719217057862,1,0,0.4502185444207375
3418,-2.328434638996068,-2.458951928757984,0,3,0.6715653610039318
3419,-1.0983716325345358,-1.0888256252447384,0,3,1.9016283674654642
3420,-1.405682682741238,-1.9202791172660696,0,3,1.594317317258762
3421,-0.4625936521091636,-0.5525956133585083,0,1,0.5374063478908364
3422,0.6074278403386131,1.1880907609461089,1,0,0.6074278403386131
3423,1.0092898112572772,0.5722785465327036,1,0,1.0092898112572772
3424,-3.616148403358167,-4.147876916124179,0,3,-0.6161484033581668
3425,2.00637779313757,1.5069024620726788,0,2,4.00637779313757
3426,0.3619442473564584,1.426688024986315,0,0,0.3619442473564584
3427,2.7860732672278488,2.972014059576,1,2,4.786073267227849
3428,0.840505635828227,0.7323994820916739,0,0,0.840505635828227
3429,2.148019486727674,2.1753476519309283,1,2,4.148019486727674
3430,1.2029554084624017,1.2940111681611288,1,0,1.2029554084624017
3431,3.000054768777823,2.743874778486071,1,2,5.000054768777823
3432,0.7224969374537578,0.5156102379701166,0,2,2.7224969374537578
3433,-0.1303119466572165,-0.1933851995380285,0,1,0.8696880533427835
3434,4.389497021169485,4.099594985875523,1,2,6.389497021169485
3435,1.7284240217875655,1.56965017897909,1,2,3.7284240217875655
3436,1.2093445190341652,1.3505811499663034,1,2,3.209344519034165
3437,-2.595152816462856,-2.9940140883108954,0,3,0.4048471835371439
3438,-2.5305232588015487,-1.4865434904224075,0,3,0.4694767411984513
3439,0.7200250054900903,1.0212876498445702,1,0,0.7200250054900903
3440,0.3499577556445455,-0.1580761397605151,0,0,0.3499577556445455
3441,-1.3576123908501572,-2.348773794490402,0,3,1.6423876091498428
3442,0.1561254778300552,-0.1188758362250562,1,0,0.1561254778300552
3443,2.8893127967635848,3.163057056606484,1,2,4.889312796763585
3444,1.2200208895964535,1.4162088473764958,1,2,3.2200208895964533
3445,-1.889603347125771,-1.933942751265216,0,3,1.110396652874229
3446,-0.3814183691049363,-0.6219953535621705,0,1,0.6185816308950637
3447,-1.8486087241938856,-2.2102612737906577,0,3,1.1513912758061144
3448,-0.7114142604481677,-0.8724474888919705,0,1,0.2885857395518323
3449,-0.8493042831176575,-1.2542562726486983,0,1,0.1506957168823425
3450,-0.9944098125778554,-1.153960915061235,0,1,0.005590187422144566
3451,-2.228461550664372,-1.6960811763352428,0,3,0.7715384493356279
3452,-0.1454840279247072,-0.4539799476244671,0,1,0.8545159720752928
3453,-1.227213860035315,-0.9828613468145198,0,3,1.772786139964685
3454,-0.016698388017014752,-0.019540719248506047,0,3,2.983301611982985
3455,4.005426746222189,3.5735862188078222,1,2,6.005426746222189
3456,2.352487232749396,2.015138482925594,1,2,4.352487232749397
3457,-0.8142309757406196,-0.3866536009459038,0,1,0.18576902425938036
3458,-0.3209926010096333,-0.6912982168699124,1,0,-0.3209926010096333
3459,-2.3529726303819927,-2.375966930066314,0,3,0.6470273696180073
3460,3.084040555396145,3.900034084263555,1,2,5.084040555396145
3461,4.231423509897203,4.623356412721749,1,2,6.231423509897203
3462,0.120253873723603,0.1543460544178294,0,0,0.120253873723603
3463,2.014688335299143,2.350980565111645,1,2,4.014688335299143
3464,0.4022141048080751,0.3798452706824678,1,0,0.4022141048080751
3465,-2.731182509887707,-2.3238897766063173,0,3,0.26881749011229283
3466,-0.8816528182205531,-1.7001589907591417,1,1,0.11834718177944692
3467,0.3482213907760895,0.2925149922261115,1,0,0.3482213907760895
3468,-0.6038522457276326,-1.4383882083647614,0,1,0.39614775427236737
3469,-0.2838047385066125,-0.2192626632138809,0,1,0.7161952614933875
3470,0.1129036606964796,0.0184325013874001,1,1,1.1129036606964795
3471,-0.371080817349623,0.1732111213073089,0,1,0.628919182650377
3472,0.1679895076460387,0.4527204550851056,0,0,0.1679895076460387
3473,-2.090160922381546,-2.3005959973975725,0,3,0.9098390776184542
3474,-1.3638140399205254,-1.5263005425528715,0,3,1.6361859600794746
3475,-2.293922137272824,-2.141643525180912,0,3,0.706077862727176
3476,1.9114732694139895,1.6824490323926806,1,2,3.9114732694139898
3477,-4.292394556991467,-4.305343671545285,0,3,-1.292394556991467
3478,2.413976846117584,2.940656071923532,1,2,4.413976846117584
3479,2.417058249012517,2.0854061756003657,1,2,4.417058249012517
3480,-0.6517315837896784,-0.8308013301722368,0,1,0.34826841621032156
3481,-5.233113713511687,-5.356086651691414,0,3,-2.2331137135116874
3482,-0.906692847195966,0.3565365232782833,0,1,0.09330715280403401
3483,0.0830434796936769,0.3263405446965438,1,1,1.083043479693677
3484,-2.233644503326484,-1.7808171677073468,0,3,0.766355496673516
3485,-1.0576113972892447,-0.7503611125378908,1,3,1.9423886027107553
3486,3.1190218427912964,3.453179389185416,1,2,5.119021842791296
3487,1.6005446368987055,1.7899740518316212,1,2,3.6005446368987055
3488,-1.8512395157323704,-1.7051318357087335,0,3,1.1487604842676296
3489,-3.007967620365222,-3.5882654821526367,0,3,-0.007967620365222139
3490,-0.5139155557641167,-0.3707697332269409,0,1,0.48608444423588326
3491,-0.402222047467048,-0.4455594844242311,1,1,0.5977779525329521
3492,0.7744956930719415,0.9926784542117396,1,0,0.7744956930719415
3493,-1.3575495973161875,-1.3858932639723665,0,3,1.6424504026838125
3494,1.0443002310075602,1.349565948098757,1,2,3.0443002310075604
3495,3.761768705339936,4.137741733799608,1,2,5.761768705339936
3496,1.8148542632247835,0.6499902533664779,1,2,3.8148542632247837
3497,0.0529942889581703,-0.1205628383082129,0,1,1.0529942889581703
3498,-0.4032231409939993,-1.14617790334925,0,1,0.5967768590060007
3499,-0.9448888531479964,-0.8493110312911986,0,1,0.05511114685200358
3500,2.463428934825744,2.3431455836841435,1,2,4.463428934825744
3501,-1.4582167811296358,-0.9158853928949936,0,3,1.5417832188703642
3502,-0.0612473665862078,0.021650498134143,0,0,-0.0612473665862078
3503,-0.0934873438808602,-0.2876993344663455,1,0,-0.0934873438808602
3504,-1.0312685900110543,-0.6558399740728207,0,3,1.9687314099889457
3505,-2.5108926289540894,-2.6381736120850663,0,3,0.4891073710459106
3506,0.6449408331906306,0.4457418108331631,1,0,0.6449408331906306
3507,-0.2106516821963062,-0.0532015163395639,0,1,0.7893483178036937
3508,0.6953579528640909,1.3405465088398794,1,2,2.6953579528640907
3509,-0.9567756959323652,-0.6153549326364363,0,3,2.0432243040676346
3510,-0.016698388017014752,2.51233406255296,1,2,1.9833016119829852
3511,-1.7300440385920703,-0.6296646251834048,0,3,1.2699559614079297
3512,3.3532368448524568,3.0602728303086595,1,2,5.353236844852457
3513,-3.3276375757366354,-3.6295247105134782,0,3,-0.32763757573663543
3514,0.8380928507080718,0.896320642883969,1,0,0.8380928507080718
3515,0.9390760941486366,1.5450866477905223,1,0,0.9390760941486366
3516,-1.4939647063906727,-1.8706390969085136,0,3,1.5060352936093273
3517,1.2701759121746623,1.9720049511998865,1,0,1.2701759121746623
3518,2.7367267255920287,2.1610777298286736,1,2,4.736726725592028
3519,-4.45135889997785,-4.499846120266322,0,3,-1.4513588999778504
3520,1.0061292131046868,1.0755154793721466,1,2,3.006129213104687
3521,-5.091513532725042,-5.444566299252203,0,3,-2.091513532725042
3522,-2.121328747750355,-2.3698224937232357,0,3,0.8786712522496449
3523,3.1477825723886257,3.466434764122892,1,2,5.147782572388626
3524,-1.3179938595264966,-0.7413715625220031,0,3,1.6820061404735034
3525,-2.217086252058768,-3.062930397057177,0,3,0.7829137479412318
3526,-0.610114429543161,-0.5380198753594352,1,1,0.389885570456839
3527,4.402454788603113,4.357131227156792,1,2,6.402454788603113
3528,-3.5129552176882863,-3.4699966754387064,0,3,-0.5129552176882863
3529,-2.0985194774051554,-2.225226067651636,0,3,0.9014805225948446
3530,2.9949270886522665,2.4787323008297357,1,2,4.9949270886522665
3531,3.603948425152554,4.220867216370403,0,2,5.603948425152554
3532,-0.152845566311015,0.3108862730212648,0,1,0.847154433688985
3533,-2.260486912411567,-2.30208258797032,0,3,0.739513087588433
3534,4.051055711167155,3.855730426177818,1,2,6.051055711167155
3535,2.8822063657146475,2.638430114112296,1,2,4.882206365714648
3536,1.4985376264958146,0.4642763365700224,0,2,3.4985376264958146
3537,-1.55993150302608,-1.4184034731851152,0,3,1.44006849697392
3538,-0.3220984419643093,-0.0099690058431716,1,1,0.6779015580356906
3539,-0.4673984362724851,-0.4122375898285776,0,1,0.5326015637275149
3540,0.4898817544211273,0.4553471805812263,1,0,0.4898817544211273
3541,2.7570964224558225,2.810449825850456,1,2,4.757096422455822
3542,1.6940975314665687,1.352807139163538,1,2,3.6940975314665687
3543,-2.2080616148256658,-2.4078837057737985,0,3,0.7919383851743342
3544,2.622834169025384,2.55630095773252,1,2,4.622834169025384
3545,0.474631516126325,0.7533021460322833,1,0,0.474631516126325
3546,1.3283747229339562,1.8799180722520008,1,2,3.3283747229339564
3547,2.966620025529118,2.874960888339936,1,2,4.966620025529118
3548,-2.286419806300071,-2.704334021326237,0,3,0.7135801936999289
3549,0.1600822472553345,0.1743409635607065,0,1,1.1600822472553345
3550,-0.9612915598342728,-0.1566951147987043,0,3,2.038708440165727
3551,-3.453888022102651,-3.8370105961561447,0,3,-0.4538880221026509
3552,0.7981655082926105,1.1525018071457356,1,0,0.7981655082926105
3553,5.144221899685964,-0.019540719248506047,1,2,7.144221899685964
3554,-3.767102482636344,-3.911108426566538,0,3,-0.7671024826363442
3555,-0.3636007395595718,-0.643890570647188,1,1,0.6363992604404283
3556,1.282699222031774,1.5126818951650751,1,2,3.282699222031774
3557,0.2446146730159134,0.3859013821375794,0,0,0.2446146730159134
3558,-0.4505853523381197,-0.1726756838097649,0,1,0.5494146476618803
3559,-2.888676570143636,-2.0591927975477136,0,3,0.1113234298563639
3560,0.4480627765896394,0.5148813979402649,0,0,0.4480627765896394
3561,-1.5601433924420172,-2.0370333320244582,0,3,1.4398566075579828
3562,-4.463296483021585,-4.436640482154216,0,3,-1.463296483021585
3563,2.3725022940781493,2.4691250117603016,1,2,4.372502294078149
3564,1.696216364920021,2.203083819755321,1,2,3.696216364920021
3565,0.0163578311289367,-0.0623479270421444,1,0,0.0163578311289367
3566,0.5648143825342746,0.4011872490561207,1,0,0.5648143825342746
3567,2.078642009360865,1.5301644108942287,1,2,4.078642009360864
3568,0.1142848191976547,0.3332499360233067,0,0,0.1142848191976547
3569,-0.016698388017014752,3.0527795281935046,1,2,1.9833016119829852
3570,-0.8089960944490724,-0.8980324880506478,0,1,0.1910039055509276
3571,2.677394736440239,2.8581767182490188,1,2,4.677394736440239
3572,0.7053389325414529,0.4862057912154676,1,0,0.7053389325414529
3573,0.0563489621945418,-0.4561650058037944,0,0,0.0563489621945418
3574,-2.3883195833076263,-2.2146252076274138,0,3,0.6116804166923737
3575,0.3514744483477057,0.3627497617225825,1,0,0.3514744483477057
3576,-1.352073376892432,-2.3062950341187616,0,3,1.647926623107568
3577,-1.2863207059571118,-0.6423092196610641,0,3,1.7136792940428882
3578,-1.8800299563400744,-1.7136442058052284,0,3,1.1199700436599256
3579,-2.3608670779369865,-2.3313088578955448,0,3,0.6391329220630135
3580,4.3191618643913925,4.150371118754469,1,2,6.3191618643913925
3581,2.5844181459971307,2.7465357901943674,1,2,4.58441814599713
3582,3.8214042223648943,4.001962603331308,1,2,5.821404222364894
3583,-2.12323399257172,-1.9627054430810351,0,3,0.8767660074282801
3584,0.0026586869759699,0.4298559047773657,1,0,0.0026586869759699
3585,-2.5750226788690505,-2.056914185335712,0,3,0.42497732113094955
3586,-1.1074208569195174,-0.3051836314721587,0,3,1.8925791430804826
3587,-1.7821512717398695,-2.116888144719358,0,3,1.2178487282601305
3588,2.157847465811522,1.9284788603046352,1,2,4.157847465811522
3589,-0.6913815538570923,-0.546908687040437,1,1,0.3086184461429077
3590,1.904158095831344,1.59252175233623,1,2,3.904158095831344
3591,1.489603284923629,1.2423972559747407,1,2,3.489603284923629
3592,4.442703983209983,4.632795815812635,1,2,6.442703983209983
3593,-2.364986544730315,-2.004649602738375,0,3,0.6350134552696849
3594,2.811941677239133,3.3223128583506787,1,2,4.811941677239133
3595,2.1335592268758594,2.0565134613728198,1,2,4.133559226875859
3596,-1.942754915053747,-1.7574937296385589,0,3,1.057245084946253
3597,2.164995529273012,2.26209862363052,1,2,4.164995529273012
3598,0.8290220208977992,0.8360849989697936,1,0,0.8290220208977992
3599,-0.3664852679115761,-0.6928889339947831,0,1,0.6335147320884239
3600,-1.397439166550777,-1.7747236022317856,0,3,1.602560833449223
3601,-1.4628126922252458,-1.1961427802428632,0,3,1.5371873077747542
3602,4.0262806578566455,3.6931529059029646,1,2,6.0262806578566455
3603,-0.0680071596699568,-0.7787746896007676,0,0,-0.0680071596699568
3604,1.7359346494573438,1.7232301201412683,1,2,3.7359346494573438
3605,-1.5087625552745771,-0.9266664344146774,1,3,1.4912374447254229
3606,-1.5014491593052264,-2.6193893346661232,0,3,1.4985508406947736
3607,2.323016468351321,2.207684359089916,1,2,4.323016468351321
3608,-3.109362904673836,-2.8392769585433424,0,3,-0.1093629046738358
3609,-0.768413771035513,-1.4978123443214335,0,1,0.231586228964487
3610,0.1117685999192072,0.0264354334387744,0,0,0.1117685999192072
3611,0.5565068199402459,0.1007239221192289,1,0,0.5565068199402459
3612,-0.663904166485046,-1.0667754120878004,0,1,0.336095833514954
3613,1.1030768886671978,0.9421096055863896,0,0,1.1030768886671978
3614,1.4007933374205563,0.9515341813676884,1,2,3.4007933374205566
3615,1.5670729970506692,1.0845527157899442,1,2,3.567072997050669
3616,-1.636423859813778,-1.66011656043058,0,3,1.363576140186222
3617,-0.4561579422564797,0.4346976819577947,0,1,0.5438420577435203
3618,2.4695993816463875,2.77269670862553,1,2,4.469599381646388
3619,1.837752612308208,2.2419657191235505,1,2,3.8377526123082077
3620,-2.8424145299610037,-2.523509554593465,0,3,0.15758547003899626
3621,0.6972619758023247,0.4182565307306378,1,0,0.6972619758023247
3622,-4.09955305197417,-3.975220160327706,0,3,-1.09955305197417
3623,0.0849564242356428,0.5240341286125765,0,0,0.0849564242356428
3624,3.3283478940809346,3.659682881193651,1,2,5.328347894080935
3625,-1.8099775210244629,-1.7321571180771087,0,3,1.1900224789755371
3626,-1.6929935417398894,-1.484974944062332,0,3,1.3070064582601106
3627,1.460818815812366,2.4459684018800267,1,2,3.460818815812366
3628,-3.041651413631264,-2.705874126768725,0,3,-0.04165141363126379
3629,-1.5522228443631665,-1.6782865872422257,0,3,1.4477771556368335
3630,1.5787362744877618,1.549121471981923,1,2,3.5787362744877615
3631,-1.289125187676326,-1.7107857463129048,0,3,1.710874812323674
3632,-0.5011088610163812,0.4377055181621374,0,1,0.4988911389836188
3633,1.2952921786034846,1.936840068780902,1,2,3.295292178603485
3634,0.8478814435629748,0.8811666580718205,1,0,0.8478814435629748
3635,0.8110287706454599,1.6833568181521703,1,0,0.8110287706454599
3636,-0.4710613166536707,-0.2181012986716797,0,1,0.5289386833463293
3637,0.911009780766022,0.7386712137196948,0,0,0.911009780766022
3638,-0.1381855698660589,0.2243954463418602,1,1,0.8618144301339411
3639,0.8439027143390475,1.003360103057708,1,0,0.8439027143390475
3640,-1.2838966836432968,-0.9487539723327372,0,1,-0.2838966836432968
3641,-0.4053457031324092,-0.952982446994896,0,1,0.5946542968675907
3642,-2.027089878010764,-2.351215540889671,0,3,0.9729101219892362
3643,0.1397436679217764,0.7351319999710465,1,1,1.1397436679217763
3644,-1.5601236387657256,-0.8828686421401031,0,3,1.4398763612342744
3645,-1.905630594743277,-1.3395855039560551,0,3,1.094369405256723
3646,0.7568200037184112,1.644278765153154,1,0,0.7568200037184112
3647,0.3341804298145015,0.5651277491000468,1,0,0.3341804298145015
3648,1.2067216305731714,1.4095549757053436,1,2,3.2067216305731714
3649,-0.5851360923619019,-0.9504188528514268,0,1,0.4148639076380981
3650,1.0879827383196603,0.8557701619811382,1,0,1.0879827383196603
3651,0.8283528263668811,0.0330484574430604,1,2,2.8283528263668813
3652,1.1913956196286897,1.062801214681607,0,0,1.1913956196286897
3653,-1.5748839314857808,-2.39829436701908,0,3,1.4251160685142192
3654,0.3308640641675084,0.7632505325129861,0,0,0.3308640641675084
3655,1.0512372429587882,1.2065967903789692,1,0,1.0512372429587882
3656,0.2832939684620069,-0.5271737300964292,0,0,0.2832939684620069
3657,-4.042689126343128,-4.118634603208521,0,3,-1.0426891263431282
3658,0.4156226611093567,1.2026849100487569,0,0,0.4156226611093567
3659,4.548340936900556,4.498074476566258,1,2,6.548340936900556
3660,-0.8000900242904706,-1.1994384017456676,1,1,0.1999099757095294
3661,-1.4671744856571065,-2.181375393379203,0,3,1.5328255143428935
3662,0.5662336885038879,-0.1360249564736676,1,0,0.5662336885038879
3663,0.5581484657853597,0.7723804529277604,0,0,0.5581484657853597
3664,2.312143555099042,2.1385945061691443,1,2,4.312143555099042
3665,-2.6427973857421083,-2.783195042381884,0,3,0.3572026142578917
3666,1.490109805679677,1.3182111403020895,1,2,3.490109805679677
3667,1.1160479523628115,1.059951972576914,1,2,3.1160479523628117
3668,-0.1838461298106974,-0.6747113292919167,1,1,0.8161538701893026
3669,0.3529105131846269,0.4793525106603782,0,0,0.3529105131846269
3670,2.0362440043752548,1.467161506872577,1,2,4.036244004375255
3671,1.7709410880923997,1.4686041048758982,1,2,3.7709410880923997
3672,-2.3481644721148336,-1.943833393048784,0,3,0.6518355278851664
3673,1.6058378335491226,1.756319833439198,1,2,3.6058378335491224
3674,-0.4464264122110084,-0.1721536737304553,1,1,0.5535735877889916
3675,0.2170436169649292,1.0771989740920838,1,0,0.2170436169649292
3676,0.2759151785168031,0.2520535743950041,1,0,0.2759151785168031
3677,-0.2017785187557665,-0.1931944147457755,1,1,0.7982214812442335
3678,2.5911604061025666,2.4854320237624306,1,2,4.591160406102567
3679,-0.1271299985419236,-0.3044956574987825,0,1,0.8728700014580764
3680,-2.14335602063615,-2.5475923515936647,0,3,0.8566439793638501
3681,-0.7558415642480872,-0.7222156397697463,1,1,0.24415843575191276
3682,0.49489957753945,0.6369190201779126,0,0,0.49489957753945
3683,2.1429836413676764,2.307291777044835,1,2,4.142983641367676
3684,1.027473176302065,1.0532187070488963,1,2,3.027473176302065
3685,-1.3836906260874695,-1.0132223041594768,0,3,1.6163093739125305
3686,4.478292668938542,4.490067345235497,1,2,6.478292668938542
3687,0.5015150359908904,0.3377942806973057,1,0,0.5015150359908904
3688,2.7852364679196437,2.414441195129836,1,2,4.785236467919644
3689,-0.3220810002628111,-0.9416710848939828,1,1,0.6779189997371888
3690,0.9857162751207592,1.5698823462953535,1,2,2.985716275120759
3691,1.7048213443998694,1.425199494204937,1,2,3.7048213443998694
3692,2.3657653875080227,1.9954985301931052,1,2,4.365765387508023
3693,2.120906509307838,1.953891217977049,1,2,4.120906509307838
3694,1.6077177928419295,1.4963622782284112,1,2,3.6077177928419295
3695,-0.4084385783970724,0.246966395964037,0,1,0.5915614216029276
3696,-0.8588390996989905,-0.9900979409354588,1,3,2.1411609003010095
3697,0.6385369562260705,1.691890382386728,1,0,0.6385369562260705
3698,1.58895826054389,1.614437142405163,1,2,3.5889582605438903
3699,-0.5502100356158932,0.2726012639726097,0,1,0.4497899643841068
3700,2.09354619940818,2.4511179119804685,1,2,4.0935461994081805
3701,3.0063412663530005,3.150756234290905,1,2,5.006341266353001
3702,-2.034244482780975,-1.40310522948598,0,3,0.9657555172190251
3703,-1.82767387132099,-1.37878195374487,0,3,1.17232612867901
3704,-0.1786148902389114,0.0752567434355241,0,1,0.8213851097610886
3705,0.8030071027863044,1.7300447066949811,1,0,0.8030071027863044
3706,-1.1734528365682388,-1.372809921349688,0,3,1.8265471634317612
3707,2.437761946944089,2.0397964765593963,1,2,4.437761946944089
3708,1.5049573632944793,1.2344650665696977,1,0,1.5049573632944793
3709,0.2355549438992217,0.9364642199326436,0,0,0.2355549438992217
3710,-2.925219800090461,-2.344915791656023,0,3,0.07478019990953921
3711,-2.457825377748846,-2.667930137541,0,3,0.5421746222511539
3712,0.5371271746207281,-0.4047333404168184,1,0,0.5371271746207281
3713,-4.091759874489635,-4.174097889041124,0,3,-1.091759874489635
3714,2.057153458843388,1.6518477354068797,1,2,4.057153458843388
3715,-0.2980533091111259,-0.4956276977069075,0,1,0.7019466908888741
3716,-0.016698388017014752,-0.019540719248506047,1,2,1.9833016119829852
3717,4.326356234539603,3.682541003747994,1,2,6.326356234539603
3718,0.0247208413835944,0.778002588715955,1,1,1.0247208413835944
3719,-0.4009807891161786,-0.674448070693546,0,1,0.5990192108838214
3720,1.7191583127419403,2.284225434045608,1,2,3.71915831274194
3721,3.363773243284802,3.275224879346059,1,2,5.363773243284802
3722,-3.468352477574135,-3.920674159395112,0,3,-0.4683524775741348
3723,-3.583093488821428,-3.3794661328498266,0,3,-0.5830934888214281
3724,-1.106516841396409,-1.2629395841695807,0,3,1.893483158603591
3725,1.3645357464535732,1.2816953041882744,1,2,3.3645357464535732
3726,1.1566933253395306,1.2146556990754378,1,0,1.1566933253395306
3727,2.078416499010564,1.7535313647110886,1,2,4.078416499010563
3728,-2.389476691198299,-3.037931232846443,0,3,0.6105233088017008
3729,-4.550711915758255,-4.57121976165199,0,3,-1.5507119157582547
3730,1.3644709058158764,1.7500379868694107,1,2,3.3644709058158764
3731,-1.5422756059064973,-1.9029121094711996,0,3,1.4577243940935027
3732,-4.3284355862940425,-4.2668506797877885,0,3,-1.3284355862940425
3733,0.6981968117000612,1.30039967111974,1,0,0.6981968117000612
3734,1.5054483595090156,1.4695424045994765,1,2,3.505448359509016
3735,-0.2810892996814728,-0.2466515509631291,0,1,0.7189107003185272
3736,-1.0696381922125495,-1.047553250772395,0,1,-0.06963819221254952
3737,-0.444718470662951,-0.717656241020175,1,1,0.555281529337049
3738,-0.2863468109729177,-0.6836886183462683,1,1,0.7136531890270823
3739,-2.508020286155675,-2.9037252338841046,0,3,0.49197971384432515
3740,-1.7392018430104312,-1.5919285642075218,0,3,1.2607981569895688
3741,1.343402390164675,1.6465513349377727,1,2,3.343402390164675
3742,0.8820055377812865,1.2040384331564271,1,0,0.8820055377812865
3743,0.2798771194759828,0.1284599779737978,1,0,0.2798771194759828
3744,-1.9289575753007917,-1.491634158928533,0,3,1.0710424246992083
3745,-0.3659951401555491,-0.2430496123513785,0,1,0.6340048598444509
3746,-3.959614111996323,-3.9313172232799154,0,3,-0.9596141119963231
3747,0.1976952899723614,-1.1380473750690727,1,0,0.1976952899723614
3748,2.88691753758228,2.559953692939726,1,2,4.8869175375822795
3749,-3.033893330282772,-3.642332491177682,0,3,-0.033893330282772194
3750,-1.4584634275590815,-1.2076340247334376,0,3,1.5415365724409185
3751,1.0965412084312565,1.1345545412032696,1,0,1.0965412084312565
3752,2.2693719530344847,1.8405773984804408,1,2,4.269371953034485
3753,-0.8524233951027437,-0.7306783717156791,1,1,0.14757660489725632
3754,-1.7326407798078598,-2.302037726290399,0,3,1.2673592201921402
3755,-4.017660392680785,-4.435165631987819,0,3,-1.017660392680785
3756,0.2912700229029042,0.0071814905569281,1,0,0.2912700229029042
3757,3.919205284387016,4.135259813124962,1,2,5.919205284387016
3758,0.6720772940764828,1.2318539657580438,1,0,0.6720772940764828
3759,-0.0983661767450431,-0.332769556082617,0,1,0.9016338232549569
3760,0.8761811240136935,1.4051645806570043,1,0,0.8761811240136935
3761,0.2501681747708406,0.2691295950154246,0,1,1.2501681747708406
3762,-1.743377696666262,-1.6489224322961726,0,3,1.256622303333738
3763,1.661906403234002,1.6363845801430243,1,2,3.661906403234002
3764,0.4882138915179553,0.4092883901635292,1,0,0.4882138915179553
3765,0.1590963629542543,0.3348163776498243,1,0,0.1590963629542543
3766,-1.9478556553076467,-1.6517271808348288,0,3,1.0521443446923533
3767,2.6450580557380867,2.291213534283745,1,2,4.645058055738087
3768,1.280724195707196,1.2050040078793935,1,2,3.280724195707196
3769,-1.0827937013402005,-0.4150836624508944,0,3,1.9172062986597995
3770,2.263237746070901,2.33411320779831,1,2,4.263237746070901
3771,-0.8659250285280434,-0.751247486756384,0,1,0.13407497147195657
3772,-1.4237558571334,-0.9568484415464292,0,3,1.5762441428666
3773,-1.3747921701334584,-1.5752899698473233,0,3,1.6252078298665416
3774,-3.5728988617523894,-3.5864831105128903,0,3,-0.5728988617523894
3775,1.0068501695523175,1.3335881281917494,0,0,1.0068501695523175
3776,-3.879324492343849,-3.383763599832512,0,3,-0.8793244923438488
3777,-2.203126131268134,-3.1491834486702994,0,3,0.7968738687318662
3778,-4.707768104625711,-5.00243562098386,0,3,-1.7077681046257114
3779,-0.1895690640488711,-0.5889151865885811,0,1,0.8104309359511289
3780,-0.0724617251136892,-0.1219917664705084,1,1,0.9275382748863108
3781,-0.9261660130985964,-1.2952351237359836,0,1,0.07383398690140364
3782,-2.005199405817782,-1.7395572060138187,0,3,0.9948005941822178
3783,-2.4806207961890854,-2.411656659769525,0,3,0.5193792038109146
3784,0.8549790740553747,1.2106551417970404,1,0,0.8549790740553747
3785,-0.911915671289088,-0.5307124883396607,0,3,2.088084328710912
3786,0.6723280282493195,0.943962435615659,1,0,0.6723280282493195
3787,-2.1773685458253174,-2.311684766269327,0,3,0.8226314541746826
3788,0.1668403775958449,0.2085513930984942,1,0,0.1668403775958449
3789,2.8016232216098795,2.617273659481959,1,2,4.80162322160988
3790,1.262120144424166,0.7162260188362497,1,2,3.2621201444241663
3791,-0.4752005219281038,-0.0936853830930177,0,1,0.5247994780718962
3792,0.8509274595145142,0.8173016086067953,0,0,0.8509274595145142
3793,-0.5497793750897844,-1.1508241607396297,0,1,0.45022062491021564
3794,0.5164079304033541,0.7311877588383944,1,0,0.5164079304033541
3795,-0.6463261703266251,-0.7359057373757243,0,1,0.3536738296733749
3796,-0.5212041186525875,-1.345125707700939,0,1,0.47879588134741247
3797,0.297458732966235,-0.2520329760196363,1,0,0.297458732966235
3798,-2.438062420221785,-2.7183068836862234,0,3,0.5619375797782151
3799,-1.7103538523301005,-1.6261490289525462,0,3,1.2896461476698995
3800,-2.4581327098536496,-2.1429247158334253,0,3,0.5418672901463504
3801,-3.403643696770084,-3.102136124491061,0,3,-0.40364369677008405
3802,-2.48014224211734,-2.238997060145219,0,3,0.5198577578826602
3803,0.3380465224307739,0.3243015737539822,1,0,0.3380465224307739
3804,-1.9776456414121908,-1.2887527171729038,0,3,1.0223543585878092
3805,0.6762085222079601,0.9561570198079146,1,2,2.6762085222079603
3806,0.0273559767497413,0.1161981244466573,1,0,0.0273559767497413
3807,-4.001224312767957,-3.774589070475813,0,3,-1.001224312767957
3808,1.2322689202456245,1.0726549189833832,0,2,3.2322689202456245
3809,1.6661405037036128,1.643243063289631,1,2,3.6661405037036126
3810,-1.701821417964508,-2.5346030337851326,0,3,1.298178582035492
3811,0.779764541851638,0.6250654768605971,0,0,0.779764541851638
3812,-1.6789078750741253,-0.9749526687674156,0,3,1.3210921249258747
3813,0.340714858245658,0.4000649691604964,1,0,0.340714858245658
3814,-2.4181682286073816,-2.375472317662737,0,3,0.5818317713926184
3815,-3.709097609958722,-3.309655971899009,0,3,-0.7090976099587221
3816,-0.7463589546031302,-0.6032287883541793,0,1,0.2536410453968698
3817,-0.1379499285158616,-0.4525434502184995,1,1,0.8620500714841384
3818,-1.0210296547313635,-1.011566649855234,0,1,-0.021029654731363534
3819,-2.115353314285817,-2.569440964157223,0,3,0.8846466857141828
3820,-0.5134803432194519,-0.4400354749713384,1,1,0.4865196567805481
3821,0.3940334540725692,0.0589334731109927,1,0,0.3940334540725692
3822,-0.0510520565754402,0.3202657882380573,1,1,0.9489479434245598
3823,0.4934577125326331,0.2893614638241018,1,0,0.4934577125326331
3824,-1.4493532321742164,-1.7792347958280343,0,3,1.5506467678257836
3825,2.439758598569938,2.3946258032453467,1,2,4.439758598569938
3826,-2.3196955478511283,-2.173538820199243,0,3,0.6803044521488717
3827,0.681536958645677,0.1986041599097402,1,0,0.681536958645677
3828,2.455614449115634,2.2471078101862,1,2,4.455614449115634
3829,0.7417877022435836,0.7838526245209448,1,0,0.7417877022435836
3830,-0.2172078837972506,0.3181395360173603,1,1,0.7827921162027494
3831,-1.190836308352736,-2.202322614070246,0,3,1.809163691647264
3832,2.039918215360283,2.285983496833578,1,2,4.039918215360283
3833,-2.5714940678340312,-2.7249202935964743,0,3,0.4285059321659688
3834,-1.8409721914535184,-2.0388163302117857,0,3,1.1590278085464816
3835,-1.0110103148983518,-1.2834610989526551,0,1,-0.011010314898351803
3836,2.27232420086418,2.1267659674104773,1,2,4.27232420086418
3837,0.6396747143570469,0.8880015947218447,1,0,0.6396747143570469
3838,-1.857162700349157,-2.0718772888112675,0,3,1.142837299650843
3839,-0.5489554477832537,0.1144813585421954,0,1,0.45104455221674633
3840,-1.397266749125163,-1.147720035408201,0,3,1.602733250874837
3841,-1.653019881589942,-1.5738310315287938,0,3,1.346980118410058
3842,2.0140957981307253,1.947673351004076,1,2,4.014095798130725
3843,-2.779858271685044,-2.303916590153803,0,3,0.22014172831495582
3844,3.6490048889582942,4.18341276366162,1,2,5.649004888958294
3845,1.6637801116818614,1.1992272527801635,1,2,3.663780111681861
3846,2.544573906747451,2.263814664587815,1,2,4.544573906747451
3847,-1.1599557436713843,-0.9061036611145736,0,1,-0.15995574367138432
3848,-0.6145240260705602,-0.2398516482929512,0,1,0.3854759739294398
3849,-3.090320655554531,-3.210456874878238,0,3,-0.09032065555453084
3850,-0.8114988578429128,-1.108476801727914,1,3,2.1885011421570875
3851,1.3385300132250086,1.3699750636116264,1,0,1.3385300132250086
3852,2.4356902327722656,3.0263676050706594,1,2,4.435690232772266
3853,-2.306426839556815,-2.290013135535958,0,3,0.6935731604431852
3854,-0.9648080560130315,-1.4703843639430842,0,1,0.035191943986968455
3855,-0.6649264098887221,-0.6210931188577539,0,1,0.3350735901112779
3856,-2.647896064829644,-2.3347968363377025,0,3,0.3521039351703559
3857,1.2273025441092331,1.1867516195693302,1,2,3.227302544109233
3858,-1.445883066950443,-0.9426163419568788,0,3,1.554116933049557
3859,-0.6707920097867239,-0.3244523955797296,0,1,0.32920799021327607
3860,-0.5759074074580233,-0.6006109769365653,0,1,0.42409259254197673
3861,-1.6793483590492433,-1.6620907511930587,0,3,1.3206516409507567
3862,0.0926353140021857,-0.6440685680711038,0,1,1.0926353140021856
3863,-0.7221314381849897,-0.2380407482201245,0,1,0.2778685618150103
3864,-0.7818208024813386,-0.913627741949463,0,1,0.21817919751866144
3865,-1.398648352112969,-1.5586310478235084,0,3,1.601351647887031
3866,0.7044643851765724,0.4845229425656056,1,0,0.7044643851765724
3867,3.3381642456318947,3.520843270627933,1,2,5.338164245631894
3868,0.3786789640880093,-0.0727982362170544,0,0,0.3786789640880093
3869,1.7661323386156655,1.372463225930648,1,2,3.7661323386156655
3870,-2.740969329218993,-2.7619793698987345,0,3,0.25903067078100683
3871,0.3382744152835944,0.0876690826496471,1,0,0.3382744152835944
3872,-0.016698388017014752,-2.0143086717538883,0,3,2.983301611982985
3873,-2.9393808115999667,-3.17533652334644,0,3,0.06061918840003333
3874,-1.7333853697007522,-1.0953708639505173,0,3,1.2666146302992478
3875,2.120238718405351,2.3976217211191124,1,2,4.120238718405351
3876,1.457178020162381,1.7295325051139605,1,2,3.457178020162381
3877,0.6495163460778589,0.4075316445493356,1,0,0.6495163460778589
3878,-2.899869617832822,-1.9375977480570428,0,3,0.10013038216717796
3879,-0.2238512445314495,-0.3994556502411807,0,1,0.7761487554685504
3880,0.6647580102957614,0.3792338993797148,1,0,0.6647580102957614
3881,-0.0755513843864263,0.2071456543957128,1,0,-0.0755513843864263
3882,-3.892929265318545,-3.814838012142412,0,3,-0.892929265318545
3883,-1.7465526125211213,-2.0739063362175925,0,3,1.2534473874788787
3884,-0.1010519277390741,0.7772869370963582,0,1,0.8989480722609259
3885,1.0280321764039757,1.4182719756811109,1,2,3.0280321764039755
3886,-4.318472201618244,-4.316870081111068,0,3,-1.3184722016182437
3887,-3.219176094226678,0.6385264430106368,0,1,-2.219176094226678
3888,0.310251632868177,0.6345636905834782,1,0,0.310251632868177
3889,1.571410910466023,1.5666505225488656,1,2,3.5714109104660228
3890,1.5821173656991916,2.494692423769963,1,2,3.5821173656991916
3891,1.0789883158815337,1.3425822092712163,1,2,3.0789883158815337
3892,-1.8660108300079936,-1.6199127250798455,0,3,1.1339891699920064
3893,-3.970204076810361,-4.124743127674562,0,3,-0.970204076810361
3894,-0.855798752395198,-0.8360333581153392,0,1,0.14420124760480202
3895,2.202064208090889,2.0377870097452035,1,2,4.2020642080908885
3896,2.7784554553619043,3.354349753778485,1,2,4.778455455361904
3897,1.3838685608024408,0.7401029034354555,1,2,3.3838685608024406
3898,0.6089489606509433,1.1552971338768825,1,0,0.6089489606509433
3899,0.9163758147378462,0.5654388032586688,0,0,0.9163758147378462
3900,-1.242627924326238,-1.265796405591643,1,3,1.757372075673762
3901,-0.2801261588955072,-0.3982127140251992,1,1,0.7198738411044928
3902,3.634175667029035,3.4261146724309524,1,2,5.6341756670290355
3903,-1.7833633453738915,-1.5074496861196944,0,3,1.2166366546261085
3904,2.903906771876668,2.9018310865451444,1,2,4.9039067718766685
3905,-0.9979583562546112,-1.265037860314166,1,1,0.0020416437453888436
3906,2.6380021281663075,2.699600340237425,1,2,4.638002128166308
3907,-3.0561781419700376,-3.3346128326366413,0,3,-0.056178141970037565
3908,1.3015177518558978,1.086407552255329,1,2,3.301517751855898
3909,-1.465087658902248,-2.0639928945177703,0,3,1.534912341097752
3910,-2.7974574300436026,-2.977581027437508,0,3,0.2025425699563974
3911,0.2957194484934207,0.4934012590512344,1,0,0.2957194484934207
3912,2.367220308249278,2.3820702754324934,1,2,4.367220308249278
3913,-1.1213641315849008,-0.3953386639956437,0,3,1.8786358684150992
3914,-3.0537488656681453,-2.008621876179623,0,3,-0.053748865668145296
3915,-0.11308167898691,-0.2987690375151993,0,1,0.88691832101309
3916,-0.1553871889414996,-0.488714292023215,0,1,0.8446128110585004
3917,1.0447018824207837,1.4966285009643614,1,2,3.0447018824207834
3918,1.732775049182417,1.866858345995435,1,2,3.732775049182417
3919,-0.3358239600410836,0.1185257507649056,0,1,0.6641760399589164
3920,3.483887176483421,3.6434194689652246,1,2,5.483887176483421
3921,0.5295174941804126,0.4517743555101027,0,0,0.5295174941804126
3922,-0.7967879076545263,-0.872261926942038,0,1,0.20321209234547366
3923,-3.738793288233762,-3.5656825768873417,0,3,-0.738793288233762
3924,-0.436347396512671,-0.5207929547986149,1,1,0.563652603487329
3925,-0.6804261473151036,-0.1926256500359559,1,1,0.31957385268489635
3926,2.18994419284317,1.6690092970426915,1,2,4.1899441928431695
3927,0.99959172755191,1.4852491819763487,1,0,0.99959172755191
3928,-2.654472962527294,-3.4038332616937086,0,3,0.34552703747270597
3929,-0.1014265553239212,-0.0433856407794324,1,0,-0.1014265553239212
3930,1.1991678665905194,1.0667507743411,1,2,3.1991678665905194
3931,2.931041234636935,2.3244989531764624,1,2,4.931041234636934
3932,1.963639775028152,1.139632008356657,1,2,3.963639775028152
3933,1.519919122165041,1.0809132541229736,1,2,3.519919122165041
3934,0.346909688850029,0.3651834194741647,1,0,0.346909688850029
3935,0.5116573997063723,0.2707837481944849,0,0,0.5116573997063723
3936,2.692062678288407,2.275683117819936,1,2,4.692062678288407
3937,-2.5213569642731155,-1.9804445311041612,0,3,0.4786430357268845
3938,-1.102525476720151,-1.5953993478915758,0,1,-0.10252547672015111
3939,-1.280613929260327,-1.0089669966405483,0,3,1.719386070739673
3940,0.7769979358055188,0.4213991324526369,0,0,0.7769979358055188
3941,2.538853252075276,2.089730878811852,1,2,4.538853252075276
3942,-1.3669277959278323,-1.6084632466969888,0,3,1.6330722040721677
3943,-4.525559332354481,-4.277592913472836,0,3,-1.5255593323544812
3944,-1.0616119558967143,-1.6101982585359464,0,1,-0.06161195589671431
3945,1.9933658677096024,2.108347971912283,1,2,3.9933658677096027
3946,1.2393813010814936,0.855077302012939,1,2,3.239381301081494
3947,0.6615390099867078,0.3492322618882871,0,0,0.6615390099867078
3948,-0.1633118838644446,-0.0030552482480186,1,1,0.8366881161355554
3949,-2.5117557763960687,-1.6423626444182775,0,3,0.48824422360393127
3950,1.1613671653031397,0.7969603693081,1,2,3.1613671653031394
3951,-1.9739877791364009,-1.6860355456736,0,3,1.0260122208635991
3952,4.791739467362626,4.666654516469442,1,2,6.791739467362626
3953,0.8961030286640139,0.7062056467452953,1,2,2.896103028664014
3954,-0.956319318554716,-0.5277689146546545,0,3,2.043680681445284
3955,-1.4217248383635954,-1.7591339627075515,0,3,1.5782751616364046
3956,-0.3096861737967131,-0.7713314645146152,1,1,0.6903138262032869
3957,-0.3212530352664101,-0.1371827171787758,0,1,0.67874696473359
3958,2.43917809379494,3.077091612389639,1,2,4.43917809379494
3959,0.1185754896652722,0.4185733717817329,0,0,0.1185754896652722
3960,-1.2451690440056573,-1.8079759963002704,0,3,1.7548309559943427
3961,3.989877469338204,3.743744251750637,1,2,5.989877469338204
3962,-0.8897401872853323,0.3028652779021903,0,0,-0.8897401872853323
3963,1.857408870656016,2.489852957819456,1,2,3.857408870656016
3964,-1.5078245405391262,-1.4163400104293575,0,3,1.4921754594608738
3965,0.6012767389335236,0.3696077252904063,0,0,0.6012767389335236
3966,0.7180205071047882,1.3764280428522355,1,0,0.7180205071047882
3967,-3.9500118411328273,-3.979849275194895,0,3,-0.9500118411328273
3968,4.083314038057148,3.840990608395404,1,2,6.083314038057148
3969,2.6295041376057533,2.31953112233574,1,2,4.629504137605753
3970,-0.8318054862765194,-1.3098128250720615,0,1,0.1681945137234806
3971,-2.038059373193599,-0.9046272014109596,0,3,0.9619406268064008
3972,0.6494510690755763,1.217834215259812,1,0,0.6494510690755763
3973,0.2197036125915543,-0.0428137138285568,0,0,0.2197036125915543
3974,0.9406322726240391,1.633362643312806,1,0,0.9406322726240391
3975,0.5412920343933474,0.7546129037546078,0,0,0.5412920343933474
3976,1.1696854367746938,1.359328637302353,1,2,3.169685436774694
3977,2.664775478340257,2.3776086662938454,1,2,4.664775478340257
3978,1.2411649253575563,1.035514054099178,1,2,3.2411649253575563
3979,-2.275010756013783,-2.2919803698470798,0,3,0.7249892439862169
3980,2.468842709469299,1.6826231116932495,1,2,4.468842709469299
3981,3.266887857719581,3.072159800359953,1,2,5.266887857719581
3982,-0.016698388017014752,-0.019540719248506047,1,2,1.9833016119829852
3983,-2.0888645227112006,-1.5650569601243056,0,3,0.9111354772887994
3984,0.6486711182396148,0.4020520998121863,1,0,0.6486711182396148
3985,-4.544722653664263,-4.219867409218474,0,3,-1.5447226536642633
3986,-0.016698388017014752,0.1164402768145728,1,2,1.9833016119829852
3987,-1.388357930717145,-0.9215458605280508,1,3,1.611642069282855
3988,3.7543657343313286,3.3942269474866227,1,2,5.754365734331328
3989,-1.458194806063399,-1.4060856184334949,0,3,1.541805193936601
3990,-3.426823695570201,-3.2642864478985136,0,3,-0.42682369557020117
3991,-1.0604793295384662,-0.9764075065961224,0,1,-0.06047932953846624
3992,-3.690940237071647,-3.733652140533233,0,3,-0.6909402370716471
3993,1.0412274744953625,0.5446209603460466,0,2,3.0412274744953622
3994,-3.882791713808996,-4.238608081124793,0,3,-0.882791713808996
3995,-0.0519424962647793,0.3466302810238622,1,0,-0.0519424962647793
3996,-4.171245441734952,-4.410196425252317,0,3,-1.1712454417349516
3997,-0.7460682766173056,-0.7873865139627024,0,1,0.25393172338269443
3998,3.5953339327168914,2.9984994298806584,1,2,5.595333932716891
3999,0.475100083510538,0.8185294281205083,1,0,0.475100083510538
4000,-1.7246399359854807,-2.2524331520415166,0,3,1.2753600640145193
4001,0.0430807524938314,0.4094658759346742,1,1,1.0430807524938315
4002,-0.2861668094881404,-0.7112515137455147,1,0,-0.2861668094881404
4003,0.7612810575975806,1.1670842697286905,1,0,0.7612810575975806
4004,-2.763352433261298,-2.759275267138768,0,3,0.2366475667387018
4005,1.0078015407577865,0.7842985821789501,1,2,3.0078015407577867
4006,-0.016698388017014752,-4.93174091527013,0,3,2.983301611982985
4007,-1.3297416373429083,-1.3572836344702015,0,3,1.6702583626570917
4008,-0.8466314185738546,-0.9913563358762464,0,1,0.1533685814261454
4009,1.198110096766848,1.5617572678060518,1,2,3.198110096766848
4010,0.2609469442483276,-0.3312359003596708,0,0,0.2609469442483276
4011,-3.010677664244444,-4.021543905851082,0,3,-0.010677664244444163
4012,-2.2203707037287206,-1.75717871427397,0,3,0.7796292962712794
4013,0.7826291002390406,0.4481082687782279,1,0,0.7826291002390406
4014,-0.2897263092622149,0.0561226608923848,0,1,0.7102736907377851
4015,-1.420430620685925,-1.4019656719747169,0,3,1.579569379314075
4016,-1.310078367378325,-1.7756741530293163,0,1,-0.31007836737832495
4017,1.6073566850803658,1.8502696529500444,1,2,3.607356685080366
4018,-1.1036460486704411,-1.2677141247628725,1,3,1.8963539513295589
4019,-0.2269244350714262,-0.6578605695940309,0,1,0.7730755649285738
4020,4.3080328338437575,3.887514284965056,1,2,6.3080328338437575
4021,-2.64477669683389,-3.3379121985025813,0,3,0.35522330316611006
4022,-3.739591429944501,-3.578381477071406,0,3,-0.7395914299445012
4023,2.0359900853637387,1.6618297875856616,1,2,4.035990085363739
4024,-1.3305340077773606,-1.3444228588593026,0,3,1.6694659922226394
4025,-0.4241181020935762,-0.4968070998985254,0,1,0.5758818979064237
4026,-0.016698388017014752,-1.7778874571532153,0,3,2.983301611982985
4027,-0.5268897455866326,-1.136049631242161,0,1,0.4731102544133674
4028,3.07968202698859,4.093166358640642,1,2,5.07968202698859
4029,-0.016698388017014752,1.6512366925582498,1,2,1.9833016119829852
4030,1.8264667700154087,2.555819951119528,1,2,3.8264667700154087
4031,-2.9469713212105964,-2.4809966077198804,0,3,0.05302867878940365
4032,-2.2690396999156075,-2.3975058205117707,0,3,0.7309603000843925
4033,-5.430916323318935,-5.358530468383012,0,3,-2.430916323318935
4034,-1.2047720943515725,-1.144005781564713,0,3,1.7952279056484275
4035,2.084280236841201,2.821960512414177,1,2,4.084280236841201
4036,1.4064449687727982,1.7383784454301634,1,2,3.4064449687727985
4037,-0.5689013681455389,-0.8918104665560473,0,1,0.43109863185446107
4038,0.0957758829757526,0.2364234175976426,0,1,1.0957758829757527
4039,-1.1100671834345568,-0.7883414468664556,0,3,1.8899328165654432
4040,0.2302510982091691,-0.2398765213528606,0,0,0.2302510982091691
4041,1.4346385365522278,1.6322982744743686,1,2,3.434638536552228
4042,-2.884192622453896,-2.3459970399718477,0,3,0.11580737754610393
4043,0.4042756045173082,0.0612865438672498,0,0,0.4042756045173082
4044,1.5966437353781924,1.3089163083443889,1,2,3.5966437353781924
4045,-0.5246042631988369,-0.060415261059901,1,1,0.4753957368011631
4046,1.640753869237255,1.499059344074658,1,2,3.6407538692372547
4047,-0.016698388017014752,5.32292957237422,1,2,1.9833016119829852
4048,-0.2178277369029493,0.1350814803106809,1,1,0.7821722630970507
4049,0.6989091988896509,0.9296508935799868,0,0,0.6989091988896509
4050,-1.4197243925609728,-1.3819668295625416,1,3,1.5802756074390272
4051,0.6784637166844107,1.1282967680638922,1,0,0.6784637166844107
4052,0.9682564751930228,1.4465105724708451,1,0,0.9682564751930228
4053,0.8230765339896693,0.7899473704605574,0,0,0.8230765339896693
4054,-2.21897903654576,-1.4292484815246778,0,3,0.7810209634542402
4055,0.4087873917852475,1.0421433731560468,0,0,0.4087873917852475
4056,2.849780143902491,2.056060763946247,1,2,4.849780143902491
4057,0.680243220396588,0.2681962510233154,1,0,0.680243220396588
4058,1.8933576315417509,0.9912409036848552,1,2,3.893357631541751
4059,-0.3905580796931675,-0.5204440775830692,0,1,0.6094419203068324
4060,1.604646514837827,1.1201592355178016,1,2,3.6046465148378273
4061,0.9926261122219632,0.6668987527260933,1,0,0.9926261122219632
4062,-1.808927965429752,-1.372700706716603,0,3,1.191072034570248
4063,0.8670693703336722,0.16513774643964,0,0,0.8670693703336722
4064,-1.9701744776208256,-1.9182801812085009,0,3,1.0298255223791744
4065,-0.9301494296790648,-0.8806788526868992,0,3,2.069850570320935
4066,0.8583464717023621,0.8253907566815044,1,0,0.8583464717023621
4067,0.7007055729554381,0.7530170457473475,0,0,0.7007055729554381
4068,-2.5769967332445747,-3.469909417410879,0,3,0.4230032667554253
4069,1.9982105378103188,1.674388731491242,1,2,3.9982105378103188
4070,1.2003994172419783,1.8175997633449343,1,2,3.2003994172419783
4071,-1.3181572641716386,-1.796905698375511,0,3,1.6818427358283614
4072,-2.935484566021476,-2.268840240595796,0,3,0.06451543397852388
4073,-0.1977696219168544,-0.760498586628217,0,1,0.8022303780831456
4074,-0.8904904444711326,-1.501306697436061,0,1,0.10950955552886743
4075,0.0990412258656198,-0.2816703010400186,0,0,0.0990412258656198
4076,-0.6460056700582871,-0.1943724827435197,0,1,0.35399432994171287
4077,-3.643916249993888,-3.86236458189364,0,3,-0.6439162499938882
4078,-0.5727081555167659,-0.4345453601411088,0,1,0.4272918444832341
4079,-0.5042974322093863,-0.4748426634025046,0,1,0.4957025677906137
4080,1.4732354343126677,1.45145056122054,1,2,3.4732354343126675
4081,-1.47061215500227,-0.9609649179592404,0,3,1.52938784499773
4082,3.2556963175284683,3.564303493923284,1,2,5.255696317528468
4083,-3.9728381221767104,-4.429999401041661,0,3,-0.9728381221767104
4084,2.597277671051361,2.4870493576146955,1,2,4.597277671051361
4085,-0.5330391210980256,0.1643368069143072,0,1,0.46696087890197435
4086,1.9608246928175403,2.0886494084847147,1,2,3.9608246928175403
4087,0.0645382845810284,-0.5386001010554996,0,0,0.0645382845810284
4088,2.118566728805955,1.543751167855239,1,2,4.1185667288059555
4089,-0.3862084933394961,-0.0301503699130066,1,1,0.613791506660504
4090,-2.287515896571893,-2.006540969701468,0,3,0.7124841034281069
4091,-0.016698388017014752,2.503168035937264,1,2,1.9833016119829852
4092,-0.1366967268156,0.1623553447741386,1,1,0.8633032731844
4093,0.2157783234642581,0.8555351781519579,1,0,0.2157783234642581
4094,2.716600581990204,3.299744117854445,1,2,4.716600581990204
4095,-1.9364866761066244,-1.2947754613776414,0,3,1.0635133238933756
4096,1.502658597654671,1.7248541076797927,1,2,3.502658597654671
4097,-1.315633900369402,-1.386697828021357,0,3,1.684366099630598
4098,-0.2445135527935117,-0.4055055849802461,1,1,0.7554864472064883
4099,0.1524290817674168,0.1454743263222795,0,0,0.1524290817674168
4100,-2.947666024023868,-3.2980753458066143,0,3,0.052333975976131875
4101,-1.8485970353563017,-1.9923165251639137,0,3,1.1514029646436983
4102,2.724313060564723,3.2343609598837637,1,2,4.724313060564723
4103,1.4870895948848422,0.8434611915098448,1,2,3.487089594884842
4104,-0.0536123404150854,-0.6698802306916528,0,1,0.9463876595849146
4105,0.0605170921220821,0.3927293338894536,0,0,0.0605170921220821
4106,-0.9588023781310326,-1.0988715480044229,0,1,0.04119762186896736
4107,2.876876514943964,2.1066193051206303,1,2,4.876876514943964
4108,-0.5100728466272844,-0.5346065091634605,0,1,0.48992715337271564
4109,0.2661125695432479,0.1844639356178049,1,0,0.2661125695432479
4110,2.5462294124992395,2.373795621902706,1,2,4.5462294124992395
4111,-1.48921772622613,-1.2149353156335363,0,3,1.51078227377387
4112,3.2919964081005446,2.7587181805839056,1,2,5.291996408100545
4113,-3.09417123395092,-3.088977068007082,0,3,-0.0941712339509202
4114,3.795210001005598,3.710821003160623,1,2,5.795210001005598
4115,-0.8662539400159082,-0.8511238488512265,0,1,0.13374605998409184
4116,-0.1364983857785858,-0.829372849033274,0,1,0.8635016142214142
4117,-3.792293550385869,-4.001353105641872,0,3,-0.7922935503858688
4118,-1.2404915137379349,-1.2325838373230438,0,1,-0.24049151373793487
4119,-1.9830433129041467,-1.766579458384988,0,3,1.0169566870958533
4120,-1.1523401784559124,-0.4137815762909126,0,3,1.8476598215440876
4121,-0.4848862944256051,-0.1625069389299969,0,1,0.5151137055743948
4122,1.7311393735188685,1.9156014537722343,1,2,3.7311393735188685
4123,0.4102671741842531,0.918857091096404,1,0,0.4102671741842531
4124,0.685302869851824,0.5637738912345304,1,0,0.685302869851824
4125,-2.685171434267005,-2.0636001688130627,0,3,0.314828565732995
4126,-1.5508838887006997,-1.1031747726758536,0,3,1.4491161112993003
4127,3.4985504419396283,3.320199325682643,1,2,5.498550441939628
4128,-1.7367515664061286,-0.9671694961128122,0,3,1.2632484335938714
4129,3.500629814404977,3.679403940367649,1,2,5.500629814404977
4130,-0.4908459936454242,0.386341596779271,1,1,0.5091540063545759
4131,0.2478090276434589,0.3690819293567814,1,0,0.2478090276434589
4132,2.2283207730558106,2.003548829251556,1,2,4.2283207730558106
4133,2.543481943287704,2.236467285946341,0,2,4.543481943287704
4134,-0.2521711095542062,-0.3944684914473818,0,1,0.7478288904457938
4135,-0.6799435549318502,-0.9084615317437168,0,1,0.3200564450681498
4136,-0.1945471488062922,0.3140082739771852,1,1,0.8054528511937078
4137,0.5054005387149366,0.4938108408948359,1,0,0.5054005387149366
4138,1.90458919827044,1.258980129245476,1,2,3.9045891982704397
4139,-0.0204378503005827,0.0647638760480927,1,0,-0.0204378503005827
4140,1.2444861256601083,1.294691342904223,1,2,3.2444861256601083
4141,3.494595431772803,3.307152383305199,1,2,5.494595431772803
4142,0.7398439029824211,0.8468807117761293,1,0,0.7398439029824211
4143,0.6263124971179147,0.6086687238663558,1,0,0.6263124971179147
4144,-3.157751552470322,-2.904245405519696,0,3,-0.15775155247032213
4145,-5.1753122868617565,-4.945320711388468,0,3,-2.1753122868617565
4146,0.8467170409963543,0.992678183555983,0,0,0.8467170409963543
4147,-0.0094934362036328,-0.5290357977116589,0,1,0.9905065637963671
4148,-1.145391117230859,-0.2977844259739344,0,3,1.854608882769141
4149,0.3954970144546521,-0.2268972668782722,1,0,0.3954970144546521
4150,0.0376200214352773,-0.0138636492907587,0,1,1.0376200214352773
4151,2.30600310194037,1.868229761400849,1,2,4.3060031019403695
4152,-0.0090218887205831,0.1495133759434671,1,0,-0.0090218887205831
4153,-1.232535756593435,-1.1771734666705116,0,3,1.767464243406565
4154,1.640642364238528,1.5731359303904444,1,2,3.640642364238528
4155,-0.2774051992396545,0.3297039143354864,1,1,0.7225948007603455
4156,0.8000309601449749,1.2434293270158214,0,2,2.8000309601449747
4157,-0.5776637090884955,-0.7085098463251078,0,1,0.4223362909115045
4158,-1.6085737163759974,-1.2869198596094955,0,3,1.3914262836240026
4159,0.398786590745942,1.0246586938813236,0,0,0.398786590745942
4160,0.0093304150851214,0.4498684309023066,1,0,0.0093304150851214
4161,0.8863335567659172,0.8318461225789155,1,0,0.8863335567659172
4162,-0.5002121753259329,-1.1363325358977394,0,1,0.4997878246740671
4163,-3.546339499709232,-3.416480337741288,0,3,-0.5463394997092319
4164,-1.0464278676429513,-0.7789837334853553,0,1,-0.04642786764295126
4165,1.424479389253917,1.1166326291405084,1,2,3.424479389253917
4166,-0.4648311854636356,-0.455813078640419,0,1,0.5351688145363644
4167,-0.8342353957590161,-0.8673905192654262,0,1,0.16576460424098394
4168,1.855907193173457,2.410991447495554,1,2,3.855907193173457
4169,-0.8158090636859573,-0.0742825934499215,0,3,2.184190936314043
4170,-3.2792090294036558,-2.8091232412833747,0,3,-0.2792090294036558
4171,-0.0917016806990381,-0.1259239539694822,0,1,0.9082983193009619
4172,-1.0855380562402366,-0.6264515574611098,0,1,-0.08553805624023658
4173,-1.8306836105470792,-1.571168328214971,0,3,1.1693163894529208
4174,-0.2198857736781379,-0.2498456042308341,1,1,0.7801142263218621
4175,1.2088026415301567,2.045758757131477,1,0,1.2088026415301567
4176,-0.0586278884981866,-0.3538352644511869,0,1,0.9413721115018134
4177,1.011739073123446,1.2533026633672633,1,0,1.011739073123446
4178,3.50894808411381,3.84477234233538,1,2,5.508948084113809
4179,-0.6389136403952161,-0.7539131762047095,0,1,0.36108635960478386
4180,0.6057526557328606,0.8294079308845973,1,0,0.6057526557328606
4181,-1.2428203491881522,-0.8646214490996942,0,3,1.7571796508118478
4182,-1.74989389076977,-1.652040122558604,0,3,1.25010610923023
4183,-1.1375126069878585,-0.9485143816507456,1,3,1.8624873930121415
4184,-1.043941351669261,-1.0017689024896526,0,1,-0.04394135166926105
4185,1.207136388185558,1.5261444327962423,1,0,1.207136388185558
4186,4.530426838681609,4.438835371004086,1,2,6.530426838681609
4187,-1.1962019789235951,-1.320921092280737,0,3,1.8037980210764049
4188,-0.6619586486011677,-0.6537345870615073,0,1,0.3380413513988323
4189,-0.1290184531233507,0.3444490965559731,0,1,0.8709815468766493
4190,0.6185558866490448,-0.0803893728193488,1,0,0.6185558866490448
4191,0.3734505598312159,0.0097028331468891,0,0,0.3734505598312159
4192,2.4645981280529323,3.374906147367109,1,2,4.464598128052932
4193,-5.209932397459669,-5.099857030749949,0,3,-2.209932397459669
4194,-4.974552825551204,-5.137367244336284,0,3,-1.9745528255512044
4195,-1.288251647093027,-0.970310912897712,0,1,-0.288251647093027
4196,2.463775375722961,2.1497645756421506,1,2,4.46377537572296
4197,-3.0076035847335487,-3.848719149611544,0,3,-0.007603584733548718
4198,-0.016698388017014752,-0.019540719248506047,0,3,2.983301611982985
4199,1.2601252027468068,0.9678116691288754,1,2,3.260125202746807
4200,0.5207079720722615,0.5612638833242214,0,0,0.5207079720722615
4201,-1.888280747173032,-1.7565204312376443,0,3,1.111719252826968
4202,-2.0932317325882077,-2.0363852647618965,0,3,0.9067682674117923
4203,-1.91815350819594,-2.6017516730407326,0,3,1.08184649180406
4204,0.3704824005127048,0.3809947375476682,0,0,0.3704824005127048
4205,-1.51687239873724,-1.339031622191477,0,3,1.48312760126276
4206,1.607445617179549,1.0474219118898511,1,0,1.607445617179549
4207,-0.016698388017014752,-0.019540719248506047,0,3,2.983301611982985
4208,-1.68530584014048,-2.1129156744822386,0,3,1.31469415985952
4209,-2.000732315487116,-1.7020264199830215,0,3,0.9992676845128838
4210,-0.3296902901429396,-1.129016588737968,0,1,0.6703097098570604
4211,-1.0684799131009852,-0.7365703726432435,0,3,1.9315200868990148
4212,1.6217134474111417,1.7785357467272336,1,2,3.6217134474111417
4213,-4.019503249509711,-4.122504029722477,0,3,-1.019503249509711
4214,-0.0203102029084912,-0.6125620678686564,1,0,-0.0203102029084912
4215,1.220114889655203,0.9015278716987156,1,2,3.220114889655203
4216,3.802073440932487,4.11483506173674,1,2,5.802073440932487
4217,-0.719298792186133,-0.2166087114487886,0,1,0.280701207813867
4218,0.6248169970603692,0.2122718700038637,1,0,0.6248169970603692
4219,-3.885182887810903,-3.428437483697391,0,3,-0.8851828878109029
4220,-4.572566322470912,-4.298216229387661,0,3,-1.5725663224709123
4221,1.976766620799803,1.974031741693889,1,2,3.976766620799803
4222,0.1685283272751047,-0.126613724581056,1,1,1.1685283272751046
4223,2.324298645425348,2.0917426369133514,1,2,4.324298645425348
4224,-2.5379285675641823,-1.8087595211024623,0,3,0.4620714324358177
4225,1.7255863746591478,1.796963100344371,0,2,3.725586374659148
4226,3.7606661439758016,4.292613480780165,1,2,5.760666143975802
4227,0.5770638782655069,0.6736870715807632,0,0,0.5770638782655069
4228,0.4359060012716671,0.2548268310350938,1,0,0.4359060012716671
4229,0.1422073617095098,0.3758434338835642,0,0,0.1422073617095098
4230,-3.462723776431437,-2.59958974759948,0,3,-0.4627237764314369
4231,2.74502648640311,2.487379822208671,1,2,4.74502648640311
4232,-1.1456479495469551,-0.7801003881680142,0,3,1.8543520504530449
4233,1.3159908607285642,1.3921944536436148,1,2,3.315990860728564
4234,-2.864029641931647,-3.443836848480572,0,3,0.13597035806835311
4235,-2.1860023706652068,-2.774751907801173,0,3,0.8139976293347932
4236,2.437638996341565,2.2568454975661467,1,2,4.4376389963415654
4237,-0.5103939523061009,-0.3713985186497333,0,1,0.48960604769389915
4238,3.0476536292971383,3.399002817172544,1,2,5.047653629297138
4239,-0.1052724427013663,-0.7336376642938602,0,1,0.8947275572986337
4240,-4.029839971144812,-3.7687609630819567,0,3,-1.0298399711448116
4241,1.628780417626029,1.581428315413947,1,2,3.6287804176260288
4242,-1.4131491894180288,-1.4118236768050094,0,3,1.5868508105819712
4243,0.9943759391326688,1.2298206775458072,1,2,2.9943759391326688
4244,0.0498387047972053,0.7482808328441348,0,0,0.0498387047972053
4245,-3.245800880174297,-3.1243441600118573,0,3,-0.24580088017429702
4246,0.8536506467949205,0.3109558537113043,1,0,0.8536506467949205
4247,4.358691896418017,4.283854891246327,1,2,6.358691896418017
4248,1.2447235482021104,1.585577157460703,1,0,1.2447235482021104
4249,-0.4288553109495712,-0.0748379521829524,1,1,0.5711446890504288
4250,2.044668886712821,2.3109986363489443,1,2,4.044668886712821
4251,0.4407165056130845,0.2367040434774569,0,0,0.4407165056130845
4252,0.2374376708040545,-0.3096924482428631,1,0,0.2374376708040545
4253,-2.2676904812791543,-2.0318873789495826,0,3,0.7323095187208457
4254,0.424105870330489,-0.0615888735086836,0,0,0.424105870330489
4255,2.0241052357449107,2.301309642314984,1,2,4.02410523574491
4256,-1.30110058959298,-1.0237848461151264,0,3,1.69889941040702
4257,2.924636899580197,2.737559724887785,1,2,4.924636899580197
4258,-0.0875099357019913,-0.1324952516956521,0,1,0.9124900642980087
4259,-1.6676080682080672,-1.588136921360246,0,3,1.3323919317919328
4260,2.117789429307912,1.871863559979468,1,2,4.117789429307912
4261,-0.5901658682515116,-1.1428378818955327,0,1,0.4098341317484884
4262,1.4548805006764465,1.4391927898576848,1,2,3.4548805006764463
4263,-0.5501540526134188,-0.5241410084214809,0,1,0.44984594738658124
4264,0.1117085027228871,0.6561274481841081,0,1,1.111708502722887
4265,-0.016698388017014752,0.8995712177047162,1,0,-0.016698388017014752
4266,0.5337144200423296,0.961112889554774,0,0,0.5337144200423296
4267,-3.837494821969855,-4.296322613540429,0,3,-0.8374948219698548
4268,-2.281404412796717,-2.819245292676225,0,3,0.718595587203283
4269,1.86559407946868,1.7452491015849698,1,2,3.8655940794686803
4270,-0.358977854113934,-0.7353414583578228,0,1,0.641022145886066
4271,-1.0837916333240902,-1.6272379562754675,0,3,1.9162083666759098
4272,-2.4488820166050127,-1.671149890279103,0,3,0.5511179833949873
4273,-2.140988413083849,-2.321647467626226,0,3,0.859011586916151
4274,-4.016540778213432,-3.092019343510932,0,3,-1.0165407782134324
4275,-0.4920049932546574,-0.8898985128140879,1,1,0.5079950067453426
4276,-1.2587239426886396,-1.942142569341839,0,3,1.7412760573113604
4277,-1.981438762719576,-1.4649228751482464,0,3,1.018561237280424
4278,-0.3020755474245872,-0.5927382003286867,0,1,0.6979244525754128
4279,0.732274344046189,0.7878206633257168,1,0,0.732274344046189
4280,4.100559406374359,3.5583060123692056,1,2,6.100559406374359
4281,-3.007767668077711,-3.0230129248497284,0,3,-0.007767668077710788
4282,2.343062688564831,1.794412260621994,1,2,4.343062688564832
4283,1.755052250465615,1.7254892913812292,1,2,3.755052250465615
4284,-1.637925835250039,-1.827498851045431,0,3,1.362074164749961
4285,0.4219467657242288,0.5140538578786702,1,0,0.4219467657242288
4286,-0.6784066124438853,-0.4281300640003606,0,1,0.32159338755611466
4287,0.4227209953966259,0.5191529950763141,0,0,0.4227209953966259
4288,2.885874990825616,3.066293607690475,1,2,4.8858749908256165
4289,1.2910134171113965,1.2474003469515869,1,2,3.2910134171113965
4290,1.358726524331236,1.1845990437049811,1,2,3.358726524331236
4291,-0.6772773453914811,-0.4892298722756538,0,1,0.3227226546085189
4292,-2.8586080237615463,-2.9031871501128204,0,3,0.14139197623845368
4293,-0.2718183859843515,-0.3011422988300091,0,1,0.7281816140156485
4294,2.7012071180135564,2.8603051041923013,1,2,4.701207118013556
4295,-2.839210354375763,-3.25249659358477,0,3,0.16078964562423703
4296,-1.9968266601298583,-1.4249822224920856,0,3,1.0031733398701417
4297,0.4662639163861533,0.3665212841636481,1,0,0.4662639163861533
4298,-2.185639788947337,-2.1359671425593083,0,3,0.8143602110526631
4299,-1.8854999446984813,-1.9033077238707128,0,3,1.1145000553015187
4300,-0.8157774333275882,-0.5546801717667402,0,1,0.18422256667241177
4301,-2.717498666450191,-2.581825998061855,0,3,0.282501333549809
4302,-2.057025703135388,-2.076995281883186,0,3,0.942974296864612
4303,1.5720263675401591,2.151528013994908,1,2,3.5720263675401593
4304,-2.987312281752175,-4.268650525434049,0,3,0.012687718247824886
4305,-3.302698720201236,-2.805628968014457,0,3,-0.3026987202012359
4306,-1.3570410680433116,-0.9889549059669278,0,3,1.6429589319566884
4307,1.1366506479997995,0.4023239948788211,1,2,3.1366506479997995
4308,-0.0948974145399182,0.2768158725469827,0,1,0.9051025854600818
4309,-1.2010024099639014,-0.7776154317400858,0,1,-0.2010024099639014
4310,-0.028950416430323,0.1957549795220994,0,0,-0.028950416430323
4311,-3.309818914158277,-3.933453891630845,0,3,-0.309818914158277
4312,1.1186203762358111,1.391681463261501,1,0,1.1186203762358111
4313,0.545235123510339,0.9481138659111104,1,0,0.545235123510339
4314,-0.6821191063393152,-0.9110017042516642,0,1,0.31788089366068484
4315,2.069805919324477,2.2462594617189,1,2,4.069805919324477
4316,-1.788385085483784,-1.9296682436915649,0,3,1.211614914516216
4317,2.336606069720799,2.6907568659275363,1,2,4.3366060697207995
4318,0.2807389669767959,0.1553362928856985,1,0,0.2807389669767959
4319,-0.8444055711802313,-1.0764525563186362,0,1,0.1555944288197687
4320,-0.1885959441277374,-0.204314561195625,0,1,0.8114040558722626
4321,-0.3796833507155151,-0.916344198908858,1,1,0.6203166492844849
4322,2.7147855556178184,2.659352762324874,1,2,4.714785555617818
4323,-2.1497642719387327,-2.0049271769954373,0,3,0.8502357280612673
4324,-1.4119890534982504,-1.06400534575171,0,3,1.5880109465017496
4325,2.375455304141137,2.4750379995964167,1,2,4.375455304141137
4326,-1.6627626988092117,-2.2358033536437705,0,3,1.3372373011907883
4327,2.056840907603258,2.597749362895163,1,2,4.056840907603258
4328,3.409951348374086,3.9844147509237815,1,2,5.409951348374086
4329,-0.7165803795551784,-0.6715534774468654,1,1,0.2834196204448216
4330,1.1970440088009604,0.8962673603414985,1,2,3.1970440088009604
4331,-2.4584094423694207,-2.671056616954039,0,3,0.5415905576305793
4332,1.607235774098216,1.525826815010982,1,2,3.607235774098216
4333,0.8757675320398282,0.987234914518892,1,0,0.8757675320398282
4334,1.146739226883411,1.0249451142795147,0,0,1.146739226883411
4335,-1.038039559787082,-1.3813945733475523,0,3,1.961960440212918
4336,-3.360567085186629,-2.951363131500054,0,3,-0.36056708518662894
4337,0.886463284581884,0.9893776398115244,1,2,2.886463284581884
4338,-4.282967295274708,-4.703916104249087,0,3,-1.282967295274708
4339,-0.7323557294244072,-0.615831546910091,0,1,0.2676442705755928
4340,1.4718072462058345,1.5365555777174669,1,2,3.4718072462058345
4341,0.2388116031677517,-0.0484095616100046,1,0,0.2388116031677517
4342,3.7846146583676576,4.262634562212052,1,2,5.784614658367658
4343,2.0151466702845786,2.069102352855505,1,2,4.015146670284579
4344,-1.2814467547016946,-1.3680954115345616,0,3,1.7185532452983054
4345,0.1271169334279994,0.0937242341978308,0,0,0.1271169334279994
4346,-0.0977264795774639,0.0798402387644666,0,1,0.9022735204225361
4347,-3.280642143960806,-3.3095155097728477,0,3,-0.2806421439608058
4348,-2.273469561621811,-2.305687030837361,0,3,0.7265304383781892
4349,-1.2365835356400792,-0.8101975083099275,0,3,1.7634164643599208
4350,-4.266931133249274,-4.834292864244181,0,3,-1.2669311332492743
4351,0.1882002861590066,-0.3124209696789779,0,0,0.1882002861590066
4352,-0.3162862099673427,-0.0055008659705678,0,1,0.6837137900326573
4353,-3.1580735892111607,-2.191733674377707,0,3,-0.15807358921116066
4354,0.9598162777802282,1.3104144578410488,1,0,0.9598162777802282
4355,1.4050403422914215,2.1507238607205115,1,2,3.4050403422914215
4356,0.3496778446345984,0.1759291991483072,1,0,0.3496778446345984
4357,-0.7975569011513537,-1.052389372486481,0,1,0.2024430988486463
4358,0.8813845201833597,1.0639977894817805,0,2,2.8813845201833597
4359,-0.016698388017014752,1.9402710449857656,1,2,1.9833016119829852
4360,0.579864931853382,0.0552445713404399,0,0,0.579864931853382
4361,-1.8984925595936968,-1.98377990872563,0,3,1.1015074404063032
4362,0.3879032558803144,0.377096388822693,0,0,0.3879032558803144
4363,2.217566610364448,1.9460185240902976,1,2,4.2175666103644485
4364,-1.1846532202204352,-1.4095419508387326,0,3,1.8153467797795648
4365,4.409372248479,4.746599968902677,1,2,6.409372248479
4366,-1.1208597778898854,-0.932985985453556,0,3,1.8791402221101146
4367,-0.3856926762764574,-0.0663121075326757,1,0,-0.3856926762764574
4368,-1.3828072590444564,-1.248057382895347,0,3,1.6171927409555436
4369,0.4153028918210826,0.0660002210800673,1,0,0.4153028918210826
4370,-3.5294274314576546,-3.360186210721986,0,3,-0.5294274314576546
4371,-1.217575830928583,-1.5984129918795862,0,3,1.782424169071417
4372,-2.1407545845519658,-2.2654559201657025,0,3,0.8592454154480342
4373,0.2839049188143822,-0.1305945431129078,1,0,0.2839049188143822
4374,1.9839286881924851,1.7395735713641385,1,2,3.983928688192485
4375,1.374540646517696,1.4107321854595023,1,2,3.374540646517696
4376,-4.829285286347355,-5.012281528145484,0,3,-1.8292852863473552
4377,3.98682217191563,3.6335572079058394,1,2,5.98682217191563
4378,0.8665845391588167,1.321703527791649,1,0,0.8665845391588167
4379,-1.4411271990429133,-1.488963885994057,0,3,1.5588728009570867
4380,0.4796450501704416,0.2684738315972719,1,0,0.4796450501704416
4381,0.5976005620721985,0.164640917791408,0,0,0.5976005620721985
4382,-1.2285085977781671,-1.977306551835427,0,3,1.7714914022218329
4383,0.5815110705113853,0.4926922650189367,1,0,0.5815110705113853
4384,-1.5308136076546666,-2.0821010890626552,0,3,1.4691863923453334
4385,-0.7678932109808401,-0.4830786272364589,0,1,0.23210678901915993
4386,-1.4091019638730344,-1.397305486033623,0,3,1.5908980361269656
4387,-2.529805761299344,-1.9064614496440893,0,3,0.4701942387006559
4388,0.4772020467914278,0.5664317560862805,1,0,0.4772020467914278
4389,1.0445098348740405,0.7538467159701803,1,2,3.0445098348740407
4390,1.1043260238585857,0.3523229829112059,1,2,3.1043260238585857
4391,1.6733867719603166,1.9960043174570192,1,2,3.673386771960317
4392,0.7395467066601821,0.2199674024460259,1,0,0.7395467066601821
4393,-1.2692194903087377,-1.4324772993846422,0,3,1.7307805096912623
4394,1.7513310219100229,2.420966320531988,1,2,3.7513310219100227
4395,-2.760665349541517,-2.5162720099220266,0,3,0.239334650458483
4396,-1.7448528122138405,-1.588906630399864,0,3,1.2551471877861595
4397,-2.073277175870923,-1.6955481986228795,0,3,0.9267228241290768
4398,2.0430994839993004,2.4059194115615115,1,2,4.043099483999301
4399,2.120345432353492,2.75272400513516,1,2,4.120345432353492
4400,0.7643009624219574,0.5234292222344099,1,0,0.7643009624219574
4401,1.9483088502151849,1.7976351888428788,1,2,3.948308850215185
4402,-1.7688818162670918,-2.1378356678917667,0,3,1.2311181837329082
4403,0.5428121646847699,0.5297331101311805,1,0,0.5428121646847699
4404,-0.4273545832188882,-0.4802476748869659,1,1,0.5726454167811118
4405,1.7147794020114868,1.0127985070772572,1,2,3.714779402011487
4406,-0.5314616364851361,-0.7930219393229547,0,1,0.4685383635148639
4407,-0.97147822380289,-0.3958316101233033,0,1,0.02852177619711005
4408,1.4926361537067088,1.590319591661543,1,2,3.4926361537067088
4409,1.8442333461762677,2.130392793410953,1,2,3.8442333461762677
4410,-1.4860030601475855,-1.534220927287858,0,3,1.5139969398524145
4411,-0.0385083270515127,-0.7933457367306495,0,1,0.9614916729484873
4412,-2.00341517188598,-2.0548695406177955,0,3,0.9965848281140199
4413,-4.797239150967831,-4.38056052795944,0,3,-1.7972391509678314
4414,0.3754880569361119,-0.0987854595614518,0,0,0.3754880569361119
4415,1.4131102530638415,1.7119258237612969,1,2,3.4131102530638415
4416,0.1164443131970164,-0.5642883545200543,1,0,0.1164443131970164
4417,-4.110385061603885,-4.102308566310953,0,3,-1.1103850616038846
4418,-0.668924579805658,-0.4511171997470062,1,1,0.331075420194342
4419,-4.370768813540604,-4.495613823248361,0,3,-1.3707688135406038
4420,2.5570457577746413,3.546034373955981,1,2,4.557045757774642
4421,-2.1202251659835403,-2.317501340818981,0,3,0.8797748340164597
4422,2.386039169182341,2.15467267411106,1,2,4.386039169182341
4423,1.836347468522858,1.91814428526486,1,2,3.836347468522858
4424,-1.5962259449391212,-1.8982151992740048,0,3,1.4037740550608788
4425,-2.08378240315777,-2.6603174406838948,0,3,0.9162175968422299
4426,0.501328367300024,0.0622604573311371,1,0,0.501328367300024
4427,-1.9000983667701627,-1.5969036629510045,0,3,1.0999016332298373
4428,0.1227346052057518,0.0007587816556098,0,0,0.1227346052057518
4429,-0.9710044418484216,-0.2901960616476511,0,1,0.028995558151578393
4430,-3.693896526646215,-3.870391024675229,0,3,-0.6938965266462152
4431,-4.252807549688985,-3.9686034077960657,0,3,-1.2528075496889848
4432,0.5228464653309054,0.7271832571156537,0,0,0.5228464653309054
4433,-1.041898470686365,-1.2243587935583735,0,3,1.958101529313635
4434,-1.359487399617259,-1.7110109712836228,0,3,1.640512600382741
4435,1.625185821664327,0.9324643420939476,1,2,3.625185821664327
4436,1.7828507888167513,2.0040991006887885,1,2,3.7828507888167513
4437,-0.3782783523537446,0.1010255406663135,1,1,0.6217216476462555
4438,-0.4943350662855688,-1.1303073349872623,1,1,0.5056649337144312
4439,0.9138058287721752,0.7656278547735055,1,2,2.9138058287721753
4440,-2.459289095949666,-2.7260564280267654,0,3,0.540710904050334
4441,0.4336865989045247,0.6542342590326078,1,0,0.4336865989045247
4442,1.1162582843097966,0.9847972091287296,1,2,3.1162582843097963
4443,1.4283661743161016,1.957558402483228,1,2,3.4283661743161016
4444,-3.2361904226427187,-3.3899476990294586,0,3,-0.23619042264271872
4445,-1.2538237580012803,-1.7483771418156422,0,3,1.7461762419987197
4446,-1.6163002655043497,-1.8038223955886743,0,3,1.3836997344956503
4447,0.0172130114981869,-0.1262328285653144,0,0,0.0172130114981869
4448,0.9902071246318664,1.200647102829731,1,0,0.9902071246318664
4449,2.8307959961226854,2.681388373976492,1,2,4.830795996122685
4450,-0.8255087912795835,-0.6494701859194325,0,1,0.17449120872041646
4451,-0.9670516014714564,-1.2832453103070638,0,1,0.03294839852854359
4452,2.074439701834715,1.9565690299168528,1,2,4.074439701834715
4453,0.6093787937443108,0.2953650830593022,0,0,0.6093787937443108
4454,2.3654195284326867,2.0267628925622314,1,2,4.365419528432687
4455,0.6076992502871821,1.117632673200787,1,0,0.6076992502871821
4456,-2.486048700699593,-2.7721005292833003,0,3,0.5139512993004072
4457,-2.6607591828834507,-2.799801095742557,0,3,0.3392408171165493
4458,-2.952930525730839,-2.5350887417510672,0,3,0.04706947426916086
4459,1.3134932711319252,1.613493829640537,1,2,3.313493271131925
4460,2.2990159927395384,2.955498879404152,1,2,4.299015992739538
4461,3.7393795269842554,3.9325002727859255,0,2,5.739379526984255
4462,1.825647188805051,1.585487432930628,1,2,3.8256471888050507
4463,2.10424050109362,2.92709836067598,1,2,4.10424050109362
4464,-1.107901434366329,-0.8750691365442216,0,3,1.892098565633671
4465,-2.049323469684233,-2.1112016052049,0,3,0.9506765303157669
4466,1.8148900574904496,1.8378762773706576,1,2,3.81489005749045
4467,0.8469123338122468,0.9186249655925328,1,0,0.8469123338122468
4468,0.342836250021564,0.2481115001058341,0,0,0.342836250021564
4469,0.8652422524865162,0.3149000117196493,0,0,0.8652422524865162
4470,0.7970911867483745,1.447779607647007,1,0,0.7970911867483745
4471,2.1628473975105336,2.1541137670406254,1,2,4.162847397510534
4472,2.2792799429012587,2.352678547982316,1,2,4.279279942901258
4473,1.2894065345773416,2.1206641583351336,1,2,3.2894065345773416
4474,1.3905499098935683,1.1172358046065345,1,2,3.3905499098935685
4475,1.1084328319933927,1.3706269618790343,1,2,3.108432831993393
4476,-0.9927493952756962,-1.3096688687036897,0,1,0.007250604724303833
4477,1.3138915007070806,1.442299965725256,0,2,3.3138915007070806
4478,-2.7190601862890285,-2.638457887788485,0,3,0.28093981371097154
4479,2.1479898053350803,2.464230244191207,1,2,4.14798980533508
4480,-1.9669773491127944,-1.483709862036661,0,3,1.0330226508872056
4481,0.446644332682288,0.2148358962024193,1,0,0.446644332682288
4482,-1.4022858928384832,-0.8356159565489159,0,3,1.5977141071615168
4483,1.1772625490257165,1.7722549244502417,1,2,3.1772625490257163
4484,-0.2000548281643602,-0.3000489820417641,0,1,0.7999451718356398
4485,-3.0296626248232155,-3.0322956573844677,0,3,-0.029662624823215467
4486,0.954546962927748,0.7568069149479724,1,0,0.954546962927748
4487,-1.1486728946938114,-1.2708493802312666,0,3,1.8513271053061886
4488,1.8155525129148629,1.3341622508148356,1,2,3.815552512914863
4489,-0.1167460287402918,0.1942682801913843,0,0,-0.1167460287402918
4490,0.625684545725175,-0.1944330112847337,1,0,0.625684545725175
4491,-1.7632494752659071,-2.0420874155709816,0,3,1.2367505247340929
4492,-1.2234523477173789,-1.2419171681452057,1,3,1.7765476522826211
4493,-0.9332938718519876,-0.4133749396808117,1,1,0.06670612814801236
4494,1.7693692796739668,1.5512714519532045,1,2,3.769369279673967
4495,3.40781184456774,3.578952513008771,1,2,5.40781184456774
4496,-1.8962087976805653,-1.928602443460658,0,3,1.1037912023194347
4497,2.4109467066063326,2.788994266795266,1,2,4.410946706606333
4498,-4.315118405071269,-4.164884105488321,0,3,-1.315118405071269
4499,-2.4289094547490087,-2.09682569953312,0,3,0.5710905452509913
4500,-1.8313877113396,-2.0516416774014363,0,3,1.1686122886604
4501,-2.657708940158472,-3.0633188978218064,0,3,0.3422910598415281
4502,-3.01376424167722,-2.8669129140558747,0,3,-0.013764241677220124
4503,0.9335945587057832,0.7385033510900789,0,0,0.9335945587057832
4504,-0.2845661496564694,-0.2724366009164807,0,1,0.7154338503435306
4505,1.0290095763557223,1.1559195524613586,1,0,1.0290095763557223
4506,1.5576702820372206,2.0544332942991104,0,2,3.5576702820372206
4507,0.4991367422793544,0.8137649996353542,0,0,0.4991367422793544
4508,1.0909461210853808,0.8185422519757927,1,2,3.0909461210853806
4509,0.1944950141163642,-0.2635138809866585,0,1,1.1944950141163642
4510,-2.421531451280912,-1.738579009379133,0,3,0.5784685487190879
4511,2.021006878969488,1.38794301017975,1,2,4.021006878969488
4512,-1.5255696291151415,-1.706570768191562,0,3,1.4744303708848585
4513,-1.8034979764624293,-1.5454000483335828,0,3,1.1965020235375707
4514,-0.3260584308180423,0.3294460679619706,0,1,0.6739415691819577
4515,-2.1286448258429225,-2.2045094358926005,0,3,0.8713551741570775
4516,-0.7442059555522292,-0.7332687578438718,0,1,0.25579404444777076
4517,0.5884694589866452,0.238458490347675,1,0,0.5884694589866452
4518,1.2347464799499923,1.2853929248040743,1,0,1.2347464799499923
4519,-1.9095323712694323,-2.369593962989784,0,3,1.0904676287305677
4520,-1.0624494123370478,-1.362563393624509,0,1,-0.062449412337047816
4521,1.973710764689614,2.2792669863450064,1,2,3.973710764689614
4522,1.2483755396762766,1.0749448129315062,1,0,1.2483755396762766
4523,4.075574919804133,4.442474488625361,1,2,6.075574919804133
4524,2.215273516729956,2.153870666070312,1,2,4.215273516729956
4525,2.4299771391039866,1.8824411019556608,1,2,4.429977139103986
4526,-3.051807687994241,-2.58446157770972,0,3,-0.05180768799424085
4527,1.6527428125166346,1.1266123784958793,1,2,3.6527428125166344
4528,0.2500663399263502,0.0093513363821043,0,1,1.25006633992635
4529,-0.9886420405094812,-1.068521673284739,0,3,2.011357959490519
4530,0.4636103443170419,0.8659417925807249,1,0,0.4636103443170419
4531,-0.016698388017014752,1.8538411835283664,1,2,1.9833016119829852
4532,1.3436047877435269,0.9729179227554932,1,2,3.343604787743527
4533,-1.514968810680299,-1.449899582056141,0,3,1.485031189319701
4534,1.5728517716398454,1.4872654823491978,1,2,3.5728517716398454
4535,-1.0943968040247276,-1.2813530436403922,1,3,1.9056031959752724
4536,0.2561792528355503,0.3427733954306885,1,0,0.2561792528355503
4537,-0.451441416804804,-0.9328799029620568,0,1,0.548558583195196
4538,-0.638843697708001,-1.3275799140942732,1,1,0.361156302291999
4539,1.4590814663546938,2.3145735092619963,1,2,3.459081466354694
4540,-2.696899874660444,-2.655225437315812,0,3,0.3031001253395562
4541,3.970676080427359,4.040348433212267,1,2,5.970676080427359
4542,-3.7709465408106633,-4.083742293081494,0,3,-0.7709465408106633
4543,-0.9731063234688216,-0.6140267860712173,0,3,2.0268936765311785
4544,0.8184623020045625,0.6050681979462239,1,0,0.8184623020045625
4545,1.3934475118109448,0.2789884366987309,1,2,3.393447511810945
4546,-0.4176707500779179,-0.6444840862813705,0,1,0.5823292499220821
4547,0.0928958014288417,-0.0196694297409382,1,1,1.0928958014288417
4548,1.2422714395278986,1.1742379977940935,0,0,1.2422714395278986
4549,-0.3093072949289817,-0.3889119600268146,0,1,0.6906927050710183
4550,2.9444323176082694,2.6864664708177584,1,2,4.944432317608269
4551,1.712617763742191,1.4160093398608442,1,2,3.712617763742191
4552,1.6407149458981964,1.521523479181384,1,2,3.640714945898196
4553,-1.7800749722005322,-2.438265407014898,0,3,1.2199250277994678
4554,-0.4599934308918194,-1.2430319484160364,0,1,0.5400065691081806
4555,-0.6844829224255706,-0.6452607264577153,1,1,0.31551707757442937
4556,-2.365414111846368,-2.319520162140372,0,3,0.6345858881536319
4557,0.5795970924285173,0.931357324450116,0,0,0.5795970924285173
4558,-0.9468824971809208,-1.0491086213292296,0,3,2.053117502819079
4559,1.4118863349445667,0.9344354497015552,1,2,3.4118863349445667
4560,-2.130200386681569,-2.906059112760756,0,3,0.8697996133184311
4561,3.472161424496044,3.116082994113297,1,2,5.4721614244960435
4562,-2.1698382407569654,-2.000830343133958,0,3,0.8301617592430346
4563,0.3640922182866891,0.940671779650258,0,0,0.3640922182866891
4564,1.4474482994890931,1.4690824645976988,1,2,3.447448299489093
4565,-1.2730927985031335,-1.7585287546375783,0,3,1.7269072014968665
4566,1.824853012428652,1.472884771426624,1,2,3.824853012428652
4567,-2.6304686609018946,-2.9699510305276218,0,3,0.3695313390981054
4568,2.7832992283396387,2.6209037877137145,1,2,4.783299228339638
4569,-0.3891153192103866,0.0592428507875613,1,0,-0.3891153192103866
4570,-1.251647452012993,-0.7720836719502804,0,3,1.748352547987007
4571,-0.815931054397593,-0.8848334123075475,0,1,0.18406894560240705
4572,1.6336791245233675,1.7069071685688064,1,2,3.6336791245233675
4573,-1.3591321930493694,-1.6781553501987556,0,3,1.6408678069506306
4574,-1.477806929735712,-2.1617703074771946,0,3,1.522193070264288
4575,-0.472010347315945,0.2433249940691533,1,1,0.5279896526840551
4576,-2.019515870931472,-2.948510691168888,0,3,0.980484129068528
4577,3.7405314119742696,3.006195284908449,1,2,5.74053141197427
4578,-1.500716756941907,-0.7821544148780486,0,3,1.499283243058093
4579,1.4102558035402657,1.4169019654084445,1,2,3.4102558035402657
4580,0.4299817690940118,-0.0203841937412053,1,0,0.4299817690940118
4581,-2.1550376906424664,-1.8819562382067416,0,3,0.8449623093575336
4582,-0.6055831044726292,-0.296361782054238,0,1,0.3944168955273708
4583,1.8379148213882448,1.3048405633291469,1,2,3.837914821388245
4584,-0.2324778667915315,-0.4456160173793613,1,1,0.7675221332084685
4585,2.49042126640041,2.8409196118826987,1,2,4.490421266400411
4586,1.9215661764695449,1.5948038779213485,1,2,3.921566176469545
4587,1.9233650635186448,2.0362305589641774,1,2,3.923365063518645
4588,-1.0601856093901705,-0.490260734843661,0,1,-0.06018560939017048
4589,-2.118713435519436,-3.075707368135883,0,3,0.8812865644805639
4590,-1.4112918558928844,-1.5477911836243892,0,3,1.5887081441071156
4591,0.6957395714446437,0.8003939708716393,1,0,0.6957395714446437
4592,0.7775260962483421,0.0607063418709787,1,2,2.777526096248342
4593,-4.096686043618729,-4.308530599719717,0,3,-1.0966860436187291
4594,-0.0084432376200345,0.4093562200366908,1,1,0.9915567623799655
4595,0.2182850515779706,-0.0634410079195851,1,0,0.2182850515779706
4596,-0.5216879282919555,-1.115418502646259,0,1,0.47831207170804446
4597,2.729217279467394,3.181550008732298,0,2,4.7292172794673935
4598,1.1169094958406212,1.294710173252794,1,0,1.1169094958406212
4599,2.6830124207885007,2.6554699041866523,0,2,4.683012420788501
4600,-0.6100602577529199,-0.6494169885961288,0,1,0.38993974224708006
4601,1.8860810097670075,2.2973939982089844,1,2,3.8860810097670075
4602,3.6334914363875135,3.751302766391205,1,2,5.633491436387514
4603,2.892922515647847,3.151167374155264,1,2,4.892922515647847
4604,-2.0025304912325943,-2.279557049155428,0,3,0.9974695087674057
4605,-0.3482147510602846,-1.1151567545829826,0,1,0.6517852489397153
4606,-0.5504393927782845,-0.3016739126949025,0,1,0.44956060722171554
4607,1.2102600370546293,1.650631205721102,1,0,1.2102600370546293
4608,1.2813813528846851,1.1915565658156917,1,2,3.281381352884685
4609,-1.9488025612064737,-1.5936999276890684,0,3,1.0511974387935263
4610,0.1494777279812876,0.0153926107105206,0,0,0.1494777279812876
4611,-4.203370981667811,-4.2396506461952,0,3,-1.2033709816678106
4612,2.6728858605283428,3.373857375883252,1,2,4.672885860528343
4613,-1.1688041966709737,-1.2854122181535457,0,3,1.8311958033290263
4614,0.6087906645957312,0.4685629075743733,0,0,0.6087906645957312
4615,-0.5920745011609536,-1.3400663104438792,0,1,0.4079254988390464
4616,2.364436717299028,2.6404659812914244,1,2,4.364436717299029
4617,-0.016698388017014752,-0.019540719248506047,0,3,2.983301611982985
4618,-0.4019712764103439,-0.3430812720052669,0,1,0.5980287235896561
4619,-0.3754480436191569,-0.5014636785922442,0,1,0.624551956380843
4620,-0.619633658141616,-0.7979507443383931,0,1,0.380366341858384
4621,3.519308184486569,3.472216388541912,1,2,5.519308184486569
4622,-1.654939899422664,-1.6712808352464272,0,3,1.345060100577336
4623,1.6913055623117346,2.161737186165825,1,2,3.691305562311735
4624,0.5942357014525116,1.2023204441295432,1,0,0.5942357014525116
4625,2.800631621865705,3.0609176628423405,1,2,4.800631621865705
4626,-1.4609396893994473,-0.9523173240111048,1,3,1.5390603106005527
4627,-1.1846913263950074,-0.8430323380963213,0,3,1.8153086736049926
4628,2.2806002461818653,2.478445886956193,1,2,4.280600246181866
4629,0.4928335858109563,1.0748907599283342,1,0,0.4928335858109563
4630,-3.2394765906736245,-3.762866443043754,0,3,-0.23947659067362448
4631,-1.4355977355009617,-1.7093826160006564,0,3,1.5644022644990383
4632,1.0054217342549636,0.6770611235125263,0,0,1.0054217342549636
4633,1.670581358932698,1.5500261922769147,1,2,3.670581358932698
4634,-1.804129794375866,-1.529769651142148,0,3,1.195870205624134
4635,-0.016698388017014752,-0.019540719248506047,0,3,2.983301611982985
4636,0.9390135189964024,1.1401331977208446,1,2,2.9390135189964024
4637,-2.7374025508946165,-2.9722269182563115,0,3,0.2625974491053835
4638,-3.699084428851083,-3.83791005012586,0,3,-0.6990844288510831
4639,-0.016698388017014752,-5.563028411375423,0,3,2.983301611982985
4640,1.56927543993282,2.24177469555742,1,2,3.56927543993282
4641,0.1773499446127296,-0.1075888762889213,1,0,0.1773499446127296
4642,-0.7539686552560577,-0.7860060126534321,1,1,0.24603134474394228
4643,2.5171389460087013,2.085848855769879,1,2,4.517138946008702
4644,1.5316327230211615,1.242853636483273,1,2,3.5316327230211613
4645,3.137823511486689,2.702886937516899,1,2,5.137823511486689
4646,-2.7810574041466203,-2.683143368959992,0,3,0.21894259585337972
4647,-0.477967343148142,-0.3078438353526305,1,1,0.5220326568518581
4648,-3.4970451570551297,-3.222225418365599,0,3,-0.49704515705512975
4649,-0.3368021597359839,-0.6382620440985203,1,1,0.6631978402640162
4650,-0.421689355510588,-0.2185121240925776,0,1,0.5783106444894119
4651,1.603902314271005,1.649142345570212,1,2,3.603902314271005
4652,0.3597190286100419,0.3366180297095107,0,0,0.3597190286100419
4653,1.2006720820628665,0.7041029510597825,1,2,3.2006720820628667
4654,1.5014709792204426,1.5627723789476886,1,2,3.501470979220443
4655,4.246536666185669,4.320519314150135,1,2,6.246536666185669
4656,-0.219631346844519,-0.1789399690276255,1,1,0.780368653155481
4657,-1.6522424621222782,-1.4922221592113944,0,3,1.3477575378777218
4658,0.5261042488043679,0.8039425124321402,1,0,0.5261042488043679
4659,-1.5644810973038168,-2.0036904208869046,0,3,1.4355189026961832
4660,3.2528915943250336,3.166213159753693,1,2,5.252891594325034
4661,-0.4505205084676957,-0.2442134678419982,0,1,0.5494794915323042
4662,-0.8194271323339635,-0.9267850606839644,1,3,2.1805728676660365
4663,-1.3813610275540107,-0.9975916047292728,0,1,-0.3813610275540107
4664,1.5290804992430416,1.5651518979200676,1,2,3.5290804992430416
4665,-0.4185809393992475,-1.2005499958486678,1,1,0.5814190606007525
4666,-0.932058042735166,-0.5962864750560886,0,3,2.067941957264834
4667,3.639983572685028,3.5931422819428955,1,2,5.639983572685027
4668,-1.7057725195032387,-2.4136568527533533,0,3,1.2942274804967613
4669,0.3782583438281934,0.2773423997134743,0,0,0.3782583438281934
4670,1.661235207218962,1.1538894557731163,1,2,3.661235207218962
4671,-3.247788886448917,-2.946536372211256,0,3,-0.24778888644891683
4672,1.4549077572982214,1.4405713652397554,1,0,1.4549077572982214
4673,-2.116483581494843,-2.4859817274155493,0,3,0.8835164185051569
4674,1.6026613716008231,1.9270005943859672,0,2,3.6026613716008233
4675,-1.752127506121084,-1.5687172397225844,1,3,1.247872493878916
4676,1.3147799174692585,1.220474022659115,1,2,3.3147799174692585
4677,2.2287340877484043,1.73049511193386,1,2,4.228734087748404
4678,2.004759936075792,1.6677704186611546,1,2,4.004759936075792
4679,0.5064770669196589,0.1634939030372433,0,0,0.5064770669196589
4680,-0.8016054444544605,-0.5030065631487051,0,1,0.19839455554553953
4681,-1.0793752750998484,-1.751734189357539,0,3,1.9206247249001516
4682,2.802810665823729,2.783916739198496,1,2,4.8028106658237295
4683,-1.2259362088763772,-1.3260499651852118,0,3,1.7740637911236228
4684,-1.9348942039747432,-1.5206785968645766,0,3,1.0651057960252568
4685,1.6250179396989646,1.7181125627690927,1,2,3.6250179396989646
4686,-1.410767146214451,-1.196683032156984,1,3,1.589232853785549
4687,-1.6820781382006411,-1.8922221396926489,0,3,1.3179218617993589
4688,-3.0210278763670724,-3.513427151369177,0,3,-0.021027876367072373
4689,-0.8050223797429349,-0.935212770093532,0,1,0.1949776202570651
4690,0.2282602100790716,0.5391251644496446,1,1,1.2282602100790716
4691,0.3484534735940441,0.6584097260547515,0,0,0.3484534735940441
4692,2.2625601469443866,2.090325118498108,1,2,4.262560146944386
4693,0.9439258290913212,0.5996283072318981,0,2,2.943925829091321
4694,-0.5521386881163545,-0.9748103380792292,1,1,0.44786131188364553
4695,-0.3371512640884721,-0.3918019051790966,0,1,0.6628487359115278
4696,1.1634970210561288,1.2181174897438618,1,2,3.163497021056129
4697,2.727490350651592,3.316766955841896,1,2,4.727490350651593
4698,0.06027591481176,0.1096082178593098,1,0,0.06027591481176
4699,-0.8513536889699598,-0.6058472914471045,0,1,0.14864631103004022
4700,-2.122842916467792,-2.4350301116294792,0,3,0.8771570835322078
4701,-3.1881949800385665,-3.1715145780669167,0,3,-0.1881949800385665
4702,1.1467920809804897,1.2028234631952357,1,2,3.1467920809804895
4703,1.0057769740879507,0.9495647629501994,1,2,3.0057769740879507
4704,1.2590460822838243,1.250318563535854,1,2,3.2590460822838243
4705,-0.026876160090378,0.0236112269576643,1,1,0.973123839909622
4706,2.519228165808448,2.711642891046174,1,2,4.519228165808448
4707,-0.8978447743280242,-0.4301975569625196,0,1,0.10215522567197577
4708,1.6751988372602296,0.7689797206043455,1,2,3.6751988372602296
4709,0.048331291823714,0.4938262974791891,1,1,1.048331291823714
4710,-1.3412476455594249,-2.025570892086616,0,3,1.6587523544405751
4711,0.974794811030867,1.098299939445568,1,2,2.974794811030867
4712,0.9792051404375024,1.921456728072892,1,0,0.9792051404375024
4713,0.5965609974448333,0.5795448820745206,0,0,0.5965609974448333
4714,0.0993640538418578,0.1713717096077145,1,0,0.0993640538418578
4715,-0.519783980944937,-0.6438878665131242,0,1,0.48021601905506295
4716,4.966054258025572,5.232959196931547,1,2,6.966054258025572
4717,2.5326949946261674,2.677578415682064,1,2,4.532694994626167
4718,1.446745358827287,1.1763264609156583,1,2,3.446745358827287
4719,-0.0819178718643753,-0.1276590939383037,1,0,-0.0819178718643753
4720,2.256188236860291,1.8088136353494055,0,2,4.256188236860291
4721,0.9027368755107454,0.8551603070178194,1,2,2.9027368755107457
4722,-0.0382611844720463,-0.2060100592387411,0,0,-0.0382611844720463
4723,-0.1447198392599238,-0.0901034586236371,0,1,0.8552801607400762
4724,-0.3025619641472223,-0.5865275230039981,0,1,0.6974380358527776
4725,-0.016698388017014752,-0.019540719248506047,0,3,2.983301611982985
4726,0.533620131011807,0.5371292410870647,1,0,0.533620131011807
4727,-0.8989177216447024,-0.8675506424620394,0,1,0.1010822783552976
4728,3.24174010507667,3.351453591359007,1,2,5.24174010507667
4729,0.1139658540013484,0.0442987878889539,0,0,0.1139658540013484
4730,-2.323538720881816,-2.6382161844544942,0,3,0.6764612791181839
4731,-0.1101439800114475,-0.0773146709516163,0,1,0.8898560199885525
4732,-1.78998554530286,-1.861528675541165,0,3,1.21001445469714
4733,0.6842827192650771,1.0941409761079612,1,0,0.6842827192650771
4734,0.786186349482046,1.2464829498461898,0,0,0.786186349482046
4735,2.0801477219540456,1.5313155477792368,1,2,4.080147721954045
4736,-1.4420837591232505,-1.19522193975615,0,3,1.5579162408767495
4737,0.2914120779843193,0.6185097424202826,1,0,0.2914120779843193
4738,-2.748563469906949,-3.286895988252605,0,3,0.2514365300930508
4739,1.0291947486840536,1.2609838762491392,1,2,3.029194748684054
4740,1.023283828937347,1.3816657960438672,1,2,3.023283828937347
4741,0.7933711985302307,0.4135125433787946,1,0,0.7933711985302307
4742,-0.1431337792577305,-0.2376704285061459,1,0,-0.1431337792577305
4743,0.5810618468110995,0.6555898211391882,0,0,0.5810618468110995
4744,3.113209244928425,3.3413924689681367,1,2,5.113209244928425
4745,-0.6895132528807177,-1.0848890170597592,0,1,0.31048674711928226
4746,-0.1982235985652515,0.2645790805609934,1,0,-0.1982235985652515
4747,-2.032208216106362,-2.843947468132603,0,3,0.9677917838936381
4748,-1.2924575515956882,-0.7629593320254883,1,3,1.7075424484043118
4749,0.3168740248858725,0.5369810120018398,0,0,0.3168740248858725
4750,2.167282302096969,1.9185736976398475,1,2,4.167282302096969
4751,-0.523510927638388,-0.1777485905555559,1,1,0.476489072361612
4752,-0.5560302322268831,-0.9751498496677352,0,1,0.4439697677731169
4753,-0.7957621722353577,-0.7497877504778077,0,1,0.20423782776464228
4754,-1.0769149605032928,-0.9815130109798548,0,3,1.9230850394967072
4755,0.4217332253379842,0.51618715092159,0,0,0.4217332253379842
4756,-2.6579376125677228,-2.993824635413861,0,3,0.34206238743227724
4757,2.264448306191501,2.06601743724847,1,2,4.2644483061915
4758,-1.1871782876200718,-1.1364803411597455,1,3,1.8128217123799282
4759,1.4235674454127765,1.132869948226145,0,2,3.4235674454127762
4760,-2.159830831774603,-2.0512497140639594,0,3,0.8401691682253971
4761,1.405853180942081,1.1602027936514492,1,2,3.405853180942081
4762,1.2719081081923451,1.6719081186232427,1,2,3.271908108192345
4763,0.7188627043248935,1.3439366845532676,1,0,0.7188627043248935
4764,-1.980875704695632,-2.099861374558536,0,3,1.019124295304368
4765,0.2705382401968738,0.638641744584916,0,0,0.2705382401968738
4766,-2.5194862744923605,-2.6044080911230005,0,3,0.4805137255076395
4767,-0.8625153040307423,-1.2370877827272797,0,1,0.13748469596925772
4768,1.8742308222358333,1.7039437260137684,1,2,3.874230822235833
4769,1.612185150473574,1.6464130467760592,1,2,3.6121851504735742
4770,0.0904008949377704,-0.6243821708330582,1,0,0.0904008949377704
4771,-2.345479090844964,-2.095216386266765,0,3,0.6545209091550359
4772,1.2637330837395468,1.2981414233140924,1,2,3.263733083739547
4773,0.1514444655604769,0.5516620485481387,0,0,0.1514444655604769
4774,-4.673213635136094,-4.429958613627551,0,3,-1.6732136351360936
4775,1.438501923477476,1.4864812503430314,0,2,3.4385019234774763
4776,-0.130897896749027,-0.2732318708888122,0,1,0.869102103250973
4777,2.2967498249707,2.9058945136518948,1,2,4.2967498249707
4778,-2.3178871495072206,-1.4499380747728077,0,3,0.6821128504927794
4779,-0.016698388017014752,-0.019540719248506047,0,3,2.983301611982985
4780,1.0197053622374606,1.436622751718481,1,0,1.0197053622374606
4781,0.4343873699829088,0.1516875063967878,1,0,0.4343873699829088
4782,-3.4449717817451893,-3.680046163220813,0,3,-0.44497178174518925
4783,-1.967338679608259,-2.1218366602076584,0,3,1.032661320391741
4784,5.372964600568145,-0.019540719248506047,1,2,7.372964600568145
4785,-0.3915740676029214,-0.8215393853385446,0,1,0.6084259323970787
4786,0.9877408780911444,1.6077265688928384,1,2,2.9877408780911443
4787,-1.4075314888125026,-1.032382585863291,0,3,1.5924685111874974
4788,-4.016943050442321,-3.752336968270769,0,3,-1.016943050442321
4789,-0.3993353552695378,-0.5168612216706133,1,1,0.6006646447304622
4790,-0.6953769123422686,-0.363581876399572,1,1,0.3046230876577314
4791,-0.7116051264489901,-1.878550270970216,0,1,0.2883948735510099
4792,-0.0480130239333544,0.1283475214636451,1,1,0.9519869760666456
4793,0.5706636323342847,0.634712459399383,0,0,0.5706636323342847
4794,-0.4604779744701898,-1.2149642005573478,1,1,0.5395220255298102
4795,-2.436771672064379,-2.274270478971512,0,3,0.5632283279356209
4796,0.8919597230689198,1.1283164134193489,1,0,0.8919597230689198
4797,-3.749706134266081,-4.491199232199753,0,3,-0.7497061342660811
4798,-3.8040631375970815,-4.278771704657915,0,3,-0.8040631375970815
4799,0.9572456382654292,1.7830012990058095,0,2,2.9572456382654293
4800,1.0362540389098402,0.9617126204688538,1,2,3.0362540389098402
4801,-0.4619375175375975,-0.0716870937382425,0,1,0.5380624824624025
4802,-2.3025392924441896,-1.8518185227283197,0,3,0.6974607075558104
4803,-1.5094467881073887,-1.3518720625092815,0,3,1.4905532118926113
4804,-0.3762188470079335,0.0306776934677779,1,1,0.6237811529920665
4805,-3.198851309067206,-4.044006652333094,0,3,-0.19885130906720594
4806,-1.6386742321902776,-1.7308859968625407,0,3,1.3613257678097224
4807,1.1202500669178743,-0.1119894239516967,1,2,3.1202500669178743
4808,3.1717465631985844,2.4733090973716854,1,2,5.171746563198584
4809,-0.6476818932814391,-0.866087692075418,0,1,0.3523181067185609
4810,1.9016935261077093,1.635539750509237,1,2,3.9016935261077093
4811,-3.8170294741433946,-3.8004653584864023,0,3,-0.8170294741433946
4812,1.376486406476423,1.3682262018352274,1,2,3.376486406476423
4813,-1.6613351425860197,-1.607838170593527,0,3,1.3386648574139803
4814,0.5572747927929382,0.6271586522452098,1,0,0.5572747927929382
4815,-0.7038822229748922,-0.5707131331337039,0,1,0.2961177770251078
4816,2.6576300577525385,2.2740121867877536,1,2,4.657630057752538
4817,-1.906720615657076,-2.196637543402596,0,3,1.093279384342924
4818,1.3435943795565026,1.3288431558386016,1,2,3.3435943795565026
4819,-0.5250128827970251,-0.5335500630661946,0,1,0.47498711720297493
4820,-0.2590745472841831,-0.6918454934027025,1,1,0.7409254527158169
4821,-0.0326817983803741,0.3999419540248464,1,1,0.9673182016196259
4822,-1.698889798941344,-1.4089695279210137,0,3,1.301110201058656
4823,0.1231474687573425,-0.2207392053879089,1,1,1.1231474687573426
4824,0.2850054485734732,0.2016590434067989,0,1,1.2850054485734732
4825,0.7438039106724681,1.5476197709913144,1,0,0.7438039106724681
4826,0.3996442310766941,0.4638750462104067,0,0,0.3996442310766941
4827,1.5346514561203726,1.6929258382003989,1,2,3.534651456120373
4828,1.8929458432082968,1.6493716227558448,1,2,3.892945843208297
4829,-2.3649019020615905,-2.490146745472927,0,3,0.6350980979384095
4830,1.837327881374425,2.4418582756877862,1,2,3.837327881374425
4831,-2.3177808186969404,-2.272463047779926,0,3,0.6822191813030596
4832,1.1803888013067063,1.1520175137575537,1,2,3.180388801306706
4833,1.4449165270543094,1.4479729614288956,1,2,3.4449165270543096
4834,-4.064188747809888,-3.0460356324438136,0,3,-1.0641887478098884
4835,0.5129310632908888,0.5288540645500427,1,0,0.5129310632908888
4836,-0.7566392891325746,-1.088669968818015,1,1,0.2433607108674254
4837,-1.5316573118011447,-1.79379767244724,0,3,1.4683426881988553
4838,2.671958743834532,2.984261144789774,1,2,4.671958743834532
4839,-1.211236038225119,-1.7826284888838295,0,3,1.788763961774881
4840,-1.3085836118233436,-1.1283504192376517,0,3,1.6914163881766564
4841,0.171711423748189,-0.117815587311588,0,0,0.171711423748189
4842,1.399985672992678,0.6564778504118749,1,2,3.399985672992678
4843,-0.2796734764950795,-0.6717023632605175,0,1,0.7203265235049205
4844,2.6891459138787988,2.7001594377502625,1,2,4.689145913878798
4845,0.9881747033407764,1.5462416607379028,0,2,2.9881747033407766
4846,-4.362324159186675,-3.99699239440802,0,3,-1.3623241591866746
4847,-0.7662467961618176,-0.8837228866301188,0,3,2.2337532038381824
4848,-1.0942820319808253,-0.7054072040535881,1,3,1.9057179680191747
4849,1.186133678867949,1.0434217471723273,1,0,1.186133678867949
4850,-5.431890124128815,-0.019540719248506047,0,3,-2.431890124128815
4851,5.056960913109742,5.065395967362813,1,2,7.056960913109742
4852,1.3589389974764658,0.7565653994737519,1,2,3.358938997476466
4853,0.1624856646826731,0.479048987676698,1,0,0.1624856646826731
4854,2.332875624884351,2.655227660487102,1,2,4.332875624884351
4855,4.738645151803546,4.386657175991441,1,2,6.738645151803546
4856,1.5436623855782092,1.601901388308474,1,2,3.5436623855782092
4857,1.8148641692188607,1.869283862895437,1,2,3.8148641692188607
4858,0.2839073852938927,0.6326927380007892,1,0,0.2839073852938927
4859,-0.2737151599015043,-0.7717424614950436,0,1,0.7262848400984957
4860,-0.6955204838423752,-0.455725474415103,0,1,0.3044795161576248
4861,-1.343932544462633,-1.8706402448648367,0,3,1.656067455537367
4862,-1.545245173799177,-1.234369678730029,0,3,1.454754826200823
4863,-2.6788582248524686,-2.2537792643192103,0,3,0.3211417751475314
4864,-0.0168932396850935,-0.2847297971410505,1,1,0.9831067603149065
4865,-3.0660656612929342,-2.578414114676318,0,3,-0.06606566129293423
4866,5.255311077508473,-0.1040820774566682,1,0,5.255311077508473
4867,-0.0144785357662171,0.4253548423180022,0,1,0.985521464233783
4868,0.4271791031699017,1.002561598434958,1,0,0.4271791031699017
4869,-0.909509373172733,-0.7711832955121203,0,3,2.090490626827267
4870,-0.016698388017014752,-0.019540719248506047,1,2,1.9833016119829852
4871,2.7587915588618794,2.8837594869018486,1,2,4.75879155886188
4872,-2.1972528013317074,-2.438756148824158,0,3,0.8027471986682926
4873,0.4242648211149955,1.4741154927800932,0,0,0.4242648211149955
4874,-1.1901229573651584,-1.4247354735388749,0,3,1.8098770426348416
4875,-2.0774627433200323,-1.550502275457105,0,3,0.9225372566799677
4876,-3.142916041369245,-3.4394070083389017,0,3,-0.14291604136924496
4877,0.8685514169654437,1.5072747287669035,0,0,0.8685514169654437
4878,-1.3024020840085733,-0.4974706513065055,0,3,1.6975979159914267
4879,1.833153369874228,1.9875496942819653,1,2,3.833153369874228
4880,1.7566370392839323,1.8712999467107925,1,2,3.756637039283932
4881,2.571707478466569,2.1890758685527376,1,2,4.571707478466569
4882,-1.5519360089210943,-1.982203052748408,0,3,1.4480639910789057
4883,1.3452361759934015,1.4644020180596529,1,0,1.3452361759934015
4884,1.5413951014656884,2.1246720923381366,1,2,3.5413951014656884
4885,-1.2172255511740402,-1.4365065468336524,0,1,-0.2172255511740402
4886,-1.3726184526756096,-0.4894467655579352,0,3,1.6273815473243904
4887,3.086408856390088,2.8423504805381525,1,2,5.086408856390088
4888,3.38538338962352,0.4302951152623403,1,0,3.38538338962352
4889,1.1795403818292192,1.2723469683906814,1,2,3.179540381829219
4890,-1.5029386336847688,-1.5435523837789755,0,3,1.4970613663152312
4891,-2.24671825775458,-3.064249264285072,0,3,0.7532817422454201
4892,-1.1585057632401785,-1.4061350034125368,0,3,1.8414942367598215
4893,-0.264256922981599,-0.1844012060604501,1,1,0.735743077018401
4894,-2.035587264987539,-2.0739813033796244,0,3,0.9644127350124609
4895,0.0939092906040823,0.3483903543651954,1,1,1.0939092906040824
4896,-3.1417652347852942,-2.8390308699885534,0,3,-0.14176523478529424
4897,-2.496969240041584,-2.593000624513148,0,3,0.5030307599584161
4898,1.345827964514556,0.9608558155883776,1,2,3.345827964514556
4899,0.9939761653775528,1.613303247530918,1,2,2.993976165377553
4900,-0.7939419865864134,-1.336126918792674,1,1,0.20605801341358665
4901,-2.0807636756900583,-2.318886565062918,0,3,0.9192363243099417
4902,-2.064156993832562,-2.4041409634220825,0,3,0.9358430061674379
4903,-0.9064850695047344,-0.6079020207838914,0,1,0.0935149304952656
4904,0.991579024649097,1.5183878144413332,1,2,2.9915790246490968
4905,1.4376038773456683,1.3681265271412906,0,2,3.4376038773456683
4906,-1.0192995018169062,-0.9273887976829412,0,1,-0.019299501816906206
4907,-2.393185073136156,-2.221676344740496,0,3,0.6068149268638439
4908,0.4004997427719011,1.1221013822074457,1,0,0.4004997427719011
4909,-1.3825602486853668,-2.091989625570638,0,3,1.6174397513146332
4910,-1.208392915081467,-0.9107041554306956,0,3,1.791607084918533
4911,2.933918997301836,3.0845288964776367,1,2,4.933918997301836
4912,1.978999605985388,1.8306637958870595,1,2,3.978999605985388
4913,-0.0742314688549728,0.0562592254331454,1,0,-0.0742314688549728
4914,-2.525361710425652,-2.2290301200936846,0,3,0.47463828957434817
4915,0.3428538367741196,0.5761189217672408,1,0,0.3428538367741196
4916,1.5429537926315997,2.4063540349981194,1,2,3.5429537926315997
4917,-1.040195582144754,-0.9892029470272798,0,1,-0.04019558214475394
4918,2.857215401395125,2.867977474711256,1,2,4.857215401395125
4919,2.9893304295786667,2.916810915310757,1,2,4.989330429578667
4920,3.5080012928267967,3.729192827685152,1,2,5.508001292826797
4921,0.6752127475653014,0.6623894429709223,1,0,0.6752127475653014
4922,1.170516923285807,1.1758005813117138,1,2,3.170516923285807
4923,3.164907159591803,3.1720391035943054,1,2,5.164907159591802
4924,1.3244357145294794,1.270592286733442,1,0,1.3244357145294794
4925,-1.1198367514852627,-1.363305872346226,0,3,1.8801632485147373
4926,-1.297082985117781,-1.1298403698390167,0,1,-0.297082985117781
4927,0.057472414893238,-0.0565466111134094,1,0,0.057472414893238
4928,-2.316746645460477,-2.071274844332299,0,3,0.6832533545395232
4929,-0.2959295388832625,-0.2516224873120637,0,1,0.7040704611167374
4930,2.229742618552251,2.0751126680206324,1,2,4.229742618552251
4931,-4.740637900921905,-4.114705738907879,0,3,-1.7406379009219046
4932,2.9183264210313364,2.877401386812546,0,2,4.918326421031336
4933,2.185652274626163,2.4347814804508854,1,2,4.185652274626163
4934,-0.8779615549881384,-1.157954717384979,0,1,0.12203844501186156
4935,1.0070632479608674,0.1968475155083955,1,2,3.0070632479608674
4936,-0.2011697858476152,-0.4279694529184341,0,0,-0.2011697858476152
4937,2.3030673383568616,1.448087855796944,1,2,4.303067338356861
4938,2.207030942729329,2.112285796001629,1,2,4.207030942729329
4939,-2.7511845224453184,-2.163725716629697,0,3,0.24881547755468159
4940,1.2969561883194638,0.9348421794888034,1,2,3.296956188319464
4941,-0.5910304694619612,-1.4334480124996367,0,1,0.40896953053803875
4942,-0.4250995560439251,0.1750032403610856,0,0,-0.4250995560439251
4943,-1.5609646633165304,-1.751106568646231,0,3,1.4390353366834696
4944,3.322960027356572,3.3166646744890964,1,2,5.322960027356572
4945,2.149926093530768,2.465238081183198,1,2,4.149926093530768
4946,-0.8223975852095661,-0.6131284792139063,0,3,2.177602414790434
4947,-2.530188010296814,-2.2299830424520666,0,3,0.46981198970318605
4948,-0.2241532300789986,0.1360183657391708,0,1,0.7758467699210014
4949,0.9827592312505012,0.2843133782147193,1,0,0.9827592312505012
4950,0.3544344403779029,-0.2113046556781047,1,0,0.3544344403779029
4951,2.5758488651606632,3.0443167302122,1,2,4.575848865160664
4952,1.9359671642572465,1.6232715070205714,1,2,3.9359671642572467
4953,2.305050570770061,2.035992232784638,1,2,4.305050570770061
4954,0.5386433276122589,0.0335063187465316,0,0,0.5386433276122589
4955,-2.7279607212821206,-2.889939877021113,0,3,0.27203927871787936
4956,-0.677250438228032,-0.8169768637018204,0,1,0.322749561771968
4957,2.285113204755617,1.9101289296815536,1,2,4.285113204755617
4958,0.2076250827618867,-0.213608015188411,1,1,1.2076250827618866
4959,1.0141406280706968,1.1416058649409793,0,2,3.014140628070697
4960,-0.7709734413642919,-1.0940411481196637,1,1,0.2290265586357081
4961,-1.9875975068281773,-2.230122409619482,0,3,1.0124024931718227
4962,-0.1631963218195877,-1.03770766052922,0,1,0.8368036781804122
4963,0.6343236524352318,1.4096037494476417,0,0,0.6343236524352318
4964,-1.2756324140556967,-0.8989028022658165,0,3,1.7243675859443033
4965,-0.5061854598072112,-0.704107881137988,1,1,0.4938145401927888
4966,-1.679735498326684,-2.0393678725897724,0,3,1.320264501673316
4967,2.3857353241612174,2.3900908430544674,1,2,4.385735324161217
4968,-0.7855321446048978,-0.7921455804439594,0,1,0.21446785539510216
4969,2.703392969620648,2.1930063418147885,1,2,4.703392969620648
4970,3.006620817676505,1.9864063261075608,1,2,5.006620817676505
4971,-0.0147245046224516,-0.2251548676291192,0,1,0.9852754953775484
4972,-1.9872859823165363,-2.6126357946763417,0,3,1.0127140176834637
4973,-4.300425837491206,-4.231873858801789,0,3,-1.3004258374912059
4974,-2.891770426708417,-2.8205378000441472,0,3,0.10822957329158278
4975,-2.8138317537017743,-3.203116833038538,0,3,0.1861682462982257
4976,2.933036546967836,2.7192028399056545,0,2,4.933036546967836
4977,0.2982608614673017,1.0034775382585353,0,0,0.2982608614673017
4978,0.7161534106935469,1.026204821201932,0,0,0.7161534106935469
4979,-4.39453826346096,-4.575439371744521,0,3,-1.3945382634609604
4980,-2.132923246529683,-1.216139515755291,0,3,0.8670767534703172
4981,1.6602335375832984,1.1814585727946405,1,2,3.6602335375832986
4982,0.6540796210946046,0.3290017311679826,1,0,0.6540796210946046
4983,-0.3085026254643937,-0.3527082937475645,0,1,0.6914973745356063
4984,1.215081453972665,0.6026786278221389,1,2,3.2150814539726653
4985,3.140682623952484,3.856806289803623,1,2,5.140682623952484
4986,-0.4200178404422259,-0.3467570249585137,0,1,0.5799821595577741
4987,0.360304261799499,0.0443247190395811,0,0,0.360304261799499
4988,0.1977924412133888,0.3769072217752933,1,0,0.1977924412133888
4989,4.5183382498829685,4.5767605892021255,1,2,6.5183382498829685
4990,-4.457003641735444,-4.578864075385782,0,3,-1.4570036417354437
4991,1.132313523537578,0.648907456808986,1,2,3.132313523537578
4992,-0.1105398399395944,-0.6850246101512373,0,1,0.8894601600604056
4993,0.852371515195266,1.7270919141725567,1,2,2.8523715151952658
4994,-1.374324176938155,-1.9154181309821536,0,3,1.625675823061845
4995,0.025727798945241,0.7049140066857914,0,1,1.025727798945241
4996,1.5061529710407089,1.1682493119943267,1,2,3.506152971040709
4997,-0.016698388017014752,-0.019540719248506047,0,2,1.9833016119829852
4998,1.654257125155164,1.840430361187476,1,2,3.654257125155164
4999,-1.6747021301135037,-1.408534649994937,0,3,1.3252978698864963
5000,-0.8923675551550437,-0.5995618462589676,0,1,0.10763244484495627
5001,-0.948995160498624,-1.5936214094336285,0,1,0.05100483950137602
5002,-3.144200858308638,-3.4147392552983087,0,3,-0.14420085830863805
5003,-0.4983182026166144,-1.0455373863037,0,1,0.5016817973833856
5004,1.9617883471459183,2.0375087714849576,1,2,3.9617883471459185
5005,-2.6478568647376903,-3.177194597587381,0,3,0.35214313526230967
5006,2.0799719827235554,1.287553111894267,0,2,4.079971982723555
5007,0.7091244891133468,0.614133554495917,1,0,0.7091244891133468
5008,-1.6303800043599903,-2.5140116253549687,0,3,1.3696199956400097
5009,0.0973233550568053,0.2008186329451879,0,1,1.0973233550568053
5010,3.0922367573137146,2.589184947962618,1,2,5.092236757313715
5011,1.850951887040624,1.5147199878085325,1,2,3.8509518870406243
5012,-0.2311051423396824,-1.1432715316027626,0,0,-0.2311051423396824
5013,-0.686060440736624,-0.0260195552132055,1,1,0.313939559263376
5014,0.084971896698635,-0.5001940580925965,1,0,0.084971896698635
5015,-1.0362771002204425,-1.1818775940396005,0,3,1.9637228997795575
5016,-4.024881552948004,-4.741576989932502,0,3,-1.0248815529480044
5017,4.174509904506715,3.8402427811544064,1,2,6.174509904506715
5018,0.2273869469299973,0.9281156593396817,1,0,0.2273869469299973
5019,0.769631368941453,0.8886220630475922,1,0,0.769631368941453
5020,-0.1796280837107574,-0.4690804822349892,0,1,0.8203719162892427
5021,-1.653164348514322,-1.6668337403765072,0,3,1.346835651485678
5022,-0.5494415492178658,-0.7736651718925104,0,1,0.4505584507821342
5023,-2.9932127461019404,-3.030180978032975,0,3,0.006787253898059564
5024,4.188540010521181,4.486087498134365,1,2,6.188540010521181
5025,-2.145552257355781,-2.2779914533185965,0,3,0.854447742644219
5026,-2.132531412814805,-2.0445348232447635,0,3,0.8674685871851948
5027,-1.035020130051233,-0.9404219309919308,0,1,-0.035020130051232945
5028,2.7241033078442087,2.5936450489251115,1,2,4.724103307844208
5029,0.3260613153547317,0.0316909194867094,0,0,0.3260613153547317
5030,-2.2487451037401334,-2.4588184463819176,0,3,0.7512548962598666
5031,2.609047131386657,2.888721232000688,1,2,4.609047131386657
5032,1.67937395151533,1.9923406335055105,1,2,3.67937395151533
5033,0.7335703990041316,0.2784526664967431,1,2,2.7335703990041313
5034,1.327102374044051,1.2227066402888478,1,2,3.327102374044051
5035,4.606489789159933,4.305321041518999,1,2,6.606489789159933
5036,4.6151175363152594,4.935098508201715,1,2,6.6151175363152594
5037,-1.4501262897913678,-1.6386075057033282,0,3,1.5498737102086322
5038,3.416851296978716,4.297220824007263,1,2,5.416851296978717
5039,0.8735077680155282,0.9606667239743494,1,0,0.8735077680155282
5040,0.8257302450427626,1.2985288267320514,1,0,0.8257302450427626
5041,-3.501933305281914,-3.907777636003261,0,3,-0.5019333052819142
5042,-0.0820079926134467,-0.0773191329791005,1,1,0.9179920073865533
5043,-1.7807437104100126,-1.5342744710619232,0,3,1.2192562895899874
5044,1.6810911518257143,1.2677710550969945,0,2,3.681091151825714
5045,1.985652743540321,1.993789828264552,1,2,3.985652743540321
5046,-4.211763139415795,-3.791019526535581,0,3,-1.2117631394157948
5047,-0.0533021168025352,-0.1842821199719295,0,1,0.9466978831974648
5048,2.087149707529006,1.746448705699956,1,2,4.087149707529006
5049,-0.5654473154236663,0.1557364667653409,1,1,0.43455268457633367
5050,1.5153819573602174,1.046683836701698,1,2,3.5153819573602174
5051,0.5333834534959329,0.5957397048485679,1,0,0.5333834534959329
5052,0.5211889527655181,0.2378784174307954,1,0,0.5211889527655181
5053,-0.730440584876989,-1.10517428042001,0,1,0.26955941512301096
5054,-2.448743217537683,-2.152080384456379,0,3,0.5512567824623171
5055,-2.0543199679700868,-2.136534332635102,0,3,0.9456800320299132
5056,1.7200107561730875,1.8823653423409668,1,2,3.7200107561730875
5057,-0.1062671061609894,-1.0083253946110673,0,0,-0.1062671061609894
5058,0.1530376694517927,0.3542855822366169,0,1,1.1530376694517928
5059,-1.0487210567860643,-1.3369594215125975,0,1,-0.04872105678606431
5060,-0.3936679862959296,-1.1452087667592372,0,1,0.6063320137040704
5061,1.9494842981731904,2.7033801200880605,1,2,3.94948429817319
5062,-0.8446728177100555,-0.6042674071122047,0,1,0.15532718228994447
5063,-2.8310806579600154,-2.740169692888176,0,3,0.1689193420399846
5064,1.4768140111505226,1.9765815510464688,1,2,3.4768140111505224
5065,-0.2937588935227124,-0.1947311809672979,0,1,0.7062411064772876
5066,0.1967653386465173,-0.1226802654109252,1,0,0.1967653386465173
5067,3.026359609729443,2.9563725655364923,1,2,5.026359609729443
5068,-0.2390529722032681,-0.5103994574800891,0,1,0.7609470277967318
5069,0.3950396075647412,0.1948984504348574,0,0,0.3950396075647412
5070,-2.3801178630737527,-2.883199329417449,0,3,0.6198821369262473
5071,-0.4813700255400952,-0.869378255860223,1,1,0.5186299744599048
5072,1.0290169980032435,1.3868512110707136,1,2,3.0290169980032435
5073,-3.056826728869836,-2.9239965533485366,0,3,-0.056826728869836085
5074,0.8542039478984829,0.6529987268858795,0,0,0.8542039478984829
5075,0.1006390529225823,-0.3105736928626718,0,0,0.1006390529225823
5076,-0.0041274530658279,-0.1662862445890011,1,0,-0.0041274530658279
5077,2.18625011138136,1.5127101901945323,1,2,4.18625011138136
5078,0.557113771349684,0.607766011119425,1,0,0.557113771349684
5079,3.0899366930565244,3.4681252858535503,1,2,5.089936693056524
5080,-2.1308875725438803,-1.1840985085202709,0,3,0.8691124274561197
5081,0.6382730559521562,0.1969695669265088,1,0,0.6382730559521562
5082,0.2378885672983537,0.5994095456785974,0,0,0.2378885672983537
5083,-2.2625135773255023,-2.5453981556046528,0,3,0.7374864226744977
5084,1.7948516642888377,1.3434691482684324,1,2,3.7948516642888377
5085,4.546586661164029,4.095027409621638,1,2,6.546586661164029
5086,0.2405377842821126,0.2968320748528994,1,1,1.2405377842821126
5087,0.7562919750272772,0.3839745255499693,1,2,2.756291975027277
5088,0.0354486175387535,-0.2072896909786404,1,0,0.0354486175387535
5089,-1.539501451199437,-1.7156619834943416,0,3,1.460498548800563
5090,-3.64465814895542,-3.940645284914984,0,3,-0.6446581489554202
5091,-1.4657689047200892,-1.7908027257997476,0,3,1.5342310952799108
5092,-3.082162328181555,-4.053826233188945,0,3,-0.08216232818155511
5093,3.328239619399142,3.3630209354438896,1,2,5.328239619399142
5094,-0.250129524483472,-0.2230609286600912,0,1,0.749870475516528
5095,-0.8174582251102981,-1.136396165004503,0,1,0.1825417748897019
5096,1.9156627473851449,2.0598164555404934,1,2,3.915662747385145
5097,-2.0596205199610464,-1.5008575071347718,0,3,0.9403794800389536
5098,-1.5494054159549833,-1.5399734828212697,0,3,1.4505945840450167
5099,0.1822528558673879,0.7143559675298791,1,0,0.1822528558673879
5100,1.625326783377107,2.520579551547955,1,2,3.625326783377107
5101,0.91914953590521,1.9313594115533197,1,2,2.91914953590521
5102,0.6976146233833469,0.2223201887793464,1,0,0.6976146233833469
5103,0.0715481538361771,-0.4016770487312909,0,0,0.0715481538361771
5104,0.6530193757751581,0.4752473770848736,1,0,0.6530193757751581
5105,0.8588435954646955,0.9103296759686316,1,0,0.8588435954646955
5106,-1.6961291115147104,-1.061468311577278,0,3,1.3038708884852896
5107,0.1856734257627341,0.436569914199116,1,0,0.1856734257627341
5108,-1.919595195539496,-2.4009100474084955,0,3,1.080404804460504
5109,-0.2830219977899681,-0.5276849611796995,0,0,-0.2830219977899681
5110,-1.118806171102224,-1.13560625428843,0,1,-0.11880617110222391
5111,4.984771670931092,4.389107679672894,1,2,6.984771670931092
5112,-0.1269847872768131,-0.1215174042604473,1,1,0.8730152127231869
5113,-2.90646793671797,-3.3818421731416684,0,3,0.09353206328203001
5114,-0.7783656796571186,-1.4386541330800675,0,1,0.22163432034288144
5115,1.1159224150174882,0.7371283032296425,1,2,3.1159224150174882
5116,3.4554587179611684,3.619867139918103,1,2,5.455458717961168
5117,-0.8585250415594405,-0.6968787571648328,0,3,2.1414749584405595
5118,-3.322517801002273,-3.283856234327297,0,3,-0.3225178010022729
5119,1.459641391305982,1.8562868555223329,1,2,3.459641391305982
5120,-3.297194308992196,-2.942961015306822,0,3,-0.297194308992196
5121,-0.9310242503331472,-0.8492717135050363,0,1,0.06897574966685283
5122,-0.3350186148095537,-0.3084658747992719,1,1,0.6649813851904463
5123,-0.2616204790387602,-0.2098017969507216,0,1,0.7383795209612398
5124,1.8070178778574009,1.747959805882568,1,2,3.807017877857401
5125,-1.41858753173068,-2.2883246223817504,0,3,1.58141246826932
5126,-0.5180600474758102,-0.0638661095478824,0,1,0.48193995252418975
5127,-0.3011613220150957,-0.1421521892576251,0,1,0.6988386779849043
5128,0.356639984072632,-0.1298909942581924,1,0,0.356639984072632
5129,-0.2002096095546937,0.3709170381542811,1,0,-0.2002096095546937
5130,1.0107511414477883,0.7747591941626802,1,0,1.0107511414477883
5131,1.832564654530557,1.789457053467108,1,2,3.832564654530557
5132,1.057126516169238,1.4665567543965394,0,0,1.057126516169238
5133,0.7031773032648991,0.7912330466207347,1,0,0.7031773032648991
5134,-3.132333909833472,-2.598183573067112,0,3,-0.13233390983347215
5135,0.2132187102086617,0.0723781105915458,1,0,0.2132187102086617
5136,1.0474714236692793,1.7239407081814135,1,0,1.0474714236692793
5137,1.2848225341139303,0.9737013741809214,1,2,3.28482253411393
5138,-1.8630979263788163,-1.3360489946549694,0,3,1.1369020736211837
5139,-1.2486864904003938,-2.154730177960153,0,3,1.7513135095996062
5140,-1.1787012862291806,-1.6187781067628406,0,3,1.8212987137708194
5141,0.9594936811903988,1.0786801365861265,1,2,2.959493681190399
5142,2.2205511825915103,2.060373012134267,1,2,4.22055118259151
5143,-0.8239041222140898,-0.8538035701751151,0,1,0.17609587778591018
5144,1.552085616700538,1.5687459847648224,1,2,3.5520856167005377
5145,-0.1393308394900559,-0.6156918827408777,0,0,-0.1393308394900559
5146,-0.4743642073515056,-0.9207360533005324,0,1,0.5256357926484945
5147,0.0558339993174193,0.1486828188407876,1,1,1.0558339993174193
5148,1.6377780839908689,1.371244903262157,1,2,3.637778083990869
5149,0.6888781019691426,1.22529164555361,0,0,0.6888781019691426
5150,4.5153186698581145,4.438539807685,1,2,6.5153186698581145
5151,-1.7539278739841355,-1.466427376741403,0,3,1.2460721260158645
5152,1.2696426007317705,1.4467832684546134,1,2,3.2696426007317703
5153,-1.156521168003712,-1.3969855908727864,0,3,1.843478831996288
5154,-1.623189891840429,-2.415321406621378,0,3,1.376810108159571
5155,-0.0914198641282631,0.3825566829201558,0,1,0.9085801358717369
5156,0.6627362851810845,0.2711726545022274,0,0,0.6627362851810845
5157,-0.016698388017014752,-0.019540719248506047,1,2,1.9833016119829852
5158,-0.119180268429679,-0.1795172450563086,0,1,0.880819731570321
5159,-2.3772394139070148,-2.397644041148487,0,3,0.6227605860929852
5160,0.7576486575022559,1.1424321225178633,1,0,0.7576486575022559
5161,-4.211795560171675,-4.209465937002364,0,3,-1.2117955601716748
5162,-0.1619066004219618,-0.2128482365256941,1,1,0.8380933995780382
5163,0.3590600987142125,0.7664424813322177,1,0,0.3590600987142125
5164,1.380645754539139,1.6209067032938531,1,2,3.380645754539139
5165,1.987894045116774,1.693665866724512,1,2,3.987894045116774
5166,-0.9195381861116896,-1.3784003371032227,0,3,2.08046181388831
5167,-0.197227153099704,-0.5267070631796719,0,1,0.8027728469002959
5168,-1.622398559840035,-1.6420864599153209,0,3,1.377601440159965
5169,-1.8388722894537717,-2.3372937995219405,0,3,1.1611277105462283
5170,0.360803181693217,0.3971044005582042,1,0,0.360803181693217
5171,-2.2553940194667046,-2.3070733433828408,0,3,0.7446059805332954
5172,-0.5862406800253985,-1.6032482929496237,0,1,0.41375931997460147
5173,-1.6101701618777378,-2.172640236384656,0,3,1.3898298381222622
5174,0.7817209528389553,-0.3725791446347062,1,2,2.7817209528389553
5175,3.429093900955034,3.2915326765373103,1,2,5.429093900955034
5176,-2.3047873537743344,-1.8751818956359343,0,3,0.6952126462256656
5177,-4.0814447967212,-4.837707978892402,0,3,-1.0814447967212004
5178,-0.5710655509082176,-1.0999802788255637,0,1,0.42893444909178235
5179,-0.0662659654267816,-0.1317611123360541,0,0,-0.0662659654267816
5180,0.4757173712390489,0.0502161596976779,1,0,0.4757173712390489
5181,-0.5741960157389348,-1.0016651225656514,0,1,0.42580398426106525
5182,-0.4383317806369353,-0.2216941381676714,0,1,0.5616682193630647
5183,0.6133729914682965,0.4154148136391282,1,0,0.6133729914682965
5184,2.143139772828963,1.5484498178697703,1,2,4.143139772828963
5185,-3.8161782439776855,-4.651264600000526,0,3,-0.8161782439776855
5186,-0.6496309136288702,0.2337321943966224,0,1,0.35036908637112985
5187,0.3920203462918578,0.8433439681169262,1,0,0.3920203462918578
5188,-2.226969432005102,-2.4076227704299087,0,3,0.7730305679948981
5189,3.2788160657133325,3.313959270378908,1,2,5.2788160657133325
5190,-0.9867655434039816,-1.1821779682427769,0,3,2.0132344565960185
5191,-0.0451715864192457,0.1590111058972546,0,1,0.9548284135807543
5192,1.04753976986317,0.7058540227760178,1,2,3.04753976986317
5193,-0.958935867928994,-1.1762051545197234,0,3,2.041064132071006
5194,-3.919169422082624,-3.7370090860048255,0,3,-0.9191694220826241
5195,-0.902378680575668,-0.320835038797105,0,1,0.09762131942433205
5196,2.0864327928888886,2.3829988307537304,1,2,4.086432792888889
5197,-0.762065754229203,-0.2685002031928318,0,1,0.23793424577079703
5198,-1.6727160383376374,-1.7976829733421091,0,3,1.3272839616623626
5199,1.8138056327210903,1.564601469770313,1,2,3.81380563272109
5200,-0.9414184016032804,-1.71677085723605,0,1,0.058581598396719614
5201,-0.9840260509246234,-0.95514670798811,0,3,2.0159739490753767
5202,0.0332418210240455,0.1848606335666216,1,0,0.0332418210240455
5203,1.5746234442569191,1.4546212859660368,1,2,3.574623444256919
5204,5.038254228295114,4.72757369785522,1,2,7.038254228295114
5205,1.5982675758596352,2.095628951796888,1,2,3.5982675758596354
5206,2.085383306782491,2.3381050176611526,1,2,4.085383306782491
5207,-1.0373299606167068,-0.5121997804091022,0,3,1.9626700393832932
5208,-2.2181304335546588,-2.5995620715611407,0,3,0.7818695664453412
5209,0.2435644997645398,-0.0397291508546694,0,0,0.2435644997645398
5210,0.1847420810146217,0.6660129783152602,1,0,0.1847420810146217
5211,-1.81507283239628,-1.834011664298596,0,3,1.18492716760372
5212,-0.117991140672558,-0.3456327853439799,0,1,0.882008859327442
5213,0.7680191025419812,0.5682130930368453,1,0,0.7680191025419812
5214,0.8639086036307785,0.8594763931770569,0,0,0.8639086036307785
5215,0.9299284249359756,1.3311091512701396,1,2,2.9299284249359756
5216,0.5887208373079196,0.5245156964712842,0,0,0.5887208373079196
5217,-1.086304157810174,-0.770091025739063,0,3,1.913695842189826
5218,-0.8745100613277446,-0.6875589505893253,0,3,2.1254899386722554
5219,-2.111305140645836,-2.4626407567182254,0,3,0.8886948593541639
5220,3.729279719808418,3.377627972613569,1,2,5.729279719808418
5221,0.2112880494956572,0.0311814127230658,1,0,0.2112880494956572
5222,-0.265099424142558,-0.7998344860074653,0,1,0.7349005758574421
5223,-1.7473329784379754,-1.9529885207577329,0,3,1.2526670215620246
5224,-0.016698388017014752,-0.019540719248506047,1,2,1.9833016119829852
5225,-1.806461760562491,-1.8190178948934392,0,3,1.193538239437509
5226,-0.4968136858724618,-0.8033947523074432,0,1,0.5031863141275382
5227,0.7848977519094473,1.5511956126376385,1,0,0.7848977519094473
5228,1.1262863484453192,0.7540394205548375,1,2,3.126286348445319
5229,2.038346441014443,1.6535932542922878,1,2,4.038346441014443
5230,3.7253795825752274,4.217173855297907,1,2,5.725379582575227
5231,0.9719260971708208,1.2364533210109487,1,2,2.9719260971708206
5232,-2.362066731050856,-2.4140902720614106,0,3,0.6379332689491441
5233,-0.4527500120936076,-0.1199864520979431,1,1,0.5472499879063923
5234,0.725952052662879,0.8461920531545458,1,0,0.725952052662879
5235,4.281616312619407,3.807139346323877,1,2,6.281616312619407
5236,-2.7257524023777524,-3.684786285183475,0,3,0.2742475976222476
5237,2.350929980778073,2.123991920095157,1,2,4.350929980778073
5238,0.5586291469940892,0.9925990813534008,1,0,0.5586291469940892
5239,1.688830769972145,1.5174427346334989,1,2,3.688830769972145
5240,-0.2969740361448081,-0.1129351568051104,0,1,0.7030259638551919
5241,-1.720995936661797,-1.6472017572837705,0,3,1.279004063338203
5242,1.1525517523076676,0.4751516344619078,0,2,3.1525517523076676
5243,1.272413689375535,1.1098554118930082,1,2,3.2724136893755347
5244,2.0818012354543773,2.225352967633009,1,2,4.081801235454377
5245,0.0413473336705754,-0.2735111685311713,0,1,1.0413473336705754
5246,-0.8955112120434614,-1.040526474854642,0,3,2.1044887879565386
5247,-3.170168972850824,-3.0134701360119798,0,3,-0.17016897285082422
5248,1.736209168889476,1.7652611685466677,1,2,3.7362091688894763
5249,1.0063270001491265,1.4250908965190126,1,0,1.0063270001491265
5250,-1.462993864070437,-1.309525498805045,0,3,1.537006135929563
5251,-1.0481942483697204,-1.4305342477305272,0,3,1.9518057516302796
5252,-1.1423550596756855,-1.3333737452475,1,1,-0.1423550596756855
5253,-2.79638311329378,-2.788264599603269,0,3,0.2036168867062198
5254,-1.262219322016576,-0.7268532914109594,0,3,1.737780677983424
5255,-2.3321704556580327,-2.521580707770955,0,3,0.6678295443419673
5256,-0.6567417160545902,-1.3497692370138017,1,1,0.3432582839454098
5257,-1.2316493856133417,-1.0554226242168665,0,3,1.7683506143866583
5258,-3.050596732939467,-3.3528360322770667,0,3,-0.05059673293946698
5259,4.070292165633679,3.556171637803691,1,2,6.070292165633679
5260,2.365386710415832,2.3729079155461674,1,2,4.365386710415832
5261,-1.5742947526426885,-1.185147695919367,0,3,1.4257052473573115
5262,0.6365628840827459,0.4070106682183383,1,0,0.6365628840827459
5263,1.0165746844609358,1.2152042393339877,0,0,1.0165746844609358
5264,2.4489607191467617,2.721726184363735,1,2,4.448960719146761
5265,-1.7131916466282726,-1.396473049161621,0,3,1.2868083533717274
5266,2.295289499194806,2.0023805753473654,1,2,4.295289499194806
5267,-0.923793594865306,-1.37222641803866,0,3,2.076206405134694
5268,-2.5958027970543305,-2.9897040390377687,0,3,0.4041972029456695
5269,1.2810356957213296,1.5974255645703177,1,2,3.2810356957213296
5270,2.545235641301418,2.812192903169743,1,2,4.545235641301418
5271,5.365382102343863,4.982521862063729,1,2,7.365382102343863
5272,-2.6760540919293216,-1.822996481391867,0,3,0.32394590807067836
5273,0.979203765683346,0.5486581790484797,1,2,2.979203765683346
5274,-0.517985917558262,-0.1182002836779714,0,1,0.48201408244173805
5275,1.6690004720524385,2.276866647734523,1,2,3.6690004720524385
5276,-2.81963310195848,-2.775730059561134,0,3,0.18036689804152006
5277,-2.74090294612254,-3.048792483554872,0,3,0.25909705387745996
5278,-1.40424403363966,-1.7033952446189986,0,3,1.59575596636034
5279,0.2129778288498418,0.1081417487046922,0,0,0.2129778288498418
5280,-1.59902804864639,-1.1666797374191769,0,3,1.40097195135361
5281,1.602965370681611,1.123015045601672,1,2,3.602965370681611
5282,2.0855259012395746,1.3500194882744645,1,2,4.085525901239574
5283,1.1199382892748575,1.2647602855025792,0,2,3.1199382892748577
5284,3.1619773301246923,3.3946224306283246,1,2,5.161977330124692
5285,0.4286088778242106,1.215796656543918,0,0,0.4286088778242106
5286,-2.3151261007540613,-2.8680536908607537,0,3,0.6848738992459387
5287,2.7791244685258247,2.725201823740929,0,2,4.779124468525825
5288,-1.249128497678614,-0.7843935248304228,1,3,1.750871502321386
5289,2.0765340408614743,2.124878907902567,1,2,4.076534040861475
5290,2.8706966293110434,2.792520953686434,1,2,4.870696629311043
5291,0.7940215261872753,1.1099837249590918,0,0,0.7940215261872753
5292,-3.1623192772813766,-3.402074862964016,0,3,-0.16231927728137663
5293,-1.8921833289738936,-1.551618992192234,0,3,1.1078166710261064
5294,2.658982938821716,2.1575576619456056,1,2,4.658982938821715
5295,-0.2522426665233618,-0.8600153478365206,0,1,0.7477573334766382
5296,0.0897523792633082,-0.0196828283016239,1,0,0.0897523792633082
5297,1.3421776852962397,0.3168617705376129,1,2,3.3421776852962397
5298,1.7298471141147358,1.763726968799897,1,2,3.729847114114736
5299,1.0399276631286352,0.3469031260467505,1,0,1.0399276631286352
5300,-0.3886794080645266,-0.2757111998379759,0,1,0.6113205919354734
5301,-0.7766929648688881,-0.7025091896221098,0,1,0.22330703513111194
5302,2.010888476791145,1.983703522325218,1,2,4.010888476791145
5303,0.8177876408698934,0.9923511078851304,1,2,2.817787640869893
5304,-0.5815546661765447,-0.4998756787309099,1,1,0.4184453338234553
5305,2.025001215717021,1.9078009743845128,1,2,4.025001215717021
5306,-0.4899753403496653,0.2424274518411876,1,1,0.5100246596503347
5307,-1.7593291952531405,-1.6020049178321634,0,3,1.2406708047468595
5308,-1.6907758136414826,-1.3820125787171316,0,3,1.3092241863585174
5309,-1.9549507797898007,-1.525718882200764,0,3,1.0450492202101993
5310,-0.5393845996728815,-0.2721248480560456,0,1,0.46061540032711845
5311,2.3431822119679904,3.1683153795379124,1,2,4.34318221196799
5312,-1.6842930333797916,-1.6178902794513133,0,3,1.3157069666202084
5313,0.3307817284554637,0.3279971901210392,1,0,0.3307817284554637
5314,-1.151409479030941,-1.4112383141535871,0,3,1.848590520969059
5315,-0.5503039627557123,-0.652813537379705,0,1,0.44969603724428775
5316,-0.016698388017014752,-3.1476319034337497,0,3,2.983301611982985
5317,-0.3239138616021436,-0.0530290964015278,0,1,0.6760861383978565
5318,-0.2731046202297757,-0.6380311191572311,0,1,0.7268953797702242
5319,1.3581450821405854,1.3876619500998364,1,2,3.3581450821405854
5320,0.2226836505615591,0.4465024242825092,1,0,0.2226836505615591
5321,-2.4914208711655133,-2.431291316527425,0,3,0.5085791288344867
5322,2.521056248146999,2.162690297919029,1,2,4.521056248147
5323,3.691427803261372,0.6487207459285311,1,0,3.691427803261372
5324,-0.1662377036261965,-0.2003735870405754,0,0,-0.1662377036261965
5325,-0.0589583753998549,-1.2080432619784351,0,1,0.9410416246001451
5326,-1.0085269884117896,-1.4018676646451442,0,3,1.9914730115882104
5327,-0.0878179439887899,0.4726349505723033,0,0,-0.0878179439887899
5328,1.2179639998347545,1.811692736440628,1,0,1.2179639998347545
5329,-3.63653387546423,-3.426089391438151,0,3,-0.63653387546423
5330,-1.0118090516546885,-0.6981814608713561,0,3,1.9881909483453115
5331,-0.5550902498759911,-0.866407842379137,0,1,0.4449097501240089
5332,0.2546709275477479,0.1506131600521243,0,0,0.2546709275477479
5333,2.172520384927168,2.666667025111023,1,2,4.172520384927168
5334,-1.7304981964790742,-1.5601320994542445,0,3,1.2695018035209258
5335,-0.7787893117989564,-0.7528099582441357,0,1,0.22121068820104361
5336,-1.0545758589131304,-1.129299276070338,0,3,1.9454241410868696
5337,-1.7074282835194323,-1.2376394830255495,0,3,1.2925717164805677
5338,-0.8812947727425712,-0.4324819113225126,0,1,0.11870522725742882
5339,1.7808344842811676,2.040703184588672,1,2,3.7808344842811676
5340,-1.8148307362239735,-1.7883207097909493,0,3,1.1851692637760265
5341,1.0925775700471425,0.9498749757404272,0,0,1.0925775700471425
5342,-3.305316992205838,-3.0281115043319526,0,3,-0.30531699220583786
5343,-1.0647099845102697,-1.505473922500062,0,3,1.9352900154897303
5344,-0.9021661640311524,-1.2599941030657693,0,1,0.09783383596884765
5345,3.300555520485918,2.720118976171942,1,2,5.3005555204859185
5346,-0.6863766501746633,-0.192284738977413,0,1,0.3136233498253367
5347,-4.767589368698778,-5.055856018350516,0,3,-1.7675893686987783
5348,-3.7863691298894255,-3.624766015188776,0,3,-0.7863691298894255
5349,-0.071106816585093,-0.121329824868904,0,0,-0.071106816585093
5350,1.4667300930668787,2.6257456891156528,1,2,3.4667300930668787
5351,0.927260995406508,1.1040231770208426,1,0,0.927260995406508
5352,0.4464838069286643,-0.2983724967694731,1,0,0.4464838069286643
5353,2.44709600936397,2.917270312002604,1,2,4.44709600936397
5354,-1.2022452178890048,-1.3571056033312785,0,3,1.7977547821109952
5355,2.1613911423117838,2.081020021532162,1,2,4.161391142311784
5356,-3.255404683862225,-3.5244095890662424,0,3,-0.25540468386222503
5357,-1.7495093288523915,-1.6712643213970069,0,3,1.2504906711476085
5358,-3.74389805657696,-3.670892801507032,0,3,-0.7438980565769602
5359,-0.7359236534949765,-0.9941145245544278,0,1,0.26407634650502354
5360,0.0029367672291995,-0.2003210409653719,1,1,1.0029367672291996
5361,0.2717056836407969,0.3122201368761236,1,0,0.2717056836407969
5362,-0.034103767406245,-0.97119636201027,1,0,-0.034103767406245
5363,-2.1427920053785368,-2.7193909935800176,0,3,0.8572079946214632
5364,-0.6344663062919408,0.0335305321472666,0,1,0.3655336937080592
5365,-2.755666593793276,-2.624538216065179,0,3,0.24433340620672395
5366,2.6038071873344864,2.3938435926381745,1,2,4.603807187334486
5367,-0.6750338549311687,-1.3534669875459029,0,1,0.32496614506883126
5368,-0.68770418633557,-0.7102306523141608,0,1,0.31229581366443004
5369,2.9534505445908827,3.347527381303325,1,2,4.953450544590883
5370,-2.62989203224187,-1.5742095903818936,0,3,0.37010796775813004
5371,-2.404927593776077,-1.648105023777798,0,3,0.595072406223923
5372,-1.8688269535039224,-2.2236021615553367,1,3,1.1311730464960776
5373,0.262933936717519,0.0646141241638028,1,1,1.262933936717519
5374,1.013575904355629,0.42497621226096,1,0,1.013575904355629
5375,1.6360278810665154,1.2993658544169349,1,2,3.636027881066515
5376,5.027919634419392,4.942782369169491,1,2,7.027919634419392
5377,-4.109399211020671,-4.256254009671128,0,3,-1.109399211020671
5378,1.2710104291205662,2.092837351752338,1,2,3.271010429120566
5379,-0.9436390922545144,-1.4697818692450006,0,3,2.0563609077454856
5380,-1.1939352855317378,-1.2119730652068967,0,3,1.8060647144682622
5381,-1.2931507739732773,-2.1185346788919346,0,3,1.7068492260267227
5382,-1.4849308896967233,-1.3525745775016298,0,3,1.5150691103032767
5383,3.476994405154565,2.9403122688841847,1,2,5.476994405154565
5384,1.9748697462418816,2.4159202695949986,1,2,3.9748697462418816
5385,0.0974575914637585,-0.0189527657423581,1,0,0.0974575914637585
5386,2.5323581976893825,1.9715644903762253,1,2,4.5323581976893825
5387,-3.1417265171734488,-3.982807218596632,0,3,-0.14172651717344875
5388,-2.6408172141689303,-3.032272209612799,0,3,0.35918278583106966
5389,-4.481235507598041,-4.385483151300906,0,3,-1.4812355075980408
5390,-1.6203213619721133,-1.4517159031095286,0,3,1.3796786380278867
5391,0.5636804597669107,0.3643052672976013,0,0,0.5636804597669107
5392,0.0967431416999657,0.4670619590731533,0,0,0.0967431416999657
5393,0.3263223716780249,-0.1279747854800033,0,0,0.3263223716780249
5394,-2.7628869441550425,-3.9337108811584702,0,3,0.23711305584495745
5395,1.4886788601639305,1.60170032046093,1,2,3.4886788601639305
5396,0.7694149297397438,1.2854532548130972,1,0,0.7694149297397438
5397,1.2426802106910744,1.7624136801541717,1,2,3.2426802106910744
5398,-3.733199302463949,-4.253122998710083,0,3,-0.7331993024639489
5399,0.6722052588708964,0.4543279839422731,1,0,0.6722052588708964
5400,-2.3863814004078834,-2.0968533941116805,0,3,0.6136185995921166
5401,-1.0540290277571205,-1.3048714709406286,0,1,-0.054029027757120485
5402,1.2428933076454596,1.285047251888857,1,2,3.24289330764546
5403,0.3308893465787457,0.0443133882546328,1,0,0.3308893465787457
5404,-1.8381936652768809,-2.2739491682614306,0,3,1.1618063347231191
5405,0.1540437538099089,-0.2045057067527939,1,0,0.1540437538099089
5406,-2.988089093227131,-2.605799016046638,0,3,0.011910906772869101
5407,2.0444123627243704,2.04992546857672,1,2,4.044412362724371
5408,-0.581353821906774,-0.0726011665445508,0,1,0.418646178093226
5409,2.464756177488568,2.672924455470336,1,2,4.464756177488567
5410,-0.991180137163676,-0.3485940445712989,0,3,2.008819862836324
5411,-1.1600125659752911,-0.8327852887917967,0,3,1.8399874340247089
5412,-1.7000687515102213,-1.3963324194115394,0,3,1.2999312484897787
5413,1.6492691037630665,1.6010739443087936,1,2,3.6492691037630665
5414,-1.5077582206324929,-0.3040755900338325,0,3,1.4922417793675071
5415,1.1199982583045025,1.1650775462623162,1,2,3.1199982583045025
5416,-0.016698388017014752,-1.902626965465593,0,1,0.9833016119829853
5417,-3.7239239425030815,-3.616710526657496,0,3,-0.7239239425030815
5418,-0.9465014010506436,-1.3394182983456155,0,3,2.053498598949356
5419,-2.612867519087068,-2.206058910446422,0,3,0.38713248091293195
5420,0.0950677064774085,0.385394409749784,1,0,0.0950677064774085
5421,-2.561263111891934,-2.6378685718649946,0,3,0.4387368881080662
5422,1.7996367567839264,1.444479551406662,0,2,3.7996367567839266
5423,-0.2511050366807857,-0.1925347459924641,0,1,0.7488949633192143
5424,-0.4407588326610524,-0.6972523558038743,0,1,0.5592411673389476
5425,1.7123736923904225,2.0274952895039573,1,2,3.7123736923904227
5426,1.8397487312164869,2.0621550169197054,1,2,3.8397487312164866
5427,-0.2018502685526882,0.972536368444686,0,1,0.7981497314473118
5428,-1.6949168849979908,-1.8729627004583609,0,3,1.3050831150020092
5429,-3.339183840943908,-3.460554092337765,0,3,-0.3391838409439081
5430,-1.702519980408947,-1.7644302499836564,0,3,1.297480019591053
5431,-1.3869490765830272,-1.4313432902914598,0,3,1.6130509234169728
5432,0.5034794740069003,0.9143110491914922,1,0,0.5034794740069003
5433,-0.641496524676525,-0.7520347827013779,0,1,0.35850347532347504
5434,1.414250345110079,2.203203031567477,1,2,3.414250345110079
5435,-0.7995372505126388,-0.5666272066223581,1,3,2.200462749487361
5436,-0.0648127431161837,-0.2591071623113936,0,1,0.9351872568838163
5437,2.226337654121862,1.9298393801295932,1,2,4.226337654121862
5438,0.6272350165346633,1.0435838938980462,1,0,0.6272350165346633
5439,-0.3471615451832427,-0.3357534844285185,1,1,0.6528384548167573
5440,-0.9527014758672148,-0.9490774543645129,0,3,2.0472985241327852
5441,-1.151550449922611,-1.3909425404922586,0,3,1.848449550077389
5442,-1.4763436759097175,-1.5009219482779208,0,3,1.5236563240902825
5443,-0.8394169458559246,-1.0949988861770334,0,3,2.1605830541440754
5444,1.4284895213031226,1.9731741037935215,1,2,3.4284895213031223
5445,-0.6327271129863155,-0.3459030520841564,0,1,0.36727288701368455
5446,-2.709888761024071,-2.779796296744381,0,3,0.29011123897592883
5447,3.361786371961859,3.2859991387407668,1,2,5.361786371961859
5448,0.672921757372131,0.709791424667818,1,0,0.672921757372131
5449,-2.5874674248594007,-2.589683520408254,0,3,0.41253257514059927
5450,-0.9173257836914812,-1.3001002554151482,0,1,0.08267421630851879
5451,0.2517717836383835,-0.5085378677156094,0,0,0.2517717836383835
5452,3.3904150633500807,3.071334796773669,1,2,5.390415063350081
5453,-2.055679402030199,-2.107086398296212,0,3,0.9443205979698011
5454,1.8185249598542352,1.5233916807672387,1,2,3.8185249598542352
5455,2.3596836016160663,2.6874188137742943,1,2,4.359683601616066
5456,-1.1631348382740645,-1.254796092634366,0,3,1.8368651617259355
5457,-0.3574603534588682,0.3919690765525798,0,1,0.6425396465411318
5458,-1.983343645795833,-2.207941349087493,0,3,1.016656354204167
5459,-0.5349683812542125,-0.4786816617735897,0,1,0.46503161874578747
5460,-0.3001823683230761,-0.4157270707909898,0,1,0.6998176316769239
5461,1.4181995025208052,1.5941107256147342,1,2,3.418199502520805
5462,2.208662732627828,2.634963184226645,1,2,4.208662732627828
5463,-1.5213506547749602,-1.2780382712041216,0,3,1.4786493452250398
5464,-3.570157459853231,-4.382475967639655,0,3,-0.5701574598532311
5465,-0.2318495773887506,-0.0319049331996035,0,1,0.7681504226112494
5466,0.9420824641627742,0.5377312072503586,1,0,0.9420824641627742
5467,0.5051921563442113,0.3812844849777002,1,0,0.5051921563442113
5468,-1.020460590392263,-0.7447289156573281,0,1,-0.020460590392263
5469,0.2136636684640408,-0.234240694901975,1,0,0.2136636684640408
5470,3.222788832024384,3.685168035018404,1,2,5.222788832024384
5471,0.6904573313640244,0.5491029715435314,1,0,0.6904573313640244
5472,-1.041692558253848,-0.173317609086602,0,1,-0.0416925582538481
5473,-1.0332985405512256,-1.0058274102337208,1,3,1.9667014594487744
5474,-0.5111391901338025,0.1709979069269055,0,1,0.4888608098661975
5475,3.371842803878872,3.850914493692276,1,2,5.371842803878872
5476,-0.2119214558388722,-0.4563634886606713,1,1,0.7880785441611278
5477,-0.2508427705910372,-0.7715190616444461,1,1,0.7491572294089628
5478,-1.1057879528957355,-1.060337008400717,0,1,-0.1057879528957355
5479,2.349295207905317,2.116237960496447,1,2,4.3492952079053175
5480,3.747905653829558,4.379793165864361,1,2,5.747905653829558
5481,0.6847944716971776,0.5860508030281284,1,0,0.6847944716971776
5482,-0.0701924187883994,-0.1903540021959091,1,0,-0.0701924187883994
5483,0.1439733889400936,-0.4143859953547139,0,0,0.1439733889400936
5484,-4.706782033667999,-4.539095228436091,0,3,-1.7067820336679986
5485,1.3534925224938263,0.8838036097150932,1,2,3.353492522493826
5486,0.2693499112173338,0.4463246763696198,1,0,0.2693499112173338
5487,1.162110578152476,1.3941472687516774,1,0,1.162110578152476
5488,-0.016698388017014752,-1.9176064643408,0,3,2.983301611982985
5489,-1.1592622797562733,-0.7766303073491881,1,1,-0.15926227975627327
5490,-0.7310347578622719,-0.8409849335787672,0,1,0.2689652421377281
5491,2.02116573536576,1.4326682570040723,1,2,4.02116573536576
5492,-0.8995246905692069,-0.28140975444373,0,1,0.10047530943079308
5493,4.295736691690577,3.926348462060849,1,2,6.295736691690577
5494,1.029569866963833,1.232398083470425,1,0,1.029569866963833
5495,-2.9930209239674817,-2.822703134348584,0,3,0.00697907603251835
5496,-0.3876121683702114,-0.2319382988004735,0,1,0.6123878316297886
5497,-0.8398469980734603,-0.6911022317014061,1,3,2.1601530019265396
5498,-4.272083956480411,-4.660159011104412,0,3,-1.2720839564804107
5499,3.334162607887009,4.0107024484880975,1,2,5.334162607887009
5500,1.6408639401663037,2.02336360024656,1,2,3.6408639401663034
5501,1.0698284008385703,1.2598510933387304,1,2,3.0698284008385706
5502,0.4901441526177325,-0.0430463415885191,0,0,0.4901441526177325
5503,-2.620422728617435,-3.0117698788796083,0,3,0.37957727138256514
5504,-0.8594259797603216,-0.5964433290846561,0,1,0.14057402023967835
5505,1.6191591554445446,0.8176855107658177,1,2,3.6191591554445446
5506,-2.068028275091754,-1.9325467311156053,0,3,0.9319717249082462
5507,-5.181210945362983,-0.019540719248506047,0,3,-2.1812109453629827
5508,-0.451649154648553,-0.7988618656523983,1,1,0.548350845351447
5509,-0.5172132864749306,-1.081640329541969,0,1,0.4827867135250694
5510,0.1130020345748278,0.2114446008877487,1,0,0.1130020345748278
5511,1.4005748786440866,1.8471194593778053,1,2,3.4005748786440866
5512,1.086470538176402,1.225677547701476,1,2,3.086470538176402
5513,0.416536156338808,0.5996693759077067,0,0,0.416536156338808
5514,2.3582775808223158,2.425461139284268,1,2,4.358277580822316
5515,-2.957487092693754,-2.6844096883454984,0,3,0.04251290730624602
5516,1.1990150893253624,1.3858493350253682,1,2,3.1990150893253624
5517,1.1603198523982634,0.0742805747993906,1,2,3.1603198523982634
5518,-2.2121036487067545,-1.8495809536420968,0,3,0.7878963512932455
5519,-2.81801900163968,-2.49755821685532,0,3,0.18198099836032
5520,-1.3910654865624144,-1.535990618825777,0,3,1.6089345134375856
5521,-1.29235305917126,-2.082035750264337,0,3,1.70764694082874
5522,1.5706630953785696,1.6676527056323325,1,2,3.5706630953785696
5523,-0.9916673372489136,-0.8610030155943141,0,3,2.0083326627510862
5524,-1.467981104610553,-1.6441744976348909,1,3,1.532018895389447
5525,-0.9562781277123896,-0.881598237973713,0,3,2.0437218722876103
5526,2.245530034683824,2.674266137871972,1,2,4.245530034683824
5527,0.1370801817536268,1.0960888690716937,0,0,0.1370801817536268
5528,-0.0897927493894132,-0.0310312802230668,0,1,0.9102072506105868
5529,-0.3447542043853815,-0.2111887318440846,0,1,0.6552457956146185
5530,2.5204372979093845,2.190921747835227,0,2,4.5204372979093845
5531,-1.495136120603788,-1.6956929389944195,0,3,1.504863879396212
5532,2.810936329476089,2.7565192773274974,1,2,4.810936329476089
5533,0.6040270279867318,1.0751142421429711,1,0,0.6040270279867318
5534,-0.3670115861902825,-0.0394284837790592,0,1,0.6329884138097175
5535,4.700079104992621,5.471820442595806,1,2,6.700079104992621
5536,-2.062042190737999,-2.6581326610020826,0,3,0.9379578092620009
5537,-0.8910347465996924,-1.4205287348592814,0,1,0.1089652534003076
5538,-2.762849719256045,-2.322016545161672,0,3,0.23715028074395494
5539,1.6521496289255957,2.231693779451391,1,2,3.6521496289255957
5540,3.44365406887247,3.456905317540843,1,2,5.44365406887247
5541,3.612053034995839,1.825811489584288,1,2,5.612053034995839
5542,2.455676409539258,2.158264744779759,1,2,4.455676409539258
5543,-0.3529648046627383,-0.2187673438029821,0,1,0.6470351953372617
5544,-0.493902967204108,-0.8536681618352011,0,1,0.506097032795892
5545,-3.651230526804841,-3.577180064029754,0,3,-0.6512305268048411
5546,4.17578235468364,4.93520453423243,1,2,6.17578235468364
5547,0.9356381994331712,1.5060913272711716,1,0,0.9356381994331712
5548,-0.8707023179725527,-0.5471454198244972,0,1,0.1292976820274473
5549,2.559416996293172,2.5336372847579085,1,2,4.559416996293172
5550,-2.109116491605298,-2.3069837147654546,0,3,0.890883508394702
5551,0.8413458493024693,1.1444463754134588,1,0,0.8413458493024693
5552,-0.0154200039147769,-0.0052621429146861,0,1,0.9845799960852231
5553,1.4495363006688944,1.4734180764178424,1,2,3.4495363006688944
5554,-0.2286856324082612,-0.8491718775606721,0,1,0.7713143675917388
5555,-3.1700501894187045,-3.4558623423090618,0,3,-0.17005018941870453
5556,-0.1852607113994815,0.1154834755272442,1,0,-0.1852607113994815
5557,2.3609481741208205,1.9205214378213853,1,2,4.3609481741208205
5558,-0.249449269335136,-0.143166429894153,1,1,0.750550730664864
5559,1.4851275605791847,1.6501289985248404,0,2,3.4851275605791847
5560,-1.826816746132591,-1.6384616198309836,0,3,1.173183253867409
5561,-0.3753018776355026,-0.151196191092427,0,1,0.6246981223644974
5562,-0.950568008282143,-0.699477587026117,0,3,2.049431991717857
5563,1.4432335894309192,1.1937163526139074,1,2,3.4432335894309194
5564,-0.1667335385237562,-0.7537953639882258,0,0,-0.1667335385237562
5565,1.3306771672434423,0.9812630022901024,1,2,3.3306771672434423
5566,2.030901496035437,2.3228699747974013,1,2,4.030901496035437
5567,1.47140111002392,0.991062472505642,1,2,3.47140111002392
5568,0.4166103818097328,0.0003661098559299,1,0,0.4166103818097328
5569,-2.378752959206619,-2.797210559509689,0,3,0.621247040793381
5570,-0.0496847282156003,-0.7880745101129045,0,1,0.9503152717843997
5571,-1.3374898144889742,-1.796291560941694,0,3,1.6625101855110258
5572,-0.6472639366107892,-0.2471051712813211,0,1,0.3527360633892108
5573,-0.9864943679571666,-1.273200229043391,0,1,0.013505632042833393
5574,-2.057453710198906,-2.7570289728206445,0,3,0.9425462898010939
5575,-3.878159617425113,-4.082817159390945,0,3,-0.878159617425113
5576,-1.3787778416623877,-1.1745589553049205,0,3,1.6212221583376123
5577,0.4368449604485271,-0.295464145504938,1,0,0.4368449604485271
5578,-2.560296657711429,-2.1789725338050245,0,3,0.439703342288571
5579,-0.2002222670030125,-0.7766145931466442,0,0,-0.2002222670030125
5580,3.787657340496988,3.6294638849023135,1,2,5.787657340496988
5581,1.3802123510028528,1.216906307004606,1,2,3.3802123510028528
5582,3.3365496785775632,3.1119736358753527,1,2,5.336549678577564
5583,0.722092927790484,0.6961722483978748,1,0,0.722092927790484
5584,2.138329693277298,2.4497538348679773,1,2,4.1383296932772975
5585,-1.38478557647627,-1.4011062089975534,0,3,1.61521442352373
5586,-1.0541410186069549,-1.29641048264426,0,3,1.9458589813930451
5587,-0.016698388017014752,-5.390544487890375,0,3,2.983301611982985
5588,2.1833280500362537,2.2662335414852564,1,2,4.183328050036254
5589,3.1136530121275143,2.845851588156784,1,2,5.113653012127514
5590,-1.373475824023812,-1.3565552551900657,0,3,1.626524175976188
5591,-0.639979686901578,-0.9409166881846138,0,1,0.360020313098422
5592,-1.2632437950518225,-1.6095392864105995,0,3,1.7367562049481775
5593,0.7777429489174407,1.100063434577403,1,0,0.7777429489174407
5594,1.8739716978172485,2.0527552204449107,1,2,3.8739716978172485
5595,-3.844942277217962,-3.536790423123343,0,3,-0.844942277217962
5596,0.8512941998138597,1.1053456002744642,0,0,0.8512941998138597
5597,-0.3808654282547533,-0.7357531318763744,0,1,0.6191345717452468
5598,-0.0967355077918513,0.3037772642348656,0,0,-0.0967355077918513
5599,1.0079305248478836,0.8888876807351148,1,0,1.0079305248478836
5600,-0.1103361760476985,0.261350953259188,1,1,0.8896638239523015
5601,0.1703980907801665,0.120351446791648,1,1,1.1703980907801665
5602,-0.3615057831373025,-0.2362405479855735,0,1,0.6384942168626975
5603,2.041992922487057,2.1792840940658644,1,2,4.041992922487057
5604,0.4108830347293642,0.7361631888431203,1,0,0.4108830347293642
5605,0.8611175850739194,0.207299136670371,1,0,0.8611175850739194
5606,-2.6570014848037897,-3.2875605698875607,0,3,0.3429985151962103
5607,-0.9438537181113168,-0.6751693720704461,0,1,0.0561462818886832
5608,1.7462970937904234,1.8888420797877687,1,2,3.7462970937904236
5609,0.3777278290849321,0.0674703698094835,0,0,0.3777278290849321
5610,1.7606721486869863,1.9063957122936828,1,2,3.7606721486869863
5611,3.5581053365504363,2.994921252508876,1,2,5.558105336550437
5612,2.276828972938364,3.5825447772859684,1,2,4.276828972938365
5613,0.1949574851365854,0.7195860398677627,1,0,0.1949574851365854
5614,-1.229537434995091,-0.9806163640319416,0,3,1.770462565004909
5615,-4.811750457954139,-4.781498309683144,0,3,-1.8117504579541386
5616,-0.4611953410169828,-0.7086865589391016,1,1,0.5388046589830172
5617,-0.3449188369593218,-0.8689933326976713,1,1,0.6550811630406782
5618,1.040440654744568,0.9949116037487986,1,0,1.040440654744568
5619,-0.1850032011579335,-0.5289074554359834,1,1,0.8149967988420665
5620,-0.274975167622718,-0.5955519070840165,0,1,0.725024832377282
5621,-3.112328654377293,-3.679031310287111,0,3,-0.112328654377293
5622,-1.9149843308929952,-1.8151191101205533,0,3,1.0850156691070048
5623,0.7915432579178288,0.6407458555886713,1,0,0.7915432579178288
5624,3.058961294814094,3.272989924744442,1,2,5.058961294814094
5625,0.2538856835948043,0.4367252010567196,1,1,1.2538856835948042
5626,0.5676857453645567,0.6594715973964216,1,0,0.5676857453645567
5627,2.1319636853259585,3.1957397885476317,1,2,4.1319636853259585
5628,-1.7700389459023962,-1.4405567404761783,0,3,1.2299610540976038
5629,1.0412812147532915,0.5370548104933323,1,0,1.0412812147532915
5630,-1.6210037310273997,-1.437509151858812,0,3,1.3789962689726003
5631,1.491305050258554,1.4696975530711582,1,2,3.4913050502585543
5632,0.2611048097127151,-0.2755074186178717,1,0,0.2611048097127151
5633,0.4905484877705521,-0.0781046642601044,1,0,0.4905484877705521
5634,-1.4459372377449355,-1.2646560708331078,0,3,1.5540627622550645
5635,1.403785733783065,1.682804747734491,1,2,3.403785733783065
5636,4.294966321372416,3.876463441642606,1,2,6.294966321372416
5637,-2.074027685473471,-1.6859608641956132,0,3,0.9259723145265291
5638,-0.8125394894988087,-0.6985737307726954,0,1,0.18746051050119128
5639,0.3465028387569689,0.8248465015339767,0,0,0.3465028387569689
5640,1.9818001835978385,2.417648342933536,1,2,3.9818001835978385
5641,-1.0740583841335507,-1.1374331502947477,0,3,1.9259416158664493
5642,-0.016698388017014752,-5.408573130135251,0,3,2.983301611982985
5643,2.614337185637234,2.164690749589047,1,2,4.614337185637234
5644,1.5403854456634605,2.4965032476437385,1,2,3.5403854456634605
5645,-3.1168151247232543,-3.4683293969176123,0,3,-0.11681512472325428
5646,-1.009397840381132,-1.028598933052204,1,3,1.990602159618868
5647,2.9520212917582693,2.725145972313164,1,2,4.952021291758269
5648,3.3792639876302224,3.2285475924783267,1,2,5.379263987630223
5649,-0.016698388017014752,3.040469437403179,1,2,1.9833016119829852
5650,-0.1029589057047363,-0.2880471806691675,1,1,0.8970410942952637
5651,-0.0650268618549606,0.275416487062208,0,0,-0.0650268618549606
5652,-0.7414842293024326,-0.8356453938169994,1,1,0.25851577069756737
5653,1.974793268464003,2.3494134402991023,1,2,3.974793268464003
5654,-2.4017515082293617,-2.619415315577758,0,3,0.5982484917706383
5655,-1.1891814443178277,-1.086728606854159,0,3,1.8108185556821723
5656,2.063455757449314,2.3149350776384114,1,2,4.063455757449314
5657,-0.2736517147127295,-0.5623762960473221,1,1,0.7263482852872705
5658,2.8474595169036405,3.950549886593877,1,2,4.8474595169036405
5659,-1.3051576067250583,-1.0327811894315393,0,3,1.6948423932749417
5660,0.014629958445148,-0.0757584233618024,0,1,1.014629958445148
5661,-1.6029196894606528,-1.8818134962009296,0,3,1.3970803105393472
5662,-0.0432588677578687,-0.006569658307076,0,0,-0.0432588677578687
5663,-3.133061735217795,-3.619460939463183,0,3,-0.13306173521779519
5664,-0.809711799035542,-0.0967936934955647,0,1,0.19028820096445798
5665,-2.712041174279342,-2.53953966531891,0,3,0.2879588257206578
5666,1.4079936280067853,1.3727992010422274,1,2,3.4079936280067855
5667,1.8686895172554576,2.2870806589981427,1,2,3.868689517255458
5668,-3.548089885541021,-3.836695796775408,0,3,-0.548089885541021
5669,2.487799896674092,2.0254160621019173,1,2,4.487799896674092
5670,5.0784485383410285,5.0263953096495335,1,2,7.0784485383410285
5671,-0.0429747979100177,0.0080426618778184,0,0,-0.0429747979100177
5672,-1.1831252156203105,-0.9708907329832024,0,3,1.8168747843796895
5673,5.482059530838205,4.891548364265314,1,2,7.482059530838205
5674,-2.7179854531913987,-2.900512185199092,0,3,0.2820145468086013
5675,0.4183810177460298,-0.8150048995213923,0,0,0.4183810177460298
5676,0.2781270739143111,-0.1948125944481256,1,0,0.2781270739143111
5677,2.53052493210137,2.816629545581532,1,2,4.53052493210137
5678,0.9536137079948768,1.3380240314247709,1,0,0.9536137079948768
5679,-1.2074761816342416,-1.6642779957594496,0,1,-0.20747618163424164
5680,-2.0409573868053257,-2.170799206435076,0,3,0.9590426131946743
5681,-0.5683314163904722,-0.5580889543392746,0,1,0.43166858360952776
5682,-1.8261724371156296,-1.3949283815787856,0,3,1.1738275628843704
5683,0.3397459177855808,0.9513838643923768,1,0,0.3397459177855808
5684,-1.27783672616507,-1.216603824075861,0,3,1.72216327383493
5685,-2.8688738519822774,-2.97312051421517,0,3,0.1311261480177226
5686,2.417069936840972,1.8395924933607175,1,2,4.4170699368409725
5687,-1.1164761735602051,-1.0732484797357813,0,1,-0.11647617356020512
5688,-2.295631053492168,-1.4656620528960618,0,3,0.7043689465078322
5689,-0.4464291481470003,0.0696478718279273,0,1,0.5535708518529997
5690,0.1923840511395134,0.2623273696430754,0,0,0.1923840511395134
5691,-3.46181755731194,-3.3404664338318955,0,3,-0.4618175573119401
5692,0.449144458983825,0.1737379144030024,0,0,0.449144458983825
5693,-1.901096566309265,-2.0439508178198738,0,3,1.098903433690735
5694,3.534113797117366,3.5931534673511054,1,2,5.5341137971173655
5695,0.6506629017793853,0.7109166379067624,1,2,2.6506629017793855
5696,-0.7443157579711644,-0.3400157848099404,1,1,0.25568424202883555
5697,-1.6449302274680253,-1.2600970543715069,0,3,1.3550697725319747
5698,0.0094796461552776,0.2177063582397107,0,1,1.0094796461552775
5699,0.9365015158104276,0.5368430445307122,1,2,2.9365015158104275
5700,-0.1222836508963081,-0.5068497793690293,0,1,0.8777163491036919
5701,-0.36191270407602,-0.7170692921898543,0,1,0.6380872959239801
5702,0.1276086404641663,0.221816756146831,1,0,0.1276086404641663
5703,-1.055126211131115,-1.865654633033572,0,3,1.944873788868885
5704,-0.9900962508879332,-0.9926062798737818,0,1,0.009903749112066818
5705,-3.841202010436533,-3.277744923854878,0,3,-0.841202010436533
5706,2.05248139346239,2.319211807334646,1,2,4.05248139346239
5707,0.869539203243703,0.7292481588653896,1,0,0.869539203243703
5708,-1.372063654220212,-1.6513658197201242,0,3,1.627936345779788
5709,3.795147939819469,4.1174340537301415,1,2,5.7951479398194685
5710,-0.082806681397459,0.0396154650234502,0,0,-0.082806681397459
5711,-2.184997780200134,-2.2835707612332303,0,3,0.8150022197998661
5712,2.0313875095134324,1.7957751579509758,0,2,4.031387509513433
5713,1.0731839893498014,1.103737185224711,1,0,1.0731839893498014
5714,0.6652399749477007,0.5440252693529053,0,0,0.6652399749477007
5715,-1.415172066543617,-1.1014202385769312,0,1,-0.41517206654361694
5716,0.8584535006950457,1.3549211390865323,1,0,0.8584535006950457
5717,-0.5810571580680124,-1.127957089205099,1,1,0.4189428419319876
5718,1.0619283808836075,0.5716005518720719,1,2,3.0619283808836073
5719,-3.704181067654997,-3.1649585925955046,0,3,-0.7041810676549969
5720,-0.6925044100940456,-0.6261768330284635,1,1,0.3074955899059544
5721,3.6423701050362944,3.189709850320757,1,2,5.642370105036294
5722,-1.4449930827735276,-1.0516924401092709,0,3,1.5550069172264724
5723,-1.5678307353709005,-1.4311566954153674,0,3,1.4321692646290995
5724,-0.9641626234386094,-0.0828643186686521,0,1,0.03583737656139063
5725,-1.9687943150674485,-2.062914985973665,0,3,1.0312056849325515
5726,-4.341718205496009,-3.898236606668524,0,3,-1.3417182054960088
5727,-0.3876088833584526,-0.9671426590115568,0,1,0.6123911166415474
5728,3.4361603611808533,0.9020270561835142,1,0,3.4361603611808533
5729,-0.0219342125761063,0.3557298107083554,1,1,0.9780657874238937
5730,-0.7663795601129584,-0.1246405865954493,0,1,0.23362043988704162
5731,0.0381768783185615,0.4824090053220558,0,0,0.0381768783185615
5732,2.03810437674259,1.998485102392319,1,2,4.03810437674259
5733,-0.124593292007751,-0.5930439176224945,1,1,0.875406707992249
5734,-1.13863057525008,-1.3794517353956952,0,3,1.86136942474992
5735,-0.8915532470965608,-1.5960134019758088,0,1,0.10844675290343919
5736,1.244711350747902,0.8763517382744179,0,2,3.244711350747902
5737,2.66328882743795,2.833633367121323,1,2,4.66328882743795
5738,-1.4996446065546405,-1.5187457580847148,0,3,1.5003553934453595
5739,0.0310357647144512,-0.0584002913384372,0,0,0.0310357647144512
5740,0.7852157298048223,0.4679745634258231,0,0,0.7852157298048223
5741,-1.733403765505632,-2.4423633698489464,0,3,1.266596234494368
5742,0.1374203234613536,0.2102535687562535,0,0,0.1374203234613536
5743,-2.804943069960786,-2.6532789929733283,0,3,0.1950569300392142
5744,-3.443491552911197,-3.8401169769298833,0,3,-0.44349155291119713
5745,0.7537582511566077,0.5403821430911196,1,0,0.7537582511566077
5746,-0.628363355669014,-0.0115099740332424,0,1,0.371636644330986
5747,-0.0791942781714458,0.3846049032580076,0,0,-0.0791942781714458
5748,-0.0135722837557334,-0.6073421084473138,0,1,0.9864277162442666
5749,-2.1617851042520453,-2.1956396591443474,0,3,0.8382148957479547
5750,0.1420719105801549,0.7240541835290557,1,1,1.142071910580155
5751,-2.495633671073082,-2.58220206999609,0,3,0.5043663289269178
5752,2.7881343336563678,2.680557058293502,1,2,4.788134333656368
5753,-3.012955064570688,-2.575860013873457,0,3,-0.01295506457068818
5754,-0.1882043641345923,0.206623333575494,0,1,0.8117956358654077
5755,-1.959077552039735,-1.584956213887495,0,3,1.040922447960265
5756,1.2522319231896917,1.1474380235200394,1,2,3.252231923189692
5757,-0.8254673129967702,-0.5603121064867514,0,1,0.17453268700322977
5758,-1.1920614082300462,-0.594163202647958,0,3,1.8079385917699538
5759,1.75112298099229,1.731173501604859,1,2,3.7511229809922897
5760,-0.0800384986945058,-0.241402347219974,1,0,-0.0800384986945058
5761,1.1202674844074023,1.6122965400432565,1,2,3.1202674844074023
5762,-2.394834393588274,-1.5766584724294246,0,3,0.6051656064117261
5763,-2.907142799136332,-2.0611408457100038,0,3,0.09285720086366789
5764,0.5737666171655657,0.4239620172555856,1,0,0.5737666171655657
5765,-0.5497955453903095,-0.6594116451890664,0,1,0.4502044546096905
5766,1.286228077814087,0.8745631445594673,1,2,3.286228077814087
5767,0.2372284018091719,0.2844493315750913,1,1,1.237228401809172
5768,-0.0570400452910274,-0.4866876178740341,1,0,-0.0570400452910274
5769,-3.4098272828401086,-3.620480659523106,0,3,-0.4098272828401086
5770,3.696639244879036,3.977091164143992,1,2,5.6966392448790355
5771,-0.1568137234629857,-0.000822759407227,0,1,0.8431862765370143
5772,1.5703052133240454,0.8460166912572344,1,2,3.5703052133240454
5773,-0.016698388017014752,-1.2172677629260238,0,3,2.983301611982985
5774,0.8156106688631918,0.3808122340024971,1,0,0.8156106688631918
5775,-2.686352480513832,-3.0707260500654336,0,3,0.31364751948616787
5776,1.1464636016491754,0.6508947409433956,1,0,1.1464636016491754
5777,-0.9184767083960772,-1.1829900438216807,0,1,0.0815232916039228
5778,0.0337186880579027,-0.3250038634084283,0,0,0.0337186880579027
5779,1.297914597184883,0.948941220709322,1,2,3.297914597184883
5780,-2.253874548127418,-3.2395833688199955,0,3,0.7461254518725822
5781,-1.4735397045388283,-1.421568747717303,1,3,1.5264602954611717
5782,0.9061588563711798,0.9989849234974038,0,0,0.9061588563711798
5783,4.297805228626103,5.195567923782988,1,2,6.297805228626103
5784,-0.1671129727177396,0.0274234263484844,1,1,0.8328870272822604
5785,1.3596627573424993,1.161027149455241,1,2,3.359662757342499
5786,-0.1717179843480267,-0.6520039757373952,0,1,0.8282820156519732
5787,3.800841406456633,3.762330822536928,1,2,5.800841406456633
5788,-3.5643830830022614,-3.384893927245238,0,3,-0.5643830830022614
5789,0.1943765523802384,-0.0069628953473796,1,0,0.1943765523802384
5790,-3.201169571909245,-3.1767631613698164,0,3,-0.201169571909245
5791,-5.042577470643121,-4.283635833019592,0,3,-2.0425774706431206
5792,0.5987647904287425,0.4451207396130773,1,0,0.5987647904287425
5793,-0.0244551798195033,-0.7791654017364991,0,0,-0.0244551798195033
5794,-0.4362028185934671,-0.0868081036368931,0,1,0.5637971814065329
5795,-0.1761657223016203,-0.0504371439755988,1,1,0.8238342776983797
5796,-0.016698388017014752,-0.019540719248506047,1,2,1.9833016119829852
5797,-0.5163181745814518,-0.345260703670934,0,1,0.4836818254185482
5798,0.6725692067957925,0.2734237871406937,1,2,2.6725692067957922
5799,-1.3704188770890968,-1.1938899161433345,0,3,1.6295811229109032
5800,0.550479165457523,1.3133845691392394,1,0,0.550479165457523
5801,-0.3278866890245152,-0.3986744227618037,0,1,0.6721133109754849
5802,-1.2350916743621392,-0.8017831947475447,0,1,-0.23509167436213918
5803,3.6460329677904366,3.154638040649486,1,2,5.646032967790436
5804,2.457104969527339,1.8493373109922668,1,2,4.4571049695273395
5805,0.1411957177421574,0.948143906700426,1,0,0.1411957177421574
5806,-4.593498269924564,-4.470372264502029,0,3,-1.593498269924564
5807,-0.8474257483351083,-0.5927577718705732,0,1,0.1525742516648917
5808,5.260140542166089,-0.019540719248506047,1,2,7.260140542166089
5809,-0.5430073033056797,-0.7541332272248628,0,1,0.4569926966943203
5810,2.0642967456139143,2.3943432895189813,1,2,4.064296745613914
5811,3.020608466292468,3.290026131215994,1,2,5.020608466292468
5812,0.2909374563448745,-0.2269844719680712,0,0,0.2909374563448745
5813,-1.86422526514589,-1.2590311405808152,0,3,1.13577473485411
5814,-4.51703893019787,-3.994294723806057,0,3,-1.5170389301978702
5815,1.560474419582716,1.0469875239676247,1,2,3.5604744195827163
5816,-2.0018146777789365,-1.9217001011942183,0,3,0.9981853222210635
5817,0.1993472458048775,0.1069153510397,1,0,0.1993472458048775
5818,-2.4511480848341862,-1.883825096863811,0,3,0.5488519151658138
5819,-0.4657240674941057,-1.02996886994155,0,1,0.5342759325058943
5820,-0.2306604633452722,1.2103055463389396,0,0,-0.2306604633452722
5821,0.7689002606530602,0.6991065929043103,1,0,0.7689002606530602
5822,-2.0645994908685035,-1.7692214243960271,0,3,0.9354005091314965
5823,2.490202223930772,3.045201556731893,1,2,4.490202223930773
5824,-0.9224438713215184,-1.0008436085895762,1,3,2.0775561286784816
5825,-3.258480922392307,-3.3044576766304186,0,3,-0.258480922392307
5826,-0.1283306640765581,-0.3294630216040093,0,1,0.8716693359234419
5827,0.3802864724173687,0.0261002219649215,1,0,0.3802864724173687
5828,0.5414227824890613,0.6501664416061496,1,0,0.5414227824890613
5829,2.555963315587852,2.50185664351787,1,2,4.555963315587852
5830,-0.3462586377373357,-0.5500083170675341,0,1,0.6537413622626643
5831,-0.372092821729259,-0.5524784009427397,0,1,0.627907178270741
5832,-2.1055378522761314,-1.8750444707188745,0,3,0.8944621477238686
5833,1.7364297071797568,1.417404295439539,1,2,3.7364297071797568
5834,0.0919246656650097,-0.0068612416918821,1,0,0.0919246656650097
5835,-0.8644245768505321,-0.5049576201348894,0,1,0.1355754231494679
5836,-3.756297982214847,-3.657407794187127,0,3,-0.7562979822148468
5837,2.8015663519113434,2.3817426453679,1,2,4.801566351911344
5838,-2.3924179404339623,-2.4019663679327503,0,3,0.6075820595660377
5839,-1.0213764633391975,-0.8465678148820098,1,3,1.9786235366608025
5840,0.7105704093058554,1.1062792858003525,1,0,0.7105704093058554
5841,-2.348195961891721,-2.650347428589681,0,3,0.651804038108279
5842,-2.710334740795092,-2.9337466298755457,0,3,0.28966525920490804
5843,-4.1532558487562845,-4.431319844244364,0,3,-1.1532558487562845
5844,1.4821587637461664,1.223950683989451,1,2,3.4821587637461664
5845,-1.281988365380916,-1.11998647910207,0,3,1.718011634619084
5846,-0.016698388017014752,-0.019540719248506047,1,2,1.9833016119829852
5847,-1.922680141383359,-1.5023187442301256,0,3,1.077319858616641
5848,-1.5861541601175608,-1.6226241237478682,0,3,1.4138458398824392
5849,-1.1214102319101409,-1.6835394138219306,1,3,1.8785897680898591
5850,0.123016010250179,0.3908040760331642,1,0,0.123016010250179
5851,-1.2804308513362752,-1.2167733799732416,0,1,-0.2804308513362752
5852,1.3718005807569706,1.3957883724833715,1,2,3.371800580756971
5853,-2.0712154995169394,-2.5845768948414283,0,3,0.9287845004830606
5854,-2.6758298867050625,-2.754164232147198,0,3,0.3241701132949375
5855,-3.573582949917744,-4.051044864368031,0,3,-0.5735829499177441
5856,-4.480516269413178,-4.287730274034874,0,3,-1.4805162694131777
5857,-1.0554102960677585,-1.2273679075492945,0,3,1.9445897039322415
5858,-0.7750385257954893,-0.9828522843413126,0,1,0.22496147420451074
5859,-1.2660295927463008,-1.8808917859819136,0,3,1.7339704072536992
5860,2.369912907815444,2.780751255689061,1,2,4.3699129078154435
5861,2.381609115191129,2.278183262699387,1,2,4.381609115191129
5862,-0.734335783830836,-0.6995434756957329,1,1,0.265664216169164
5863,-3.63318088036367,-3.927376916640692,0,3,-0.6331808803636698
5864,-0.9489755248086884,-1.6092055487953505,0,3,2.0510244751913116
5865,-1.2256009536750616,-1.438251188945963,0,3,1.7743990463249384
5866,-1.1095294572380965,-1.2581459923471816,0,3,1.8904705427619035
5867,-1.0878668175311934,-0.9707628091652564,0,3,1.9121331824688066
5868,-1.1359368612383844,-1.2779498255940374,0,3,1.8640631387616156
5869,-0.6661895247818173,-0.953529068660729,0,1,0.33381047521818275
5870,-1.2057157557344091,-1.8070515145913428,0,3,1.7942842442655909
5871,0.5897167590611982,0.6090981572302976,1,0,0.5897167590611982
5872,0.7386095795289701,0.4199855020206232,1,0,0.7386095795289701
5873,-1.62437620517354,-1.096053591667261,0,3,1.37562379482646
5874,2.664951813072004,2.725010477607245,1,2,4.664951813072004
5875,-2.032092695837306,-1.8072515598241097,0,3,0.967907304162694
5876,-3.056431051610113,-3.155946518125781,0,3,-0.05643105161011297
5877,0.7798521439256171,0.8603642598327816,1,0,0.7798521439256171
5878,-1.6560426703511428,-2.012328796659244,0,3,1.3439573296488572
5879,0.5473431094349785,0.0760555791671362,1,0,0.5473431094349785
5880,-4.774133432626146,-4.768081001686724,0,3,-1.7741334326261464
5881,2.984204406048732,3.212361068129162,1,2,4.9842044060487325
5882,1.5223748171994118,0.7440501091747809,1,2,3.522374817199412
5883,-2.930274338834212,-3.129915735155828,0,3,0.06972566116578793
5884,-2.837625519547564,-2.1007766763922078,0,3,0.16237448045243585
5885,3.598871166499567,3.790562187167549,1,2,5.598871166499567
5886,-1.5047530652300891,-0.8896946517538901,0,3,1.4952469347699109
5887,-1.8914536981712888,-2.1450716788867226,0,3,1.1085463018287112
5888,-4.271878217862851,-4.455040523860627,0,3,-1.2718782178628514
5889,-0.8075120616092519,-0.4208187334714489,0,1,0.19248793839074807
5890,-0.5935068543402866,-0.3440987121889564,0,1,0.4064931456597134
5891,1.07174664247206,1.033992812048186,1,2,3.07174664247206
5892,-2.683900245736092,-3.188906569443494,0,3,0.31609975426390813
5893,-3.364864109391664,-2.9021233245008995,0,3,-0.364864109391664
5894,0.7518735080146064,1.755964767025691,1,0,0.7518735080146064
5895,2.131107501357141,1.50236102603844,1,2,4.131107501357141
5896,-2.997920451754092,-2.436472791854316,0,3,0.0020795482459079473
5897,2.032687342955836,1.8453668858928876,1,2,4.032687342955835
5898,0.0482530175751618,-0.085134442840098,1,0,0.0482530175751618
5899,2.0090917728680604,2.1169475678833938,1,2,4.009091772868061
5900,-0.2501200805974697,-0.7323293922534686,1,1,0.7498799194025303
5901,-4.991312782945319,-5.006168160923073,0,3,-1.991312782945319
5902,-0.4042641003913693,-1.0487655515122372,0,1,0.5957358996086307
5903,2.0714446293074062,2.261877625218688,1,2,4.071444629307406
5904,-2.080433374490942,-1.1869445593056744,0,3,0.919566625509058
5905,-0.5493387048536769,-0.8051513005191417,0,1,0.45066129514632314
5906,-0.2502536884677434,-0.3177510237844281,0,1,0.7497463115322567
5907,-0.016698388017014752,-0.019540719248506047,0,3,2.983301611982985
5908,3.600780215798325,3.9953676533947258,1,2,5.600780215798325
5909,-1.9677939349034923,-1.805564987282772,0,3,1.0322060650965077
5910,0.9397919683399932,1.3079303724807645,1,2,2.939791968339993
5911,-0.5523691458128597,-0.7548632798938087,0,1,0.4476308541871403
5912,3.143322694739168,3.3167502966670863,1,2,5.143322694739168
5913,0.7821951817926867,-0.5649271113816565,1,0,0.7821951817926867
5914,-0.2621029630589668,0.004882065736645,1,1,0.7378970369410331
5915,-2.034662413905652,-2.5217794974237573,0,3,0.965337586094348
5916,1.7949790878928795,1.6639415352929094,1,2,3.7949790878928793
5917,-3.3753644325793,-3.0772639891216182,0,3,-0.3753644325793002
5918,1.2797246907461888,0.6652887576982256,1,2,3.279724690746189
5919,-2.4002658024276657,-1.964492683138856,0,3,0.5997341975723343
5920,2.476808043724173,2.427086119208683,1,2,4.476808043724173
5921,-0.122753219666055,0.4584929748488403,1,0,-0.122753219666055
5922,1.280670195495849,0.9195325318815344,0,2,3.280670195495849
5923,0.3281710555120379,-0.3969440342267415,0,0,0.3281710555120379
5924,-3.5119057191566965,-3.523484405291912,0,3,-0.5119057191566965
5925,-1.7782862377284705,-1.5434558105895737,0,3,1.2217137622715295
5926,1.4502922984451714,1.71866707396926,0,2,3.4502922984451714
5927,0.4541166041095985,-7.865026129588726e-05,0,0,0.4541166041095985
5928,2.0299986981103078,1.380145470062343,1,2,4.029998698110308
5929,0.8243137185301012,0.6993841289694752,0,0,0.8243137185301012
5930,-1.4462067565594707,-1.2396291603692344,0,3,1.5537932434405293
5931,-1.8591315245708728,-1.6728168117283446,0,3,1.1408684754291272
5932,0.1887510144798611,0.8176015490687192,1,0,0.1887510144798611
5933,-4.23973890758987,-4.3891209881568365,0,3,-1.23973890758987
5934,3.567718802554705,2.82976022726483,1,2,5.567718802554705
5935,-0.016698388017014752,1.2594807119135965,1,0,-0.016698388017014752
5936,2.495296270022265,2.573374395666567,1,2,4.495296270022266
5937,-3.161630217615303,-3.0487550534149386,0,3,-0.16163021761530283
5938,2.3395159598461777,2.6463521166888118,1,2,4.339515959846178
5939,4.448147400556881,4.953604836704345,1,2,6.448147400556881
5940,-2.697749937315941,-2.7069579309760217,0,3,0.3022500626840592
5941,1.5653533774228832,2.0359740307541108,1,2,3.565353377422883
5942,-0.1474567467636204,0.0733977588930935,1,0,-0.1474567467636204
5943,-3.344191336545421,-3.606424293068621,0,3,-0.3441913365454208
5944,0.9775117890252654,0.8842164001578608,1,0,0.9775117890252654
5945,2.010230053310453,2.256927662669855,1,2,4.010230053310453
5946,-1.1858125200851344,-1.4693424257826926,0,3,1.8141874799148656
5947,2.2655142847241367,2.6200979255787176,1,2,4.265514284724137
5948,-3.182709652570696,-3.119436252231813,0,3,-0.18270965257069616
5949,-3.021176215418364,-2.868528919778437,0,3,-0.02117621541836412
5950,0.6468013761693268,1.2230035055893878,0,0,0.6468013761693268
5951,0.0499880540855277,0.1926148051160069,1,0,0.0499880540855277
5952,-1.2930475642165775,-1.2644828226504523,0,3,1.7069524357834225
5953,1.468267995465117,1.435232610221868,1,2,3.468267995465117
5954,1.1624064790992312,1.1085436951869343,1,2,3.1624064790992312
5955,1.7712968372567828,1.8962165829382256,1,2,3.7712968372567826
5956,-0.2575740956363768,0.2877550980101891,1,1,0.7424259043636232
5957,1.1048089837227375,0.8600984795890702,1,2,3.1048089837227373
5958,-1.018906639190464,-1.2938894946588493,0,1,-0.01890663919046398
5959,4.164107912969122,4.678123871048334,1,2,6.164107912969122
5960,-1.499303718304677,-1.7257624942480985,0,3,1.500696281695323
5961,4.185162299657798,4.271600246198879,1,2,6.185162299657798
5962,1.2722948000297565,-0.1094895059233706,1,0,1.2722948000297565
5963,-2.758604714764039,-3.430398498106623,0,3,0.24139528523596088
5964,2.75586390595828,2.8351539832750645,1,2,4.755863905958281
5965,0.211713780254473,0.6577809378648933,1,0,0.211713780254473
5966,1.7058427126341376,1.6810207719170476,1,2,3.7058427126341376
5967,2.987319928448672,2.3946565031461806,1,2,4.987319928448672
5968,0.7382379680515355,0.7818662012717017,1,0,0.7382379680515355
5969,-1.0554222979394206,-1.3578028533975774,0,3,1.9445777020605794
5970,2.03903147640412,0.9912294431058152,1,2,4.03903147640412
5971,-0.0510523497502208,-0.0834058384396369,1,0,-0.0510523497502208
5972,1.6305134798751717,1.8375871574303848,1,2,3.6305134798751717
5973,-4.365693901668191,-3.894611710415425,0,3,-1.365693901668191
5974,1.104974343808214,1.8077162397930704,1,0,1.104974343808214
5975,-1.34401304990335,-1.083638778948746,0,3,1.65598695009665
5976,3.114624770528253,3.48805173397049,1,2,5.114624770528253
5977,1.3192539374254288,0.8054277573942022,1,2,3.3192539374254286
5978,0.2587818204781719,0.9075121410966736,1,0,0.2587818204781719
5979,1.0797480317037649,1.5866921043323852,1,0,1.0797480317037649
5980,-2.2357134369717,-2.382559630958309,0,3,0.7642865630282998
5981,3.182711774961537,3.455375825076674,1,2,5.182711774961537
5982,3.6963948975288607,3.9288221709083047,1,2,5.696394897528861
5983,1.3506604229769783,1.938745827197136,1,0,1.3506604229769783
5984,2.8500152252240145,2.789572116360061,1,2,4.8500152252240145
5985,-1.136333649265787,-1.4348267043457916,0,3,1.863666350734213
5986,-1.3655662775839588,-1.5615656254484962,0,3,1.6344337224160412
5987,0.2891266791752507,0.6478450725207976,0,0,0.2891266791752507
5988,1.0401505011704248,0.272202337113491,1,0,1.0401505011704248
5989,-0.8514190401305359,-2.0502484158279373,0,1,0.14858095986946407
5990,1.345754170004368,1.7034537727915595,1,2,3.3457541700043683
5991,0.7954571823072646,0.9053793679693845,1,0,0.7954571823072646
5992,-1.9541536270500144,-1.9467682925287435,0,3,1.0458463729499856
5993,1.0857021864487608,0.5634835352533784,1,2,3.085702186448761
5994,1.666271955519968,0.9823160496818526,1,2,3.666271955519968
5995,0.1610082300141742,-0.0928034033851001,1,0,0.1610082300141742
5996,2.552726401619128,2.6974044413670004,0,2,4.552726401619128
5997,-2.1723659882735973,-2.4066682733804794,0,3,0.8276340117264027
5998,-0.016698388017014752,1.119119096154528,1,0,-0.016698388017014752
5999,-2.371318445822788,-2.752942182630905,0,3,0.6286815541772119
6000,-2.256847359757961,-2.4645853890217944,0,3,0.7431526402420392
6001,-1.268392848223642,-0.9871124263498944,0,3,1.731607151776358
6002,-1.8712613914309733,-2.0220273980248,0,3,1.1287386085690267
6003,-0.9066193451530395,-1.037559329282078,0,3,2.0933806548469605
6004,-0.5777440831197262,-0.8351394645792514,0,1,0.42225591688027375
6005,1.505039574360237,1.1734632780390977,1,2,3.5050395743602367
6006,-0.3949941289828098,-0.2533231874243258,0,1,0.6050058710171902
6007,-3.263780361915445,-3.0702978440575945,0,3,-0.26378036191544485
6008,2.027528622274908,2.1183879972954203,1,2,4.027528622274907
6009,-1.7712062556500532,-2.0176796978714298,0,3,1.2287937443499468
6010,-0.1834514012580576,-0.2640481612234067,1,1,0.8165485987419424
6011,1.204065559426576,1.8424394727950468,1,0,1.204065559426576
6012,0.584186079280913,0.0157527284410862,1,0,0.584186079280913
6013,2.4178632183693995,3.1722197305408555,1,2,4.4178632183693995
6014,1.122001015254875,1.1618889537018935,1,0,1.122001015254875
6015,-1.533370425071153,-1.6054209810617546,0,3,1.466629574928847
6016,4.21950792266726,4.600859258187931,1,2,6.21950792266726
6017,0.3489464956057695,-0.4779599320175776,1,0,0.3489464956057695
6018,-0.4926635158477222,0.0594643139841781,1,1,0.5073364841522778
6019,1.8857532400037351,2.628843571583088,1,2,3.8857532400037353
6020,0.6357228900470926,1.0709120370307323,1,0,0.6357228900470926
6021,0.8253730428411036,-0.0155411047231831,1,0,0.8253730428411036
6022,5.246664160993433,5.552331280113625,1,2,7.246664160993433
6023,-0.7785260149555372,-0.1201265917480637,0,1,0.2214739850444628
6024,-0.5354741178951437,0.0816253971991585,0,1,0.46452588210485635
6025,-0.016503536348936,-0.5797392352394934,1,0,-0.016503536348936
6026,2.161867164996805,2.568409897638008,1,2,4.161867164996805
6027,-2.8650013758695025,-2.146773214757844,0,3,0.13499862413049746
6028,-3.9740122963178544,-3.962226008859447,0,3,-0.9740122963178544
6029,-1.064005220422904,-1.645085709538792,0,3,1.935994779577096
6030,-3.4597923850851613,-3.1283313479951875,0,3,-0.4597923850851613
6031,-1.1824006906905535,-0.7608575032298535,0,1,-0.18240069069055354
6032,1.1164053167561412,1.0607220510257802,1,2,3.116405316756141
6033,-1.4326956802893809,-1.9089850626349103,0,3,1.5673043197106191
6034,-3.052862141596663,-2.660113307982197,0,3,-0.052862141596663026
6035,3.83113159452055,0.0755896132033517,1,0,3.83113159452055
6036,1.7337716509936227,1.892710341609171,1,2,3.7337716509936225
6037,-3.657085181371841,-3.033818639366662,0,3,-0.657085181371841
6038,1.4141637363415358,0.7506444975607279,1,2,3.4141637363415356
6039,1.6377693621487823,2.000874961336484,1,2,3.6377693621487825
6040,1.8272777467284356,1.744644934600515,1,2,3.8272777467284356
6041,2.1743778343917253,2.102116520797895,1,2,4.174377834391725
6042,4.065219993074151,4.2709465668872815,1,2,6.065219993074151
6043,-0.8815279628234116,-1.1900815753890746,0,1,0.11847203717658839
6044,0.2579049618219399,-0.2121026929495172,0,0,0.2579049618219399
6045,-0.8341570170166787,-1.54783492582895,0,1,0.16584298298332134
6046,-0.0962939019883941,0.3964111817792918,0,0,-0.0962939019883941
6047,3.1061241501309205,2.957455276087335,1,2,5.1061241501309205
6048,-2.4820236238888,-2.2540474589458537,0,3,0.5179763761112
6049,-1.6432740422443213,-1.8372868721969835,0,3,1.3567259577556787
6050,2.7301001387312063,2.265395937381224,1,2,4.730100138731206
6051,2.225687415136317,2.4866124591119734,0,2,4.225687415136317
6052,-0.918233354077415,-0.7870483245874862,0,1,0.08176664592258498
6053,1.6638200943303694,1.569060432735399,1,2,3.6638200943303696
6054,0.6422140978639929,0.7629725232405802,1,0,0.6422140978639929
6055,2.753158566313407,2.368964743815805,1,2,4.753158566313407
6056,0.0650443551966736,0.4892842650187983,0,0,0.0650443551966736
6057,1.636272291566104,2.153230146979894,1,2,3.636272291566104
6058,-0.016698388017014752,-0.019540719248506047,1,2,1.9833016119829852
6059,1.00871555240767,0.8599212487702018,1,2,3.0087155524076703
6060,0.4158791578739496,0.4396178757473133,1,0,0.4158791578739496
6061,1.4525108715858572,2.0800454508397626,1,2,3.452510871585857
6062,-0.617588889976578,-0.105122402932107,0,1,0.382411110023422
6063,4.678175451379278,5.475723087582768,1,2,6.678175451379278
6064,0.4017280137842978,0.0895204724590282,1,0,0.4017280137842978
6065,-0.4157687124533385,-0.7638536260481915,1,1,0.5842312875466615
6066,-1.5384675271612358,-1.4847194121283922,0,3,1.4615324728387642
6067,2.349395061227748,2.5121533641462683,1,2,4.349395061227748
6068,1.6607082836476423,1.6037926176238173,1,2,3.6607082836476423
6069,-1.0907806773264574,-1.2466544484606197,1,1,-0.09078067732645745
6070,0.8340674251913247,1.3410254983229764,0,2,2.834067425191325
6071,-2.9124681341903256,-2.948760970409181,0,3,0.08753186580967443
6072,0.586416892411001,0.1003323252436714,0,0,0.586416892411001
6073,1.228709040136975,0.788833405362765,1,0,1.228709040136975
6074,3.4756941460345474,3.574519876087948,1,2,5.475694146034547
6075,-1.694933560039093,-0.4938725660744176,0,3,1.305066439960907
6076,-2.89612448626254,-3.2865019837606115,0,3,0.10387551373746007
6077,-1.582522575233413,-1.708472202702637,0,3,1.417477424766587
6078,-3.032392313985347,-2.070470403878931,0,3,-0.03239231398534681
6079,2.605193899969213,2.4114816080338253,1,2,4.605193899969213
6080,3.052417224459344,3.2346015609679064,1,2,5.052417224459344
6081,0.6265421283274539,1.3769064173639465,0,0,0.6265421283274539
6082,2.449750411377464,2.069158939015935,1,2,4.4497504113774635
6083,0.2955462724339857,0.1718421836253613,1,0,0.2955462724339857
6084,-0.673295947817238,-0.8670423212710542,0,1,0.326704052182762
6085,-0.663144056133498,-1.2703022013203746,0,1,0.336855943866502
6086,-1.0666970975775063,-0.4389507193020558,0,1,-0.0666970975775063
6087,-2.9491594979998634,-3.18332123338781,0,3,0.05084050200013657
6088,0.4174844960539557,0.0669862257251988,1,0,0.4174844960539557
6089,-0.5120751654727576,-0.6898487207009263,1,1,0.48792483452724245
6090,1.3278805126786764,1.6994130747403189,1,2,3.3278805126786764
6091,0.0730319250402886,0.1181893398434409,1,0,0.0730319250402886
6092,-0.0872674796271826,-0.4039340017993281,0,1,0.9127325203728174
6093,-1.7030585116652124,-1.5393985736991913,0,3,1.2969414883347876
6094,0.2131954625136387,0.5382333416130678,0,0,0.2131954625136387
6095,1.7127187884764443,1.7032129533153415,1,2,3.7127187884764443
6096,-2.3059068397526192,-2.399811211298883,0,3,0.6940931602473808
6097,0.3257850995679591,0.7321354749208471,1,0,0.3257850995679591
6098,0.6028581258453662,0.5311840272399897,1,0,0.6028581258453662
6099,-1.693423465950411,-1.0501468634344016,0,3,1.306576534049589
6100,-0.8811158942900346,-1.1841698431261594,0,3,2.1188841057099657
6101,0.1771613415182899,-0.1352040447860268,0,0,0.1771613415182899
6102,-2.083368706689676,-2.444887418723414,0,3,0.9166312933103238
6103,0.3964328231176585,0.3008942404416653,1,0,0.3964328231176585
6104,-1.6704613896880651,-1.669459765141538,0,3,1.3295386103119349
6105,2.498090361696468,1.9678359978673416,1,2,4.498090361696468
6106,4.6330597594665575,4.671762666632231,1,2,6.6330597594665575
6107,-1.772784731974269,-1.5466430570598864,0,3,1.227215268025731
6108,1.1905037246127192,0.6043071026955075,1,2,3.1905037246127192
6109,-1.5193631009565471,-1.7278316715089015,0,3,1.4806368990434529
6110,2.445564088344143,2.6725583797717354,1,2,4.445564088344144
6111,-2.492078368278691,-2.927846074629059,0,3,0.5079216317213091
6112,0.8971396152112802,0.770748206445895,1,0,0.8971396152112802
6113,-1.854035039357842,-1.4187616117843231,0,3,1.145964960642158
6114,-0.6005588722313416,0.1175142330190657,0,1,0.39944112776865837
6115,-2.187601547646112,-2.011635463146461,0,3,0.8123984523538881
6116,1.574566263059788,1.5068649487287429,1,2,3.574566263059788
6117,-1.77148852357889,-1.972047731833181,0,3,1.22851147642111
6118,0.9722934638362344,1.3365951033448535,1,2,2.9722934638362344
6119,-0.2684278104541779,0.1849347491920899,1,1,0.731572189545822
6120,-0.4349637588956239,-0.8975380777426831,0,1,0.5650362411043761
6121,0.324838332329492,0.6890090587070651,1,0,0.324838332329492
6122,-1.405145141365523,-1.6479636620560114,0,3,1.594854858634477
6123,0.5467558261985204,0.2029335166176231,1,0,0.5467558261985204
6124,3.0489477135523275,2.987490032132156,1,2,5.0489477135523275
6125,-1.6043300860348906,-1.2076847890099447,0,3,1.3956699139651094
6126,2.4339297847955907,2.55769191473146,1,2,4.433929784795591
6127,3.0494995969712084,3.162432262887535,1,2,5.049499596971208
6128,-1.6841017450095903,-1.543125083409718,0,3,1.3158982549904097
6129,-3.22248492452599,-3.0354217170498456,0,3,-0.2224849245259901
6130,0.5103370558768798,0.4646765688662938,0,0,0.5103370558768798
6131,-1.3241250782752376,-1.0713695721184433,0,3,1.6758749217247624
6132,3.6037745283127394,3.339901649922725,1,2,5.603774528312739
6133,0.0762597287030562,0.3366627890812678,1,0,0.0762597287030562
6134,-1.5326515872710351,-1.1898574481374395,0,3,1.4673484127289649
6135,-1.9382284717649416,-1.65857383393815,0,3,1.0617715282350584
6136,2.072328642400898,2.3727401750785373,1,2,4.0723286424008975
6137,-0.9874428211133428,-0.801496565021285,0,3,2.012557178886657
6138,0.1488496038084238,0.6182267699454694,0,0,0.1488496038084238
6139,2.17080502435292,1.262159510761455,1,2,4.17080502435292
6140,-0.8532709599425352,-0.5117725769164705,0,1,0.1467290400574648
6141,-0.2935539429375845,0.4966290679255658,0,1,0.7064460570624155
6142,-0.3777460255032864,-0.6265042154868298,0,1,0.6222539744967136
6143,1.4289013629656846,1.1354094196206832,1,2,3.428901362965685
6144,1.0757984714405735,1.5903260766300948,1,2,3.0757984714405735
6145,-0.6362902116997765,-1.0069859474914895,1,1,0.3637097883002235
6146,-0.1262174179135801,-0.3929071429437611,0,0,-0.1262174179135801
6147,-0.7113629235295458,-0.6433835156504272,0,1,0.2886370764704542
6148,-2.6536832739762164,-2.9732637580374406,0,3,0.3463167260237836
6149,0.4334672456550504,0.7834770464524741,0,0,0.4334672456550504
6150,3.9024375838812,3.5861167349783285,1,2,5.9024375838812
6151,-1.7878915514256442,-1.6436382123429718,0,3,1.2121084485743558
6152,-1.8039358370260845,-1.690142851827482,0,3,1.1960641629739155
6153,-1.5944932745853992,-0.9289380456220112,0,3,1.4055067254146008
6154,1.2302451486407708,1.696365895159062,1,2,3.230245148640771
6155,0.9012962345115932,0.6894852179301316,1,0,0.9012962345115932
6156,-0.3853794678339745,-0.8911764304228728,1,1,0.6146205321660255
6157,-1.6574226363647917,-1.322235099573817,0,3,1.3425773636352083
6158,-0.0268766152142887,-0.2882329491156194,1,0,-0.0268766152142887
6159,-3.0510702731112165,-3.185340968272717,0,3,-0.05107027311121648
6160,0.1188936522452462,-0.3050374237802081,1,0,0.1188936522452462
6161,1.6408277297101113,1.9124325020248445,1,2,3.6408277297101113
6162,-3.2294383187753763,-3.4880355653503794,0,3,-0.22943831877537635
6163,-2.6466168393357457,-2.660633514656861,0,3,0.35338316066425435
6164,3.2689871699549653,3.261185943597979,1,2,5.268987169954965
6165,-1.3769887761968027,-1.3035645282312385,0,3,1.6230112238031973
6166,2.046964554221045,2.3116199549089043,1,2,4.046964554221045
6167,-0.4071250809715315,-0.5042532297292199,0,1,0.5928749190284686
6168,-0.1805337269187646,-0.4771047596733816,1,1,0.8194662730812354
6169,0.4984084138763053,-0.2454094396258733,0,0,0.4984084138763053
6170,-1.796314597351749,-1.755262745604681,0,3,1.203685402648251
6171,0.6191226614838258,0.5563230452366144,0,0,0.6191226614838258
6172,-0.9897680968417464,-1.2739572288901433,0,1,0.010231903158253619
6173,-2.624909879057332,-2.5998888941963174,0,3,0.375090120942668
6174,1.1156261125043496,1.458019181550304,1,0,1.1156261125043496
6175,-0.4001852878176777,0.0445699461611939,1,1,0.5998147121823223
6176,-0.2888648927923246,-0.9029198601620811,0,1,0.7111351072076755
6177,-2.3189945958465152,-2.463339116252649,0,3,0.6810054041534848
6178,3.102627668523668,3.487037753483039,1,2,5.1026276685236684
6179,2.01335462983292,2.6517710436421296,1,2,4.01335462983292
6180,1.848445763763915,1.5215403025005478,1,2,3.848445763763915
6181,-1.0027257266305594,-0.4513965549375284,0,1,-0.0027257266305593664
6182,-3.5366263997949323,-4.07666491268878,0,3,-0.5366263997949323
6183,3.712487859003681,4.171801684251659,1,2,5.712487859003681
6184,-0.1784338184512221,-0.2911363513333588,0,1,0.8215661815487779
6185,-1.5494164038562337,-0.9242870975987336,0,3,1.4505835961437663
6186,1.0730877889272092,0.8874753024250916,1,0,1.0730877889272092
6187,2.473300121339472,2.349343830635336,0,2,4.473300121339472
6188,0.0065519853441469,-0.0468050663373922,0,1,1.006551985344147
6189,2.5565612536122297,1.9417411917230725,1,2,4.55656125361223
6190,1.954228275262138,1.249239206958674,1,2,3.954228275262138
6191,-2.5889974223372523,-2.384935745120968,0,3,0.4110025776627477
6192,-1.324948209040396,-0.9295632700990532,0,3,1.675051790959604
6193,2.074002567274267,2.317033568410708,1,2,4.074002567274267
6194,-5.446891904269794,-0.019540719248506047,0,3,-2.446891904269794
6195,-0.4058822508873176,-0.2138067528585008,0,1,0.5941177491126823
6196,-2.768761970206501,-3.1648435596879825,0,3,0.23123802979349906
6197,-0.9697740429919188,-0.8067129597024527,0,1,0.030225957008081172
6198,-0.260491339663616,0.1920283184173589,0,1,0.7395086603363841
6199,-0.469943087401359,-0.3229563460673516,0,1,0.530056912598641
6200,-0.9126208928205513,-0.3252073319237784,0,3,2.0873791071794487
6201,-2.042740476415647,-2.102735464956745,0,3,0.9572595235843528
6202,4.325789050747081,4.239129322225335,1,2,6.325789050747081
6203,3.867522748733221,3.8944632678455338,1,2,5.86752274873322
6204,-2.248866448983251,-2.785922882502748,0,3,0.751133551016749
6205,3.285518448285367,3.1243380180385203,1,2,5.285518448285368
6206,-0.7004090835830953,-0.8264623514791213,0,1,0.2995909164169047
6207,0.348927464233034,0.2353274869182817,1,0,0.348927464233034
6208,0.4136253741160872,0.5209418409814522,1,1,1.4136253741160871
6209,-1.3347344164983157,-1.926866064427632,0,3,1.6652655835016843
6210,2.1549721633781598,1.696726569833959,0,2,4.15497216337816
6211,0.1575750991005149,0.6104029377559034,1,0,0.1575750991005149
6212,-0.7949745296609484,-1.5978738192864723,0,1,0.2050254703390516
6213,-2.421314909554454,-2.1747664820053165,0,3,0.5786850904455458
6214,-1.7143048120111712,-1.8637286843302443,0,3,1.2856951879888288
6215,-2.948910842728893,-2.884861850063513,0,3,0.051089157271106966
6216,-0.1524081104417445,0.4708314036918312,0,0,-0.1524081104417445
6217,-2.490775372902436,-2.543248487248565,0,3,0.5092246270975642
6218,-0.4886450078323845,-0.2384898056300769,1,1,0.5113549921676155
6219,2.916365077917586,2.9397918649903523,1,2,4.916365077917586
6220,2.434485050102158,2.390734582200836,1,2,4.4344850501021575
6221,0.1925980190968776,0.0993278999607325,0,1,1.1925980190968777
6222,-0.3065074264795637,-0.026084087077073,1,1,0.6934925735204363
6223,3.531633400944305,3.238992654495769,1,2,5.531633400944305
6224,1.1031379080247234,0.6503286326042181,1,2,3.1031379080247232
6225,-0.6710489749757851,-0.64125898560335,0,1,0.3289510250242149
6226,-2.74346349016926,-2.666349888733862,0,3,0.25653650983073994
6227,0.7822659781561857,0.0526027119966016,1,0,0.7822659781561857
6228,1.5906435870410334,1.586448615596768,1,2,3.5906435870410336
6229,-1.2782905633720325,-1.7690413318578369,0,3,1.7217094366279675
6230,0.588175289234702,0.8389125322138301,1,0,0.588175289234702
6231,-0.7881428497997243,-1.5096167921583774,0,1,0.21185715020027573
6232,-0.408691207662691,0.3613391242825445,1,1,0.591308792337309
6233,-5.0563627825220445,-5.191642149176375,0,3,-2.0563627825220445
6234,-0.2722297834583896,-0.6182145628533147,0,1,0.7277702165416104
6235,1.9775428057172684,1.864353821569991,1,2,3.9775428057172686
6236,-0.8114546166993631,-0.5889462732458065,0,3,2.188545383300637
6237,0.1371936466863249,0.4933816823802997,1,0,0.1371936466863249
6238,-1.6220729074495732,-1.731797431459508,0,3,1.3779270925504268
6239,1.2550184275581588,0.6795422616332827,1,0,1.2550184275581588
6240,-0.3503211195294801,-0.8352399729783525,0,1,0.6496788804705199
6241,-1.6804581239854504,-1.5659030444891522,0,3,1.3195418760145496
6242,2.783523531970754,3.178454383774935,1,2,4.783523531970754
6243,1.98246623292398,2.429456333557628,1,2,3.98246623292398
6244,-1.102682717585855,-1.035445687421542,0,3,1.897317282414145
6245,0.7751597058803418,1.162079532352911,1,0,0.7751597058803418
6246,1.148329815153044,1.9132695021898445,1,2,3.148329815153044
6247,1.0196302092523042,1.495769294346821,1,2,3.019630209252304
6248,-3.4233843592726623,-3.054569198710914,0,3,-0.42338435927266227
6249,1.8680895907525985,1.5454667175156849,1,2,3.8680895907525983
6250,-1.067903888681718,-0.6828560405105168,0,3,1.932096111318282
6251,-0.6488306174148869,-0.464337626259388,0,1,0.3511693825851131
6252,5.371992682673437,-0.019540719248506047,1,2,7.371992682673437
6253,0.661206075991841,1.1656485875696458,1,0,0.661206075991841
6254,-0.8940100192516308,-0.7505868799043545,0,1,0.10598998074836918
6255,-4.462789443382148,-4.503807975646733,0,3,-1.4627894433821478
6256,2.963607500143608,2.53566117707924,1,2,4.963607500143608
6257,-2.476848006158325,-2.5954545332164547,0,3,0.5231519938416751
6258,-2.236234426724317,-2.151093519859243,0,3,0.7637655732756832
6259,-0.9688901246782275,-0.8578423886052162,0,1,0.03110987532177245
6260,2.6874457067596427,2.784996226227772,1,2,4.687445706759643
6261,1.7555214897379685,2.1393254336423864,1,2,3.7555214897379683
6262,-0.072698213643913,0.2734476664429354,0,1,0.927301786356087
6263,0.4316417511974076,0.4068064546147688,0,0,0.4316417511974076
6264,-1.139309514994944,-1.4782143579773233,1,3,1.860690485005056
6265,0.6461936457587192,0.7995368204697479,1,0,0.6461936457587192
6266,0.2297357850043401,1.128270804050522,0,0,0.2297357850043401
6267,2.221840448409325,2.350337558520943,1,2,4.221840448409325
6268,2.134101558894519,2.015731977945231,0,2,4.134101558894519
6269,0.8059150231657074,1.0202494841525718,1,0,0.8059150231657074
6270,-0.7626913997916202,-0.5243968962871108,0,1,0.23730860020837985
6271,1.4905954844386229,1.724455724600933,1,2,3.490595484438623
6272,-0.1631102548018252,0.3860418232164552,1,1,0.8368897451981748
6273,-1.980562946738552,-1.8261257639571635,0,3,1.019437053261448
6274,-0.7248386313667956,-0.1946737372026562,0,1,0.2751613686332044
6275,-0.4181862211869739,-0.3260925756919697,0,0,-0.4181862211869739
6276,1.5578635127109457,2.162862819714495,1,2,3.557863512710946
6277,-0.8045325273095147,-0.3218384490136731,0,1,0.19546747269048526
6278,-2.3833243743481454,-2.014604609726985,0,3,0.6166756256518546
6279,0.161580896487191,0.4772551907923512,0,0,0.161580896487191
6280,0.2835570718352485,1.2041641426634158,1,0,0.2835570718352485
6281,0.1798896042625828,0.6105366397291557,0,0,0.1798896042625828
6282,1.974571832932858,1.6348450310830531,1,2,3.974571832932858
6283,2.1810989794735027,2.279459200060831,1,2,4.181098979473503
6284,-1.4394515582043648,-1.5453382654952694,0,3,1.5605484417956352
6285,-1.5254945563876614,-0.6997040296684813,0,3,1.4745054436123386
6286,-2.080423759156334,-1.579848735318151,0,3,0.9195762408436661
6287,1.7559877952836245,2.568768205132059,1,2,3.7559877952836245
6288,3.23758876511516,2.9335909538212466,1,2,5.237588765115159
6289,-0.5174829837282363,-0.0768131123082512,0,1,0.4825170162717637
6290,-0.6288604637660015,-1.1746720569804143,0,1,0.37113953623399853
6291,3.110933645695669,2.474080712040476,1,2,5.110933645695669
6292,0.920630853468207,0.7618484004785695,1,2,2.9206308534682073
6293,0.718970002267348,1.32392005726563,1,0,0.718970002267348
6294,-2.810626378271853,-3.207672394653417,0,3,0.18937362172814698
6295,1.3779325782283685,1.3712078394990712,1,2,3.3779325782283687
6296,-1.9842461508469915,-1.508709003564637,0,3,1.0157538491530085
6297,-2.2487542959642157,-1.910189031500494,0,3,0.7512457040357843
6298,-1.1534146927808366,-0.2669400612956928,0,1,-0.15341469278083664
6299,-1.1376201123806429,-1.1362713154966986,0,3,1.8623798876193571
6300,-0.9294236215644044,-1.1060754394166712,0,1,0.07057637843559561
6301,-2.664375218396127,-3.102167650827718,0,3,0.3356247816038729
6302,2.0220108597623616,1.8748108837154016,1,2,4.022010859762362
6303,2.1996396347479403,1.758200051073579,1,2,4.199639634747941
6304,-3.7821409762652127,-4.500719088229059,0,3,-0.7821409762652127
6305,1.76130075880039,2.5466577913372253,0,2,3.76130075880039
6306,-1.6065821565202745,-1.5870194368101171,0,3,1.3934178434797255
6307,1.8729058816576392,2.9094926301492903,1,2,3.872905881657639
6308,-0.7557508351511093,-1.091466209820103,0,1,0.2442491648488907
6309,-0.0318937437735075,-0.2034171872551115,1,0,-0.0318937437735075
6310,-0.3747241248697122,-0.6848717295725543,1,1,0.6252758751302878
6311,2.384999684917819,2.128697258920713,1,2,4.384999684917819
6312,-2.1877556598045755,-1.838314162120798,0,3,0.8122443401954245
6313,0.99090045248544,1.21743003899119,1,2,2.99090045248544
6314,2.078428481090055,2.42859225125716,1,2,4.0784284810900555
6315,1.0495063558191315,1.5864149926799078,1,2,3.0495063558191315
6316,4.951455158901465,5.394397176568458,1,2,6.951455158901465
6317,-1.1071515539711578,-1.510547451747953,0,3,1.8928484460288422
6318,1.826927867579721,1.6174004421121102,1,2,3.826927867579721
6319,-0.2226778071449834,-0.1740846831163284,0,1,0.7773221928550166
6320,2.594059318391404,4.085192656296679,1,2,4.594059318391404
6321,0.0540946892604859,0.3630547461130361,1,1,1.0540946892604859
6322,-0.2461747210135216,-0.2034991976508058,0,1,0.7538252789864783
6323,2.702931585424013,2.9722414741223133,1,2,4.702931585424013
6324,-1.0761729638716764,-1.3174185856360183,0,1,-0.07617296387167638
6325,-2.937722865305902,-2.83275266090498,0,3,0.06227713469409801
6326,-1.112245556831019,-0.7303806829069899,0,3,1.887754443168981
6327,0.9376985082510974,0.9261002344345608,1,2,2.9376985082510974
6328,2.7920503446725,2.489429043053625,1,2,4.7920503446725
6329,0.3789523718348077,0.3478027507629309,1,0,0.3789523718348077
6330,2.5137214143434035,2.38589077090493,1,2,4.5137214143434035
6331,-2.877825854212009,-3.420676822080368,0,3,0.1221741457879908
6332,-0.583337900376959,-0.8119587644540022,1,1,0.416662099623041
6333,-0.8624468656324353,-1.4195719801646132,0,1,0.13755313436756467
6334,-0.6426825302404996,-1.1374004864389096,0,1,0.3573174697595004
6335,-0.0623916122290835,-0.5187694073756715,1,0,-0.0623916122290835
6336,1.0737353713595263,1.4551158906498711,1,2,3.0737353713595263
6337,-0.8123684635200642,-0.2167024381762639,0,1,0.1876315364799358
6338,0.2059164738163365,-0.4085153969989542,0,0,0.2059164738163365
6339,-0.1341831896528713,0.4978902768569245,0,1,0.8658168103471287
6340,-1.621192972387345,-2.071830641571564,0,3,1.378807027612655
6341,-3.6560035039542607,-0.0668483128064827,0,1,-2.6560035039542607
6342,-0.1323011774451081,-0.0288777491385859,1,1,0.8676988225548918
6343,-0.0278965701654516,0.2264440477196898,1,1,0.9721034298345484
6344,-0.0276135864398306,-0.4939108075642155,1,0,-0.0276135864398306
6345,0.298751652338035,-0.4261912607308074,0,0,0.298751652338035
6346,-0.9129539407204564,-1.234117304773485,0,1,0.08704605927954356
6347,2.730249093710688,2.9009965536949505,1,2,4.730249093710688
6348,-2.653259095921288,-1.870497425726944,0,3,0.34674090407871194
6349,-1.771042665964862,-2.182932105039294,0,3,1.228957334035138
6350,5.481673705465604,5.44213871080628,1,2,7.481673705465604
6351,-2.253767671790414,-2.553399351194261,0,3,0.7462323282095862
6352,-2.8108511713054942,-2.817741644416032,0,3,0.18914882869450578
6353,1.4250481735130078,0.652734029101143,0,2,3.425048173513008
6354,-4.0102370011804975,-3.411019667024537,0,3,-1.0102370011804975
6355,-0.5520799356580648,-0.5424655043435425,1,1,0.4479200643419352
6356,4.12687758802836,4.493743853622794,1,2,6.12687758802836
6357,-3.1601745196585806,-3.253055329006224,0,3,-0.16017451965858065
6358,-4.11775802743875,-4.0415067969879725,0,3,-1.1177580274387502
6359,-3.185163504327939,-2.7336145072692406,0,3,-0.18516350432793915
6360,1.4741157739785773,1.526802503216267,1,2,3.4741157739785775
6361,2.2634490632158406,2.3305315928620227,1,2,4.263449063215841
6362,-1.1389187352764285,-1.456495152326628,0,3,1.8610812647235715
6363,1.559680555849072,1.345911131177432,1,2,3.559680555849072
6364,2.491031436612191,2.0859051814758165,1,2,4.491031436612191
6365,3.466276117850075,3.1710690824582093,1,2,5.466276117850075
6366,-0.1300891182279465,0.3704025259577204,0,1,0.8699108817720536
6367,-4.790865338759543,-4.067421614756688,0,3,-1.7908653387595432
6368,-1.6890644952385985,-2.1879744490903548,0,3,1.3109355047614015
6369,-1.0967771864355889,-0.9387084724208788,0,1,-0.09677718643558886
6370,-0.7875630957129773,-0.914639651793155,0,1,0.21243690428702267
6371,-0.0662566053999033,0.4925308212864019,1,1,0.9337433946000967
6372,2.271997094388768,2.325941181659936,1,2,4.271997094388768
6373,2.5755926210226874,2.57260233912634,1,2,4.575592621022688
6374,-0.6826105548728112,-0.9805182797367056,0,1,0.3173894451271888
6375,2.268718029725298,1.656006014088332,0,2,4.268718029725298
6376,0.946807122460944,1.251182515560739,1,0,0.946807122460944
6377,0.3589073578908494,0.5000987877914269,1,0,0.3589073578908494
6378,1.94675496014116,2.097732616349332,1,2,3.94675496014116
6379,-0.0813930190432491,-0.3211238601066884,1,0,-0.0813930190432491
6380,4.178247037634123,4.119939659430108,1,2,6.178247037634123
6381,-2.7433053414937967,-2.4268769470483638,0,3,0.2566946585062033
6382,-1.3892305152018158,-0.996385463309371,0,3,1.6107694847981842
6383,-0.4772937122042575,-0.9486823585716696,0,1,0.5227062877957425
6384,1.0565368452646695,0.8031976170641105,1,0,1.0565368452646695
6385,2.7111301295405634,2.155176760711706,0,2,4.711130129540564
6386,-0.3585137411965918,-0.2780079761592456,0,1,0.6414862588034083
6387,-2.68545500715858,-2.3317196823172885,0,3,0.3145449928414199
6388,1.7040884727407322,1.5926022659209649,1,2,3.7040884727407324
6389,1.6661193232053593,1.4009766708054734,0,2,3.6661193232053595
6390,-4.010621583445601,-4.1447423249677176,0,3,-1.0106215834456007
6391,0.1214284319545816,1.0439537579451763,1,1,1.1214284319545815
6392,-3.011517906463471,-2.534746666494052,0,3,-0.01151790646347095
6393,-1.3995691820952674,-1.107170313003403,0,3,1.6004308179047326
6394,-1.8020673446909423,-1.6740401864578736,0,3,1.1979326553090577
6395,1.4888250705830408,1.4837284847354215,1,2,3.488825070583041
6396,0.5639881380815435,0.2013352724433917,1,0,0.5639881380815435
6397,-2.595236389377209,-3.019912559100421,0,3,0.404763610622791
6398,1.5757270608792482,1.3485627902739636,1,2,3.575727060879248
6399,-3.010776830631779,-3.3922887825525923,0,3,-0.010776830631778811
6400,0.6855817011703099,0.4424565163623717,1,0,0.6855817011703099
6401,-1.477355104227469,-1.5181133546753,0,3,1.522644895772531
6402,-0.998519534091144,-1.0086401695163274,0,1,0.0014804659088559768
6403,1.378073496665258,1.129920986511468,1,2,3.378073496665258
6404,1.1046338569301812,1.302717678786263,1,2,3.1046338569301812
6405,2.767229341705803,2.6916267928464497,1,2,4.767229341705804
6406,-0.1839453081075936,-0.0980658556363216,0,1,0.8160546918924064
6407,0.6167535193969065,0.3189173654234767,1,0,0.6167535193969065
6408,-0.016698388017014752,-0.6279822505901268,0,1,0.9833016119829853
6409,0.5675389590527874,0.3536005189521537,1,0,0.5675389590527874
6410,0.8773863785263494,1.520808073221812,1,0,0.8773863785263494
6411,-0.04320965121021,-0.1332061928466769,1,1,0.95679034878979
6412,-3.694270472855507,-3.732144097453317,0,3,-0.6942704728555071
6413,0.7020698983242538,0.9395052928611448,0,0,0.7020698983242538
6414,0.5683388858630298,0.8930789632450244,1,0,0.5683388858630298
6415,-1.1170413061859945,-0.7492038341094618,0,3,1.8829586938140055
6416,-2.735523520288852,-2.0252883070832635,0,3,0.26447647971114785
6417,2.8867624121556656,3.1515166215172794,1,2,4.886762412155665
6418,0.919898939297855,0.8931043437599689,1,0,0.919898939297855
6419,-0.5289523393781731,-0.7408107055389,1,1,0.4710476606218269
6420,-2.1295666124063874,-2.183097925686259,0,3,0.8704333875936126
6421,-1.7069612097900206,-1.113354613618467,0,3,1.2930387902099794
6422,2.8839656996806777,2.32917917847173,1,2,4.883965699680678
6423,0.1116288645100585,-0.2159743820735791,1,0,0.1116288645100585
6424,-1.067298640012872,-1.1548933374262966,0,3,1.932701359987128
6425,0.8642212645867923,0.5312950767680964,0,2,2.864221264586792
6426,-1.544601818386354,-1.7081106123232137,0,3,1.455398181613646
6427,2.998496115165403,3.720989930504008,1,2,4.998496115165403
6428,2.674588660853755,2.555351445001771,1,2,4.674588660853755
6429,-0.6954531491048485,-0.5307937230396705,0,1,0.30454685089515154
6430,-1.3882088682727414,-2.051487608271036,0,3,1.6117911317272586
6431,-5.118963365860959,-5.559938273588345,0,3,-2.1189633658609592
6432,-3.1169535256376943,-2.7438800817888938,0,3,-0.11695352563769434
6433,-2.6564025098834376,-1.9891911344654816,0,3,0.3435974901165624
6434,0.0312656163300826,0.1198298552454923,1,0,0.0312656163300826
6435,-0.7849708381440672,-0.9073773418999334,1,1,0.2150291618559328
6436,-2.707099583945056,-2.508634931589532,0,3,0.2929004160549442
6437,-0.1993982514644989,-1.2383720579519992,1,1,0.800601748535501
6438,1.0308350693866517,1.1224836067938688,1,2,3.0308350693866517
6439,1.3866123630045155,0.9681681229615148,1,2,3.3866123630045157
6440,-3.755275903379579,-3.437638710489962,0,3,-0.7552759033795788
6441,-0.3339438098626495,-1.2108633731350271,0,1,0.6660561901373505
6442,-2.458810249423082,-2.710160639786794,0,3,0.5411897505769181
6443,1.890860918695232,1.8744705834520337,1,2,3.890860918695232
6444,1.4397485139304542,1.1350320407480727,0,2,3.4397485139304544
6445,-1.7019401607688571,-1.8521339208441143,0,3,1.2980598392311429
6446,-1.5906093547823217,-1.2288356145117183,0,3,1.4093906452176783
6447,-1.3203409402308737,-1.3301393460377768,0,1,-0.32034094023087367
6448,-4.318392157609555,-4.690624479595385,0,3,-1.318392157609555
6449,0.890923158009539,1.2670831844126558,1,0,0.890923158009539
6450,-0.1781006866818063,-0.0777083390533413,1,1,0.8218993133181938
6451,2.024778903574771,2.141773895408769,1,2,4.024778903574771
6452,-2.246563120741612,-2.6035675308328536,0,3,0.7534368792583881
6453,-1.071248011024146,-2.090290680088967,0,3,1.928751988975854
6454,-2.843086443014449,-3.205538936356998,0,3,0.15691355698555087
6455,-1.680924890361222,-2.084072321575415,0,3,1.319075109638778
6456,-2.3728895167497264,-2.6182082996220157,0,3,0.6271104832502736
6457,1.9588315631793725,1.6220892967824505,1,2,3.9588315631793725
6458,-1.53963258145449,-1.4945531778357035,0,3,1.46036741854551
6459,0.3558437868342672,0.7081947752525484,0,0,0.3558437868342672
6460,-1.0711791413697758,-0.6407145704286241,1,1,-0.07117914136977577
6461,-2.383713057453113,-2.048828314107662,0,3,0.6162869425468869
6462,-0.2190338219701275,-0.5780838122948093,0,1,0.7809661780298724
6463,1.3152207042188635,1.3387810215467992,1,2,3.3152207042188637
6464,-2.3878737377863364,-1.7618073985183154,0,3,0.6121262622136636
6465,1.9248212309689745,1.2909274977798106,1,2,3.9248212309689743
6466,-1.52504314987002,-0.9857511320999676,0,3,1.47495685012998
6467,-1.0873832904208214,-1.485824624976693,0,1,-0.08738329042082138
6468,0.9435304360805664,1.0610365511141997,1,2,2.9435304360805663
6469,-1.502807077121903,-1.3376930303342918,0,3,1.497192922878097
6470,0.1854063852268487,0.2613715998546369,0,0,0.1854063852268487
6471,-0.8294094418241763,0.0619797158568552,0,1,0.1705905581758237
6472,0.4754144421243075,0.3550816819357905,1,0,0.4754144421243075
6473,-4.496883549377886,-5.152678699347343,0,3,-1.4968835493778858
6474,-3.835166884206256,-3.6925880571955183,0,3,-0.8351668842062558
6475,1.1948243051751055,1.1268083112853218,1,2,3.1948243051751053
6476,2.0776870075705838,2.299607490858252,1,2,4.077687007570583
6477,-1.644176774969109,-1.291338678219616,0,3,1.355823225030891
6478,-0.1661880292202933,-0.1796638979020784,1,1,0.8338119707797067
6479,0.2523400272308876,0.4268641994878068,0,0,0.2523400272308876
6480,1.3227990598120718,1.380494232706884,1,2,3.3227990598120716
6481,-4.108557882453766,-3.391802904823882,0,3,-1.1085578824537663
6482,-2.052214464934064,-2.20043916608113,0,3,0.9477855350659361
6483,-0.7621807635605622,-1.0370088427645074,0,1,0.2378192364394378
6484,1.4918341833422208,1.844126544586712,1,2,3.491834183342221
6485,4.941125186875079,4.569453260737992,1,2,6.941125186875079
6486,-0.7649356873409185,-0.6080725651079002,0,1,0.23506431265908145
6487,-2.2391383846059947,-2.3069740460736563,0,3,0.7608616153940053
6488,0.8577717274434321,0.8172434536266588,1,0,0.8577717274434321
6489,2.664330405102755,3.639252254706823,1,2,4.6643304051027545
6490,-0.0035570306544074,0.4900776673144862,1,0,-0.0035570306544074
6491,-1.7611558579143305,-1.3525240445865578,0,3,1.2388441420856695
6492,1.8831451261517391,2.095373382342528,1,2,3.883145126151739
6493,0.9493865544537888,0.6727809058777185,1,2,2.9493865544537887
6494,-2.266212776394132,-2.1616201016990435,0,3,0.733787223605868
6495,0.921836438603473,1.1551661589349411,1,0,0.921836438603473
6496,2.383334665317834,2.4629288373735814,1,2,4.383334665317834
6497,2.437213166126396,2.4751132970639804,1,2,4.437213166126396
6498,0.0877187050397615,-0.0712610144760005,1,1,1.0877187050397614
6499,-0.7473099540752797,-0.6379264942027666,0,1,0.25269004592472033
6500,2.437238412026405,2.227009871444994,1,2,4.437238412026405
6501,-2.202125200437877,-1.9207559286109728,0,3,0.7978747995621229
6502,1.2097140396779047,0.40340555921485,1,0,1.2097140396779047
6503,-2.479833916035734,-1.936336489455757,0,3,0.5201660839642659
6504,1.917479929442241,1.3928135686950855,1,2,3.917479929442241
6505,-0.5294828092853722,-0.956384818913195,1,1,0.47051719071462783
6506,2.592671408190198,2.7562130824388698,1,2,4.592671408190197
6507,0.9308899200095482,1.1468666521514133,1,0,0.9308899200095482
6508,-2.368868951440741,-1.5375577608789932,0,3,0.6311310485592592
6509,3.013370826488276,3.1318846382119263,0,2,5.013370826488276
6510,3.303052483246487,3.286870576849353,1,2,5.303052483246487
6511,2.101747015642736,2.1782667670598657,1,2,4.1017470156427365
6512,-1.5890639510174067,-0.9528688465022956,0,3,1.4109360489825933
6513,-0.8848345416826806,0.0849254545830713,0,1,0.11516545831731939
6514,0.3625013536144094,0.2885812340508152,0,0,0.3625013536144094
6515,-1.0306585924259062,-0.8135496259570612,0,3,1.9693414075740938
6516,3.289297972935598,3.259542299137387,1,2,5.289297972935598
6517,0.4260223388648175,0.3883158023632713,1,0,0.4260223388648175
6518,-5.267546935720186,-4.515926686174279,0,3,-2.267546935720186
6519,0.7170000349813624,0.3467073454359666,1,0,0.7170000349813624
6520,-0.6949298494258834,-1.6286423329792148,0,1,0.30507015057411657
6521,-0.3345389533811743,-0.2075612097625529,1,1,0.6654610466188258
6522,-1.1935711460555147,-0.7131685345506851,0,1,-0.19357114605551473
6523,1.3917226918805687,1.4796813423809811,1,2,3.3917226918805685
6524,2.1613147272844224,2.362196147767627,1,2,4.161314727284422
6525,0.7855908620018488,1.0865482144526062,0,0,0.7855908620018488
6526,-0.6992479867465933,-0.6548835573827511,0,1,0.3007520132534067
6527,-0.1864795534019702,0.0360434959773599,1,1,0.8135204465980298
6528,-0.1389978552354295,0.0768469042260344,0,0,-0.1389978552354295
6529,-1.4734989140277777,-2.2569407529235725,0,3,1.5265010859722223
6530,1.4295287304285906,1.4750754879205072,1,2,3.429528730428591
6531,1.1327717920944242,0.5036586589106251,1,0,1.1327717920944242
6532,3.202112419505041,3.1868438174620715,1,2,5.202112419505041
6533,2.215577011300362,2.017464631764589,1,2,4.215577011300362
6534,-1.4416846837490147,-1.0280801820018834,0,3,1.5583153162509853
6535,2.0300575947958643,2.1278226984798634,1,2,4.030057594795864
6536,-1.6775166678058984,-1.4882395293706068,1,3,1.3224833321941016
6537,1.0843635582347544,1.007783271049854,1,2,3.084363558234754
6538,-1.04434650216007,-0.6234739971175249,0,3,1.95565349783993
6539,-1.9738867602189607,-2.612816896428055,0,3,1.0261132397810393
6540,0.4076589927895648,0.049458011941029,1,0,0.4076589927895648
6541,-0.016698388017014752,-5.29645221194653,0,3,2.983301611982985
6542,-3.482186339807169,-3.656445739460043,0,3,-0.4821863398071691
6543,-0.5125354190726542,-1.3708682211410084,0,1,0.4874645809273458
6544,0.008115185452748,0.5891716960983022,0,0,0.008115185452748
6545,-0.8095736123025293,-0.3787991837586102,0,1,0.19042638769747067
6546,-3.18560778036616,-2.9012200177218666,0,3,-0.1856077803661602
6547,-1.6376002430961485,-1.5998378403154672,0,3,1.3623997569038515
6548,0.6056206746903875,1.2699194819538664,1,0,0.6056206746903875
6549,1.1195216353299096,1.6229690069549103,1,2,3.1195216353299093
6550,-0.3839309092724335,0.2352115182443706,1,1,0.6160690907275665
6551,2.375875375147593,2.654075567326485,1,2,4.375875375147594
6552,0.223538964250237,0.2726573047506697,1,0,0.223538964250237
6553,-1.5528093240031484,-1.7124752724090682,0,3,1.4471906759968516
6554,-0.377166876087844,-0.8847364130741928,0,1,0.6228331239121561
6555,-3.0176004518706745,-2.8167822056841367,0,3,-0.017600451870674494
6556,-0.0729919400513534,0.1611509938668882,0,1,0.9270080599486465
6557,2.455347780866856,2.3154352481039258,1,2,4.455347780866855
6558,0.709000178922458,0.9544725901691116,0,2,2.709000178922458
6559,2.7737460711230955,2.640874938483438,1,2,4.773746071123096
6560,-1.1809251731236414,-0.8339540965848571,0,1,-0.18092517312364143
6561,2.668557899914326,2.3157149826572385,1,2,4.668557899914326
6562,-0.3880426950922051,-0.8100873090956859,1,1,0.6119573049077949
6563,2.44666136795762,2.350429877070161,1,2,4.446661367957621
6564,0.3412541775317257,0.6727683357326404,1,1,1.3412541775317257
6565,1.4716659091354785,1.008151723271869,1,2,3.4716659091354787
6566,2.7804200422033043,3.2002948498069825,1,2,4.780420042203304
6567,-0.0937793716627075,-0.7508146254167924,0,1,0.9062206283372924
6568,0.0776553309598849,-0.0210430192778313,1,0,0.0776553309598849
6569,2.331892643708941,1.7666621928678847,1,2,4.331892643708941
6570,-0.725897432594107,-1.7698571782673995,0,1,0.274102567405893
6571,-2.281575525704455,-2.1349948037943536,0,3,0.7184244742955448
6572,4.352483383464221,4.281358940011775,1,2,6.352483383464221
6573,-0.8076485707045746,-1.3664881438367702,0,1,0.19235142929542537
6574,0.3777123486587808,0.1710668054648689,1,0,0.3777123486587808
6575,2.4267668911311717,2.603496981902897,1,2,4.426766891131171
6576,-1.2013722646832057,-1.3486321314788734,0,3,1.7986277353167943
6577,-1.961551557902772,-2.0410240041301315,0,3,1.038448442097228
6578,0.5289952807942564,0.3696126526650363,1,0,0.5289952807942564
6579,-3.707871156938635,-3.9407920095106186,0,3,-0.7078711569386349
6580,-0.5851371067787743,-0.8232720166760052,0,1,0.4148628932212257
6581,0.5447962432831474,0.2949172967648531,1,0,0.5447962432831474
6582,-0.5177939697399021,-0.8190511201691317,0,1,0.4822060302600979
6583,-3.382456307922157,-3.789374146998479,0,3,-0.382456307922157
6584,2.9193585786863423,2.767473651599211,1,2,4.919358578686342
6585,0.423644594681629,0.1676734537504222,0,0,0.423644594681629
6586,2.8009054263468016,2.372225974140524,1,2,4.800905426346802
6587,-0.4031274309537014,-0.0967215688109202,0,1,0.5968725690462986
6588,-1.978447945326007,-1.4853935565593208,0,3,1.021552054673993
6589,0.2437326651810137,0.2436915553396538,1,0,0.2437326651810137
6590,-0.6002935751627818,-0.5737043799904462,0,1,0.3997064248372182
6591,-2.4000359301369985,-2.6770615164848373,0,3,0.5999640698630015
6592,2.806540457718109,3.233353000434508,1,2,4.806540457718109
6593,-0.9857537411668492,-0.2904812951363132,0,3,2.014246258833151
6594,-3.644628109283645,-3.710145640893909,0,3,-0.6446281092836448
6595,3.026119831627037,2.8175412202700287,0,2,5.026119831627037
6596,-0.927714400810963,-0.791124294429025,0,3,2.072285599189037
6597,-1.6981579488152108,-1.6465855311998552,0,3,1.3018420511847892
6598,-3.319566852768237,-3.519629042951153,0,3,-0.31956685276823693
6599,3.1799726486999904,3.3684509819129307,1,2,5.179972648699991
6600,-2.532854440977107,-2.1575913980211485,0,3,0.4671455590228928
6601,-0.0380378501214691,-0.3523652106513811,0,0,-0.0380378501214691
6602,2.2537828519737184,3.27059644385996,1,2,4.253782851973718
6603,1.131353451492221,0.5181765886530898,1,0,1.131353451492221
6604,-0.2676727523247348,-0.6083490428610953,0,1,0.7323272476752651
6605,-3.428803250199054,-3.335216038078109,0,3,-0.4288032501990542
6606,-1.5705300576047243,-0.6717808102541047,0,3,1.4294699423952757
6607,0.5482834903973661,0.3232472137251161,1,0,0.5482834903973661
6608,-1.56851775750899,-1.9948162825472249,0,3,1.43148224249101
6609,0.201739940121362,0.4214365314928603,1,0,0.201739940121362
6610,1.2199750897902728,1.1205373267030443,1,2,3.219975089790273
6611,1.924109412324845,2.1902116903066178,1,2,3.924109412324845
6612,-2.2054673198724286,-2.2337795398325966,0,3,0.7945326801275714
6613,4.478859682065117,4.135993065213135,1,2,6.478859682065117
6614,1.380275703785258,2.31982609195095,1,2,3.3802757037852578
6615,0.1262462482038301,-1.0555099914284578,1,1,1.12624624820383
6616,2.1016761983776493,2.829771698517558,1,2,4.10167619837765
6617,4.908897145037315,5.282201906730886,1,2,6.908897145037315
6618,-2.372038118448018,-2.670273835058904,0,3,0.6279618815519821
6619,-0.5222905591714171,0.226677482762089,0,1,0.4777094408285829
6620,-4.596542287801382,-5.145109967499087,0,3,-1.5965422878013822
6621,0.2362243988885034,0.6394687836915133,0,0,0.2362243988885034
6622,0.708335730412022,-0.124722314806822,1,0,0.708335730412022
6623,-0.0724117735110986,-0.5307630506992487,1,1,0.9275882264889014
6624,-1.3478038740054958,-1.8071486042646467,0,3,1.6521961259945042
6625,-3.6064262946216457,-3.906688958793165,0,3,-0.6064262946216457
6626,0.6857487518878609,0.6903811980393242,1,0,0.6857487518878609
6627,3.0282392755876235,2.6978487299443605,1,2,5.028239275587623
6628,-0.016698388017014752,-2.382618666010666,0,3,2.983301611982985
6629,0.966519170720212,1.1518994782004834,0,0,0.966519170720212
6630,-2.907877708369652,-2.8882973391986604,0,3,0.09212229163034813
6631,0.8089066588692175,0.9724775952284896,0,0,0.8089066588692175
6632,-1.2888090236973966,-1.2200418599910057,0,1,-0.2888090236973966
6633,-1.5325662549712935,-1.1508721421772274,0,3,1.4674337450287065
6634,-1.5172905123551554,-1.5474834536195967,0,3,1.4827094876448446
6635,-0.6424081539171591,-0.2373998999930351,0,1,0.3575918460828409
6636,1.1670472384677577,0.8567685792272666,1,0,1.1670472384677577
6637,-2.700337132511097,-2.987805284246638,0,3,0.29966286748890303
6638,-0.9654882878677618,-0.4150725297084846,0,1,0.03451171213223825
6639,-0.316327116272584,0.2259403470183316,1,1,0.683672883727416
6640,-2.1584627256573987,-1.9289658685450652,0,3,0.8415372743426013
6641,3.689201255113735,3.333558089969812,1,2,5.689201255113735
6642,-1.8161220389952,-2.2039750131135025,0,3,1.1838779610048
6643,-1.183137278121823,-0.6519116931773147,0,3,1.816862721878177
6644,-1.8635390842811608,-1.354473113249897,0,3,1.1364609157188392
6645,3.605606512205213,3.5801747691371637,1,2,5.605606512205213
6646,0.925327513050138,1.8620814838380797,1,2,2.925327513050138
6647,-1.969556875584229,-1.7859968468057732,0,3,1.030443124415771
6648,1.7265120581834283,1.2836323085709804,1,2,3.7265120581834283
6649,0.4485548014173633,0.3383023615502066,0,0,0.4485548014173633
6650,0.5197750999724904,0.5219633311746399,0,0,0.5197750999724904
6651,-0.6512586192870081,-0.6166991645873627,0,1,0.3487413807129919
6652,-1.3979681708010343,-0.8979668836603515,0,3,1.6020318291989657
6653,0.7526964953956473,0.3701809303299036,0,0,0.7526964953956473
6654,-1.1122510961203875,-1.6448560157652743,0,3,1.8877489038796125
6655,3.64324486778276,3.8841743409847975,0,2,5.6432448677827605
6656,-2.8194454938254423,-3.022239297395784,0,3,0.1805545061745577
6657,2.955569416572005,3.924971865958735,1,2,4.955569416572005
6658,-0.2125434868589091,0.1647446657313439,1,1,0.7874565131410909
6659,0.4510007528597396,0.2408421719236435,1,0,0.4510007528597396
6660,1.8383456924333783,2.323487187947061,1,2,3.8383456924333785
6661,-1.3922250061998789,-1.1000606881666763,0,3,1.6077749938001211
6662,1.7717578516469363,2.025236710632248,1,2,3.771757851646936
6663,-5.391774579399288,-5.440672152034685,0,3,-2.3917745793992884
6664,-1.2907235477217964,-1.12254320706641,0,3,1.7092764522782036
6665,-1.6679673798764705,-2.509150540113536,0,3,1.3320326201235295
6666,-2.368205502549936,-1.8413697408611152,0,3,0.631794497450064
6667,-0.851110916434529,-2.225535872301738,0,1,0.14888908356547104
6668,1.010329565966015,0.8334803283556489,1,0,1.010329565966015
6669,1.7107816418375312,1.0724974205599176,1,2,3.7107816418375315
6670,0.3853286575365213,0.184988201043912,1,0,0.3853286575365213
6671,-1.2840575472525235,-1.313704456217366,0,3,1.7159424527474765
6672,0.5598665396241779,0.0811491260576932,1,0,0.5598665396241779
6673,-0.1411043116447288,-1.2508952087004253,0,0,-0.1411043116447288
6674,1.724369282763555,1.8071955724199784,1,2,3.724369282763555
6675,1.445845597970311,2.280421510781469,0,2,3.445845597970311
6676,-0.0100173184291053,-0.150529385169108,0,0,-0.0100173184291053
6677,-1.9862888303237112,-1.6025564478333911,0,3,1.0137111696762888
6678,-1.4525853450276094,-0.8508314100048548,0,3,1.5474146549723906
6679,-1.101779983601748,-1.8617951534200676,0,3,1.898220016398252
6680,-0.7845780644545399,-0.9674881250458685,1,1,0.21542193554546007
6681,0.6448057216895121,0.1342514770139915,0,0,0.6448057216895121
6682,1.5666809105356048,1.244170095344339,1,2,3.566680910535605
6683,0.3738401632021426,1.0546448436607945,0,1,1.3738401632021426
6684,0.2573855622256373,0.3468573567953141,0,0,0.2573855622256373
6685,0.3352332216656903,0.6507626620837599,1,0,0.3352332216656903
6686,-1.1558634855982155,-1.17342312798373,0,3,1.8441365144017845
6687,-1.7920350449511124,-2.27625610324533,0,3,1.2079649550488876
6688,-3.445556602638149,-3.174310323750666,0,3,-0.445556602638149
6689,-1.4929613339548768,-0.9919311853777484,0,3,1.5070386660451232
6690,1.1030371858861494,1.2299868723536125,1,0,1.1030371858861494
6691,-1.68544247901551,-1.489792734311536,0,3,1.31455752098449
6692,-0.5244940419593815,-1.0184145965060951,0,1,0.47550595804061846
6693,-0.016698388017014752,1.3267797199478055,1,0,-0.016698388017014752
6694,0.983862163326918,1.5222676924974576,1,2,2.983862163326918
6695,-2.2004165850179325,-2.038582395309351,0,3,0.7995834149820675
6696,1.9665615406688268,1.2478482423180697,0,2,3.9665615406688266
6697,2.0875799305734217,2.7418317308835345,1,2,4.087579930573422
6698,-2.024919528122278,-2.4028490855797835,0,3,0.975080471877722
6699,-1.8512812736668711,-1.6961665429109063,0,3,1.1487187263331289
6700,2.4458132317743604,2.8270037391987275,1,2,4.445813231774361
6701,-0.210977462854127,0.2208698659662706,0,1,0.789022537145873
6702,-4.629280275145495,-5.349302999857434,0,3,-1.6292802751454953
6703,-2.784742158589224,-2.737855256160049,0,3,0.21525784141077597
6704,-0.6806656848939029,-0.6602570405408593,1,1,0.3193343151060971
6705,-2.0478768055580145,-1.47226553046741,0,3,0.9521231944419855
6706,-1.0546041286681254,-0.8711147117038736,0,1,-0.05460412866812536
6707,-0.0659869914792354,0.5132600729387486,0,0,-0.0659869914792354
6708,2.679664206398342,2.895631246352403,0,2,4.679664206398342
6709,-0.8524475778290885,-0.8821140596535755,1,1,0.14755242217091147
6710,2.4633266573219763,2.54087042593724,1,2,4.463326657321977
6711,2.966075258856053,3.575514025697039,0,2,4.966075258856053
6712,2.896678023844261,2.377905289643761,1,2,4.896678023844261
6713,0.4381937941017522,0.8005755981499652,1,0,0.4381937941017522
6714,-3.7450559334685942,-3.996102329956909,0,3,-0.7450559334685942
6715,0.75680524293424,0.4198136092347587,0,0,0.75680524293424
6716,2.2555276344931023,2.664898181139572,1,2,4.255527634493102
6717,-0.3366364661919615,-0.6898713681963591,0,1,0.6633635338080385
6718,3.3602661997753627,3.5110960865454928,0,2,5.360266199775363
6719,1.8713236001585,1.6757470312945937,1,2,3.8713236001585
6720,1.309312223136722,0.3665375447781326,0,2,3.309312223136722
6721,2.292256009191028,2.4833424012327674,1,2,4.2922560091910285
6722,0.4568048793703972,0.507333388553113,1,0,0.4568048793703972
6723,-5.074966371935273,-0.019540719248506047,0,3,-2.0749663719352727
6724,-0.9668981547010286,-1.2463339713165733,0,1,0.03310184529897142
6725,2.2244798621136885,1.5016830154287666,1,2,4.2244798621136885
6726,-1.3409901281707337,-1.048314173252168,0,3,1.6590098718292663
6727,-0.9273343992639876,-0.3721371181799489,1,1,0.07266560073601236
6728,-2.245420530879973,-1.9056242888614987,0,3,0.7545794691200269
6729,3.465931889829572,3.861583952549609,1,2,5.465931889829572
6730,2.794196181881677,2.587064019614952,1,2,4.794196181881677
6731,-2.046983616328697,-1.828212411884547,0,3,0.953016383671303
6732,0.4196539032865817,0.4160264512297174,1,0,0.4196539032865817
6733,-1.3549313682175026,-1.280805561781975,0,3,1.6450686317824974
6734,1.5445164824713369,1.9274890666531457,1,2,3.544516482471337
6735,1.3284114436616217,1.798606411920516,1,2,3.3284114436616217
6736,1.7100204189473205,1.554117863091914,1,2,3.7100204189473205
6737,0.726484545215917,0.1634266206738974,1,0,0.726484545215917
6738,-0.016698388017014752,-0.019540719248506047,1,2,1.9833016119829852
6739,-2.586863933597376,-2.67457324772293,0,3,0.413136066402624
6740,-3.7001186115382434,-3.586279459532581,0,3,-0.7001186115382434
6741,-0.7660453007831362,-0.432846933397487,0,1,0.23395469921686385
6742,-3.0127713893710006,-3.778604175564624,0,3,-0.012771389371000641
6743,-2.9269905775843577,-3.195355998060948,0,3,0.07300942241564234
6744,-2.181122301939065,-2.566677577666041,0,3,0.8188776980609349
6745,-1.656896554369356,-1.1565390388926395,0,3,1.343103445630644
6746,-1.6127473981491929,-1.696095755490148,0,3,1.3872526018508071
6747,-0.016698388017014752,1.0188823931243758,1,2,1.9833016119829852
6748,-0.8144582562525781,-0.599137579273947,0,3,2.185541743747422
6749,-0.4708743093360025,-0.7080768497024116,0,1,0.5291256906639975
6750,2.003652373542029,1.9975744628232897,1,2,4.003652373542029
6751,-1.503493321697321,-0.7778648416525105,0,3,1.496506678302679
6752,-0.4267806917050434,0.2877354378496141,0,1,0.5732193082949566
6753,0.8046063407507729,0.6416526115256452,1,0,0.8046063407507729
6754,-3.907433022328525,-3.980377743192356,0,3,-0.907433022328525
6755,-4.941811512925625,-5.189422913217947,0,3,-1.941811512925625
6756,0.6758073248846361,-0.0945387851314319,1,0,0.6758073248846361
6757,1.1813808846303615,1.595856622669049,0,0,1.1813808846303615
6758,4.04014510864224,5.008681955310946,1,2,6.04014510864224
6759,0.4948592042552491,0.3174794291949399,1,0,0.4948592042552491
6760,1.786893568639724,1.4601760777240154,1,2,3.786893568639724
6761,-0.4507327665759137,-0.5598714851119163,1,1,0.5492672334240862
6762,0.8722144638940881,0.9062328830255222,1,0,0.8722144638940881
6763,3.263404349260927,2.809192305178174,1,2,5.263404349260927
6764,-3.9460762637287448,-4.1294676481223975,0,3,-0.9460762637287448
6765,0.9140579114515556,1.320016813026763,0,0,0.9140579114515556
6766,4.268000276464029,4.318952530250938,1,2,6.268000276464029
6767,0.3865081623511542,0.8946625736027463,0,0,0.3865081623511542
6768,3.2834938804386877,3.429401021583288,1,2,5.283493880438687
6769,-1.2991762017577688,-1.7347431092669363,0,3,1.7008237982422312
6770,-0.3157542653776081,-0.5461598560655119,0,1,0.6842457346223919
6771,0.0235263202336416,0.1228911456554342,0,0,0.0235263202336416
6772,-4.595942794736959,-5.044978505121402,0,3,-1.5959427947369589
6773,-2.219157301904644,-2.7200851950688865,0,3,0.780842698095356
6774,-1.932494063622332,-2.4093742849686217,0,3,1.067505936377668
6775,1.3987490208060067,1.605070775931533,1,2,3.3987490208060067
6776,2.0867677570414944,1.9402717508724796,1,2,4.086767757041494
6777,0.6223626785360407,1.0953393309732196,1,0,0.6223626785360407
6778,1.453201516723709,1.094633363545054,1,2,3.453201516723709
6779,-0.1767478694019112,-1.1597079765834506,0,1,0.8232521305980888
6780,2.314572443428077,2.262290395906791,1,2,4.3145724434280766
6781,0.0012295500578448,0.660251562215373,1,0,0.0012295500578448
6782,0.0348724460110971,0.0487002127905395,1,0,0.0348724460110971
6783,-0.6945328528978028,-1.2433701501509504,0,1,0.30546714710219725
6784,1.5137003617532363,0.863989723270538,1,2,3.5137003617532363
6785,-0.8996579138046639,-0.4204971482352677,0,1,0.10034208619533613
6786,1.665532395960287,1.3425576873835223,1,2,3.665532395960287
6787,-2.154086256588827,-1.537368125526215,0,3,0.845913743411173
6788,-2.4389489796611388,-2.177311600120625,0,3,0.5610510203388612
6789,1.1442014757179566,0.8363739899560826,1,2,3.1442014757179564
6790,0.0614328118294378,0.5282875495540942,0,1,1.0614328118294378
6791,-1.147050812148299,-1.5166096734536063,1,1,-0.14705081214829896
6792,1.3168264935654213,0.737891648587422,0,2,3.3168264935654213
6793,-1.0899505311798698,-1.4366486885176482,0,3,1.9100494688201302
6794,-0.4611751944969657,-0.1536805338608781,0,1,0.5388248055030342
6795,2.754924875914696,3.21011167151523,1,2,4.754924875914696
6796,3.0153846129512605,2.856973707804096,1,2,5.0153846129512605
6797,3.1911304083443994,2.443805883888741,1,2,5.191130408344399
6798,-0.7147954022484362,-1.3375019866996587,0,1,0.2852045977515638
6799,2.756628784882093,2.329570556138348,1,2,4.756628784882093
6800,-2.193151751599236,-2.710750503299286,0,3,0.806848248400764
6801,-1.7248307661086977,-1.618658615682871,0,3,1.2751692338913023
6802,-4.572487504473405,-3.797241166583624,0,3,-1.572487504473405
6803,3.1938060516303843,3.5121166812406197,1,2,5.193806051630384
6804,-1.9327065872077205,-2.383998925204016,0,3,1.0672934127922795
6805,-0.0496303166600886,-0.3273806229267108,0,1,0.9503696833399113
6806,-2.018820834659911,-2.2185371063794337,0,3,0.9811791653400892
6807,1.2689977085101676,1.424683375307402,1,2,3.2689977085101676
6808,-0.5738055289427311,0.0546963653980727,0,1,0.42619447105726893
6809,-2.602685534158094,-2.7896456859384355,0,3,0.3973144658419061
6810,0.5238963948463004,1.139407311273576,0,0,0.5238963948463004
6811,-2.518048220709754,-1.6764838373408626,0,3,0.48195177929024613
6812,-1.7808136023869758,-1.920776348902466,0,3,1.2191863976130242
6813,-4.2943296872334455,-4.444587535657969,0,3,-1.2943296872334455
6814,-2.796759373929941,-2.941007120886387,0,3,0.203240626070059
6815,0.4820736988417703,0.507069693116925,1,0,0.4820736988417703
6816,-3.536851217947556,-3.680122856660286,0,3,-0.536851217947556
6817,-3.2943050791245705,-2.940634094568848,0,3,-0.2943050791245705
6818,0.160452609519573,-0.4590799026375397,1,1,1.160452609519573
6819,-0.9386118533760898,-1.1524606914945346,1,3,2.0613881466239103
6820,3.9566402897437936,4.088310158972688,0,2,5.956640289743794
6821,3.8252478310119953,4.1732816338762,1,2,5.825247831011995
6822,-1.5489901219749975,-0.6708760965027014,1,3,1.4510098780250025
6823,0.8378826798095629,0.3222725887571864,1,2,2.837882679809563
6824,1.8485184149350689,1.5877014492601664,1,2,3.848518414935069
6825,-1.506710166676435,-2.41327279596737,0,3,1.493289833323565
6826,-3.2181463292441626,-3.662093932185308,0,3,-0.21814632924416255
6827,-0.0769544333409344,-0.7845245521145515,0,1,0.9230455666590656
6828,0.0392967530091895,-0.1692222050165419,0,1,1.0392967530091894
6829,-0.9331803198919156,-1.0245265569485682,1,1,0.06681968010808437
6830,0.8782469583188083,1.066028654253833,0,0,0.8782469583188083
6831,-1.2150434932302847,-1.3344833053582534,0,3,1.7849565067697153
6832,-2.3640587236713806,-2.176083891506519,0,3,0.6359412763286194
6833,-0.0175214018864714,0.0281082649511057,1,0,-0.0175214018864714
6834,0.6884932180900889,0.2751639357900155,1,0,0.6884932180900889
6835,-2.0791315210389505,-2.753641003375302,0,3,0.9208684789610495
6836,1.8703542213931896,2.103827021351616,0,2,3.87035422139319
6837,-3.1548306237409043,-2.4962294297351013,0,3,-0.15483062374090428
6838,-1.0086399321788555,0.0055140724939506,0,3,1.9913600678211445
6839,-0.6449788596739147,-0.2707969791800663,0,1,0.35502114032608534
6840,-1.2622321644108438,-0.6792260796332189,0,3,1.7377678355891562
6841,-1.300764570730761,-1.1161806891151869,0,3,1.699235429269239
6842,3.608462358486474,3.729266112722559,1,2,5.608462358486474
6843,-0.8059513278726459,-0.7615509183560347,0,3,2.194048672127354
6844,5.08616834695059,5.043844489342244,0,2,7.08616834695059
6845,1.0464731572634385,1.2893037794350923,0,0,1.0464731572634385
6846,0.0594742115623711,-0.1487646209835183,0,0,0.0594742115623711
6847,1.2663975200315476,1.2074205393966708,1,0,1.2663975200315476
6848,5.279738618862492,4.808552105676736,1,2,7.279738618862492
6849,-1.6108617499913418,-1.4208910823653782,0,3,1.3891382500086582
6850,-1.8742130081930888,-2.2578520246516893,0,3,1.1257869918069112
6851,-1.8055502507633463,-1.7920522545712612,0,3,1.1944497492366537
6852,-0.1576816039248597,0.0425148335320924,0,0,-0.1576816039248597
6853,-3.652299812717874,-3.4179432401699485,0,3,-0.6522998127178741
6854,-0.1441096500292714,0.1644937650969024,1,0,-0.1441096500292714
6855,3.451784739679422,3.3664681296202,1,2,5.451784739679422
6856,0.1894540908303916,0.3838796025862666,1,0,0.1894540908303916
6857,-0.1708512097980501,-0.3655013150429318,0,1,0.8291487902019499
6858,-0.8553849209509272,-1.6437344061550163,0,3,2.144615079049073
6859,1.795731090287321,2.007854799783945,1,2,3.7957310902873207
6860,-1.2606003032461373,-1.1412050605004804,0,3,1.7393996967538627
6861,3.990418766646537,4.395748167806191,1,2,5.9904187666465365
6862,3.776578183593263,3.766462698444622,1,2,5.776578183593263
6863,0.1116585285184628,-0.5296068177685018,0,0,0.1116585285184628
6864,-0.066623853145436,-0.103276166891125,0,1,0.933376146854564
6865,1.9323951902674243,2.2870274161633155,1,2,3.9323951902674246
6866,2.2308981294838164,2.4213120530023877,1,2,4.230898129483816
6867,-1.594137804743881,-1.652835633901815,0,3,1.405862195256119
6868,-1.0405067344935583,-1.7059304256588317,0,3,1.9594932655064417
6869,-2.539957921090758,-2.950364703052327,0,3,0.46004207890924187
6870,0.5756254872513785,0.7665210319919258,1,0,0.5756254872513785
6871,1.415527822427723,0.7494649615980113,1,2,3.4155278224277232
6872,-2.787774506325947,-2.9150724722286814,0,3,0.21222549367405286
6873,-0.8704013696595808,-0.855032498069012,0,1,0.12959863034041919
6874,-2.5030258661162605,-2.043051003780236,0,3,0.49697413388373946
6875,-2.042479575131881,-1.7966833546796643,0,3,0.9575204248681191
6876,1.045775389918685,1.4308998830482706,1,2,3.045775389918685
6877,-1.4906709801623317,-1.369929650549288,0,3,1.5093290198376683
6878,-0.7045057063787256,-1.0426700992633229,0,1,0.29549429362127444
6879,-3.0746575566680394,-3.320121743831458,0,3,-0.07465755666803942
6880,0.2299027476892342,-0.1431611080072773,0,0,0.2299027476892342
6881,-0.1996267195777654,0.0366856171927167,1,1,0.8003732804222345
6882,-1.5999023266567374,-1.8774712142257608,0,3,1.4000976733432626
6883,-0.1596175130771879,-0.3172176382885813,0,1,0.840382486922812
6884,0.2621009385244454,0.2710974337991848,0,0,0.2621009385244454
6885,-1.537727219641977,-0.881202241009465,0,3,1.462272780358023
6886,-2.557384067757544,-2.294530504580252,0,3,0.4426159322424561
6887,3.5961851813035133,3.28704381146307,1,2,5.596185181303513
6888,-1.0441332734139137,-0.9833942105207564,1,3,1.9558667265860863
6889,0.140750610444847,0.8012753146431824,1,1,1.140750610444847
6890,2.22711778204871,2.4731895134202864,1,2,4.22711778204871
6891,-0.016698388017014752,-0.019540719248506047,1,2,1.9833016119829852
6892,-2.3605513479780087,-2.7266471194331143,0,3,0.6394486520219913
6893,0.6421787088259507,0.2454045078247026,0,0,0.6421787088259507
6894,-1.571113202218203,-0.9948212720742156,0,3,1.428886797781797
6895,-1.1985156454798056,-0.6960031511343433,0,3,1.8014843545201944
6896,-0.9923016179787234,-1.2423164090929697,1,3,2.0076983820212764
6897,-2.4138268384522235,-2.672458926375155,0,3,0.5861731615477765
6898,-0.2480780738216888,-0.2302013607567753,0,1,0.7519219261783112
6899,-3.157789570146268,-3.1279219517088843,0,3,-0.15778957014626815
6900,2.0055774854098933,1.6206471136806944,1,2,4.005577485409893
6901,0.1385301506005258,0.0388778806411085,0,0,0.1385301506005258
6902,1.062221741208193,0.4807804332669089,1,0,1.062221741208193
6903,-0.7981252906769749,-0.2891970087125605,0,1,0.2018747093230251
6904,-1.01048583776831,-1.714618042900982,0,1,-0.010485837768309914
6905,0.4136722563325821,-0.2949035124245169,1,0,0.4136722563325821
6906,-2.0550355151564865,-1.8810197333517145,0,3,0.9449644848435135
6907,-0.7566405177420327,-1.2513910128756542,0,1,0.24335948225796733
6908,-1.4817086641533057,-1.6820946474071214,1,3,1.5182913358466943
6909,-1.811073810765092,-1.7858046663240457,0,3,1.188926189234908
6910,-4.413207766908988,-4.143087434962253,0,3,-1.4132077669089878
6911,2.6180010234266584,2.5295681762471087,1,2,4.618001023426658
6912,-1.566687465417477,-0.8550187465055593,0,3,1.433312534582523
6913,2.2136415578466155,2.213465962382652,1,2,4.213641557846616
6914,2.177769784101634,2.654087667405131,1,2,4.177769784101634
6915,-2.469678394959183,-2.3582560828125856,0,3,0.5303216050408168
6916,-2.494860735996551,-1.6423768327936183,0,3,0.5051392640034491
6917,5.117532317209548,5.540877718779224,1,2,7.117532317209548
6918,3.3845287367423365,3.4019166469313817,1,2,5.384528736742336
6919,-0.1927199884479708,0.0588122983150215,0,1,0.8072800115520292
6920,0.5412831366613141,0.4369567944489413,1,0,0.5412831366613141
6921,-1.3717831804322198,-1.4801431157742668,1,3,1.6282168195677802
6922,1.1411330273700149,0.6197686961557805,1,0,1.1411330273700149
6923,-1.196751426194731,-1.5200560671815824,0,3,1.803248573805269
6924,-3.828341869808361,-3.003953315746073,0,3,-0.8283418698083609
6925,-2.7420936121201622,-3.223706160631594,0,3,0.2579063878798378
6926,-0.1503142712826899,-0.4125113563961454,0,0,-0.1503142712826899
6927,-2.245728485127552,-2.283215955911193,0,3,0.7542715148724479
6928,-0.1646246030843225,-0.1887883209853506,0,1,0.8353753969156775
6929,-2.271086711350399,-2.117596383458015,0,3,0.728913288649601
6930,-1.7998547343373794,-1.9875030175830048,0,3,1.2001452656626206
6931,1.6980270189727693,1.876177565771304,1,2,3.6980270189727693
6932,0.4141472052297146,0.8711013816884048,1,0,0.4141472052297146
6933,0.1183405647809095,0.6249935023735097,0,1,1.1183405647809095
6934,1.8909491564455985,1.7839444361908623,1,2,3.8909491564455987
6935,1.181377147779238,1.425914519340424,1,0,1.181377147779238
6936,2.6412674721267275,2.182814023270252,1,2,4.641267472126728
6937,-0.8395068630915539,-1.128193281200486,0,1,0.16049313690844613
6938,-1.004763098301752,-1.4742564577779689,0,1,-0.004763098301751922
6939,-2.8463013749449075,-2.864599250448768,0,3,0.15369862505509246
6940,-0.9436818821345816,-1.287369592678559,1,1,0.056318117865418404
6941,2.143280784631815,1.5350033611098972,1,2,4.1432807846318145
6942,2.525511073810171,2.371108984777711,1,2,4.525511073810171
6943,2.2337012681651585,1.5422677578527777,1,2,4.2337012681651585
6944,-3.478608029994806,-2.947730788536349,0,3,-0.4786080299948061
6945,2.087472329525353,1.864463105028044,1,2,4.087472329525353
6946,-3.44502756076286,-3.050901131307608,0,3,-0.4450275607628602
6947,1.885314002667552,1.688487006653563,1,2,3.8853140026675517
6948,-0.9220809308314516,-1.400056061211692,0,1,0.0779190691685484
6949,1.7768271549838144,2.247036743526182,1,2,3.776827154983814
6950,-2.6130009311718365,-2.577519497928741,0,3,0.3869990688281635
6951,2.346094503809392,3.1008582181743103,1,2,4.346094503809391
6952,-3.1010560261909013,-3.287665196684187,0,3,-0.10105602619090126
6953,-1.1010021681848077,-1.2789742880113808,1,3,1.8989978318151923
6954,-1.892734170065809,-1.4908178331781654,0,3,1.107265829934191
6955,-3.3827220695859497,-2.978021009386332,0,3,-0.3827220695859497
6956,0.087548866471783,0.1489210210776436,0,0,0.087548866471783
6957,3.778998350055936,5.113105625979194,1,2,5.778998350055936
6958,5.516173163354178,5.4039488464260375,1,2,7.516173163354178
6959,0.060555926416271,-0.447229368371336,0,0,0.060555926416271
6960,1.9499645221988464,1.5489425059665602,1,2,3.9499645221988464
6961,0.5804638877248592,0.4705680919811685,0,0,0.5804638877248592
6962,0.6830969996152776,1.290607001811938,1,0,0.6830969996152776
6963,-0.6538941466869218,-0.7284316915455938,0,1,0.3461058533130782
6964,0.3007048298877428,0.927125669234198,0,0,0.3007048298877428
6965,1.3186904513706414,1.4924604975218914,1,2,3.3186904513706414
6966,-1.235488235906104,-0.8021405173618976,0,3,1.764511764093896
6967,0.066465994614785,0.2213334452655067,1,1,1.066465994614785
6968,-0.2197021268675817,-0.0680029242188068,0,1,0.7802978731324183
6969,1.852804835672972,2.153889076115401,1,2,3.852804835672972
6970,-1.7199960344879948,-1.946679427322293,0,3,1.2800039655120052
6971,-0.3166938448885512,-0.5389792627075463,0,1,0.6833061551114488
6972,3.8824180824515766,4.022236876917415,1,2,5.882418082451577
6973,2.877876788353888,3.654321378556297,1,2,4.877876788353888
6974,2.711675863157995,2.095374573051203,1,2,4.7116758631579945
6975,0.0612213344019979,-0.750452913374013,0,0,0.0612213344019979
6976,0.7996949168422502,0.6941973823508051,1,0,0.7996949168422502
6977,2.012688506224801,2.425027338422299,1,2,4.012688506224801
6978,2.779065860147752,2.799616294419824,1,2,4.779065860147751
6979,-3.6767483507979857,-4.144480289524004,0,3,-0.6767483507979857
6980,-3.03147229687273,-2.9998348981261747,0,3,-0.0314722968727299
6981,2.5355298725776274,1.842340587424364,1,2,4.535529872577627
6982,-0.3122935617062775,-0.0607267373566074,0,1,0.6877064382937226
6983,-1.4147500642447115,-1.5383932708259485,0,3,1.5852499357552885
6984,-2.6470612724840885,-2.6798742723022606,0,3,0.3529387275159115
6985,-0.9341806220549068,-0.7633064338504498,1,3,2.0658193779450933
6986,-2.974961524214527,-2.8926859572640837,0,3,0.025038475785473135
6987,3.9377434015465633,3.721239572054119,0,2,5.937743401546563
6988,0.0100306935375096,0.423475828596098,0,1,1.0100306935375096
6989,-0.1524857432079533,0.166287282647668,0,1,0.8475142567920467
6990,0.9274187274978952,0.2177050506081893,1,2,2.927418727497895
6991,2.052080846532113,1.959983777943073,1,2,4.052080846532113
6992,1.9846738342247252,1.5525591167462145,1,2,3.984673834224725
6993,2.075292884494017,1.5680696448158478,1,2,4.075292884494017
6994,-1.319957502806702,-1.1059040534020546,0,3,1.680042497193298
6995,-0.5016550615118912,-0.6693595737779874,0,1,0.4983449384881088
6996,1.7761355948349642,1.7190269352564005,1,2,3.7761355948349644
6997,-1.1113367653011048,-1.379210738811929,0,3,1.8886632346988952
6998,0.1207244345471788,0.26879461567511,1,1,1.1207244345471787
6999,0.9105675722665484,1.181906326394161,1,0,0.9105675722665484
7000,1.7462316231625477,2.6143335683530777,1,2,3.7462316231625477
7001,-3.547500084991709,-3.61988979079097,0,3,-0.5475000849917091
7002,1.2470261969646186,0.667659207054414,0,2,3.247026196964619
7003,-0.5599479463434448,-0.761505422516052,0,1,0.4400520536565552
7004,1.4834861148850915,1.8223100834377544,1,2,3.4834861148850917
7005,1.917556260385976,1.6084981843338528,1,2,3.917556260385976
7006,3.119026197599059,2.526175157817067,1,2,5.119026197599059
7007,2.867864783947886,2.567137709432658,1,2,4.867864783947886
7008,2.6275320350852405,2.4141856679855147,1,2,4.62753203508524
7009,2.909434389509704,2.476366570323841,1,2,4.909434389509704
7010,0.8858373194846103,0.9728279251311852,0,0,0.8858373194846103
7011,0.217228690357766,0.1856197778750781,1,0,0.217228690357766
7012,1.4973743118084777,1.8132564081359963,1,2,3.4973743118084775
7013,1.3496668981037268,1.171322964133491,1,2,3.3496668981037265
7014,-0.3668882045882485,-0.1436622971608478,1,1,0.6331117954117516
7015,0.8380224261422352,0.6411141085327688,1,0,0.8380224261422352
7016,-0.2999609574923615,-0.751805902215856,0,1,0.7000390425076385
7017,-1.871656305914856,-2.0888639600132293,0,3,1.128343694085144
7018,2.721620187294934,2.074313311674815,1,2,4.721620187294934
7019,0.3092805413037045,1.024566797296896,1,0,0.3092805413037045
7020,4.100987575694136,4.157987474808537,1,2,6.100987575694136
7021,-2.7559217802124447,-3.07408453634463,0,3,0.24407821978755528
7022,-0.9487270729956048,-1.0997847379084291,0,3,2.051272927004395
7023,0.0165814594551627,-0.9636041338408652,0,0,0.0165814594551627
7024,2.111620985637959,2.685362275666686,1,2,4.111620985637959
7025,0.6039618842765618,1.1385811019622554,0,0,0.6039618842765618
7026,0.6880297724575768,0.7310465341216154,1,0,0.6880297724575768
7027,-2.3522829940909755,-2.224498075665613,0,3,0.6477170059090245
7028,-1.979134043662257,-2.4862047544325216,0,3,1.020865956337743
7029,0.9382716811633812,0.4602837230591744,1,0,0.9382716811633812
7030,-2.6015986781372717,-3.2805171378123643,0,3,0.39840132186272825
7031,-1.2995547351700365,-1.3639819694794726,0,3,1.7004452648299635
7032,0.8673908836612341,1.2918050456076071,1,2,2.8673908836612343
7033,-1.7135130394053315,-1.8667988908862696,0,3,1.2864869605946685
7034,3.098098684764593,3.2371770168356395,1,2,5.098098684764593
7035,2.672301035259685,3.0638345932171114,1,2,4.672301035259685
7036,-3.0479192120696483,-3.697559483260864,0,3,-0.04791921206964833
7037,-1.854398909401337,-1.1161727392496263,0,3,1.145601090598663
7038,-4.712121051576988,-4.249192896604481,0,3,-1.7121210515769878
7039,-1.5840314938012168,-1.3784744066970462,0,3,1.4159685061987832
7040,1.5707065441197785,1.9403443563342075,1,2,3.5707065441197785
7041,-0.6212821048894894,-0.2328515835794615,0,1,0.37871789511051057
7042,0.744447367105184,0.8615033217411089,1,0,0.744447367105184
7043,-3.097232005068711,-2.5259208239116835,0,3,-0.09723200506871121
7044,1.6049151355502675,1.423850996103286,1,2,3.6049151355502675
7045,-0.9776827843194666,-0.7929583022413073,0,3,2.022317215680533
7046,-0.1573535029387449,0.371303617561279,1,0,-0.1573535029387449
7047,-0.4490629613635485,-1.525542863787233,1,1,0.5509370386364515
7048,-2.408304011442558,-2.233118673052895,0,3,0.5916959885574422
7049,-2.6097584864689054,-2.3199164950915634,0,3,0.3902415135310946
7050,2.1925848809592856,1.5092083346055083,1,2,4.192584880959286
7051,0.7667990955068096,0.8795271299134431,1,0,0.7667990955068096
7052,1.790591866651964,1.4731094745081084,1,2,3.790591866651964
7053,0.5532324271243378,0.7119549397608325,1,0,0.5532324271243378
7054,0.3618059962322804,0.32380627766798,1,0,0.3618059962322804
7055,-3.558561454844529,-3.937092722512646,0,3,-0.5585614548445288
7056,-0.5367274437574701,-0.0928619783168896,0,1,0.46327255624252994
7057,0.0932470323335692,-0.0740989772622328,1,1,1.0932470323335692
7058,3.865776329467624,3.973761847076257,1,2,5.865776329467624
7059,1.186501728904128,1.7121207782977672,1,2,3.186501728904128
7060,-0.016698388017014752,2.6456477661914164,1,2,1.9833016119829852
7061,1.4780434390813084,1.481263138270439,1,2,3.4780434390813086
7062,-1.085593584832322,-1.2837244428496577,0,3,1.914406415167678
7063,-0.1697368024887523,-0.278608660303842,0,0,-0.1697368024887523
7064,0.6906528743667615,1.5530869575293444,1,0,0.6906528743667615
7065,-1.828281596334292,-1.6455712427061804,0,3,1.171718403665708
7066,-0.5839782173618123,-0.4585411467129299,0,1,0.4160217826381877
7067,-0.5216316394078699,-0.3119967058352858,0,1,0.47836836059213006
7068,2.857586963229939,3.029690814262925,1,2,4.857586963229939
7069,-4.044583293052464,-4.774908708646538,0,3,-1.0445832930524643
7070,2.223441389175543,3.1421457173844263,1,2,4.223441389175543
7071,-2.151248956215736,-2.736996766271194,0,3,0.8487510437842638
7072,-3.007838651033921,-2.314800944623409,0,3,-0.007838651033921007
7073,2.480067016559995,2.727273162568896,1,2,4.480067016559995
7074,1.4916866316746016,1.5639982389283902,1,2,3.4916866316746016
7075,2.6655306091373143,2.543336618706657,1,2,4.665530609137314
7076,1.7352189459904266,2.777283166427746,0,2,3.7352189459904266
7077,4.035503290558051,4.277299114627821,1,2,6.035503290558051
7078,1.1033529591134796,1.1104281850808393,1,2,3.1033529591134794
7079,-0.4152422580028249,-0.6293473398069609,1,1,0.5847577419971751
7080,0.643787200069587,0.3817278925707528,1,0,0.643787200069587
7081,2.2934873090957137,2.3137316479645995,1,2,4.293487309095713
7082,-1.480653791745367,-1.8528950044098644,0,3,1.519346208254633
7083,-1.0887530152664104,-0.8168925960885121,0,3,1.9112469847335896
7084,-0.7812426351600121,-1.039499582054547,0,1,0.21875736483998787
7085,-3.952911668450396,-3.5509294626720664,0,3,-0.9529116684503962
7086,0.298861116130682,0.6918960686551967,0,0,0.298861116130682
7087,-3.7240416126208897,-3.7462158842705664,0,3,-0.7240416126208897
7088,-0.2337672780562655,-0.0016463861142747,1,0,-0.2337672780562655
7089,1.3691270503573527,1.621272614168072,1,2,3.3691270503573527
7090,-0.9249296487317348,-1.5098622923896552,0,1,0.07507035126826522
7091,3.512178165300144,4.204855360761593,1,2,5.512178165300144
7092,-3.0552778875659663,-3.157575373280828,0,3,-0.0552778875659663
7093,2.716540143380283,2.994769548746563,1,2,4.716540143380283
7094,1.4972613076647048,1.7867107120858343,1,2,3.4972613076647048
7095,-3.613734746962975,-4.609549583577138,0,3,-0.613734746962975
7096,5.427758331491767,5.16498665359198,1,2,7.427758331491767
7097,0.3678952557367501,0.7040427839071726,1,1,1.36789525573675
7098,-2.0034808448712047,-1.9785798610971237,0,3,0.9965191551287953
7099,-2.708520401785013,-2.432932667249785,0,3,0.29147959821498715
7100,-0.5045849658640166,-0.467638341285943,0,1,0.4954150341359834
7101,-0.113434486596217,0.378318230925041,0,1,0.886565513403783
7102,0.4587457863430052,0.5043593417207695,0,0,0.4587457863430052
7103,-0.6728397301901938,-0.1032040914780033,0,1,0.32716026980980617
7104,1.490233074571622,1.098221643686804,1,2,3.4902330745716217
7105,-0.3310189864721005,-0.3820750142636783,1,1,0.6689810135278995
7106,-3.856673287012095,-4.09403311444491,0,3,-0.8566732870120952
7107,-0.1417452538004453,0.0137091718244607,0,1,0.8582547461995547
7108,-4.853043460787212,-4.964510638740242,0,3,-1.8530434607872124
7109,0.7113931235890215,0.6195874487515668,1,0,0.7113931235890215
7110,-1.9939354791069197,-2.275842024407018,0,3,1.0060645208930803
7111,0.4861078949633201,0.3018136881919026,0,0,0.4861078949633201
7112,2.8690851502005934,2.8649743246339225,1,2,4.869085150200593
7113,-1.919428360359492,-2.7279664208327614,0,3,1.080571639640508
7114,2.4292370861708203,1.5085315437583495,1,2,4.42923708617082
7115,-0.5607696450599806,-0.5371112681369875,0,1,0.4392303549400194
7116,3.675760352767151,2.568089726673734,1,2,5.675760352767151
7117,-0.8335105327407724,-0.9107674434640008,1,1,0.16648946725922764
7118,-1.8033517343613636,-1.954217238837849,0,3,1.1966482656386364
7119,1.212000629852569,1.4288157777969184,1,2,3.212000629852569
7120,-0.6817462451996397,-0.9505535968204114,0,1,0.31825375480036033
7121,-1.9252526697558896,-1.2974467620391033,0,3,1.0747473302441104
7122,-0.8203121705853809,-0.4810470212932071,1,1,0.17968782941461914
7123,-0.3054349339308254,-0.9103525465914312,1,1,0.6945650660691747
7124,2.8490694864581028,2.735330943468366,1,2,4.849069486458102
7125,-3.864731574373042,-3.253857516699492,0,3,-0.8647315743730419
7126,0.3128890302728068,0.0338362681129932,1,0,0.3128890302728068
7127,1.4780981049723405,1.456941174962176,1,2,3.4780981049723403
7128,0.6739102323840145,1.2355612627259251,1,0,0.6739102323840145
7129,2.9118940825248907,2.6956558360997795,1,2,4.91189408252489
7130,-0.1199644927194089,0.3292274833137478,1,1,0.8800355072805911
7131,-0.6008614976568113,-0.964861338702259,0,1,0.3991385023431887
7132,0.9741544830272107,-0.1808910570312369,1,2,2.9741544830272106
7133,-0.2187420759604883,0.2726696506157624,0,0,-0.2187420759604883
7134,-0.9975506432465608,-0.8220566272235704,1,1,0.002449356753439158
7135,1.046052810713689,1.2478785208474754,1,2,3.046052810713689
7136,-1.4169874225983228,-1.8541725391204325,0,3,1.5830125774016772
7137,-1.2583814249206244,-1.6637224715193697,0,3,1.7416185750793756
7138,-0.957444959638947,-0.4972703517444911,0,3,2.042555040361053
7139,2.645325268719663,2.7426081916813683,1,2,4.645325268719663
7140,-0.016698388017014752,-0.019540719248506047,0,3,2.983301611982985
7141,0.7805509360131982,0.8689216008588639,1,0,0.7805509360131982
7142,-0.1111544689541245,0.4922477430507957,1,0,-0.1111544689541245
7143,-3.415898217872053,-3.126422927051025,0,3,-0.41589821787205317
7144,0.8880089511566052,0.698150872202542,0,0,0.8880089511566052
7145,0.897402922843829,0.3360077783958083,1,0,0.897402922843829
7146,1.533469973384349,1.7686914781154632,1,2,3.5334699733843493
7147,-5.017328928702304,-5.386916132955995,0,3,-2.0173289287023044
7148,2.616917761993068,2.143966986945562,1,2,4.616917761993069
7149,-1.697698162652837,-1.1713984879032098,0,3,1.302301837347163
7150,1.3626246611223136,1.7115869598255724,1,2,3.3626246611223136
7151,1.71281311404395,1.8670874847161487,1,2,3.71281311404395
7152,-1.8514323524843237,-2.346791176859224,0,3,1.1485676475156763
7153,1.5025379643555286,2.2182443886623613,1,2,3.5025379643555286
7154,-0.5292984839974988,-0.117751158111159,0,1,0.4707015160025012
7155,-4.297559488748836,-4.419073729173793,0,3,-1.2975594887488358
7156,2.2002736333978405,1.9941616101334945,1,2,4.20027363339784
7157,-1.4075575196070782,-1.3761616230835043,0,3,1.5924424803929218
7158,-1.6786174155477944,-1.869984882163255,0,3,1.3213825844522056
7159,-0.94334404138218,-0.0586024586681367,0,1,0.056655958617820024
7160,0.4740373610308587,0.3198260111489127,1,0,0.4740373610308587
7161,-0.1286447321896883,-0.5557978808057793,1,1,0.8713552678103117
7162,0.7831629644232487,1.4185293077564798,1,2,2.7831629644232487
7163,-2.5258501117607786,-2.753474845075621,0,3,0.47414988823922144
7164,-1.5805111786493076,-1.265939135402616,0,3,1.4194888213506924
7165,-0.7887373894026869,-0.5185823469682587,1,1,0.2112626105973131
7166,3.791000391655521,3.767575571437499,1,2,5.791000391655521
7167,-0.3759393286062176,-0.765138034415296,0,1,0.6240606713937824
7168,2.5082089657837985,2.488935794992442,1,2,4.5082089657837985
7169,-0.0399786666153582,-0.5079231091482458,0,0,-0.0399786666153582
7170,-1.186845947590859,-1.1963330526056204,0,1,-0.18684594759085904
7171,-0.3918623142364779,-0.0827497276526146,1,1,0.6081376857635221
7172,-0.4689288976592789,0.2181831288175202,0,1,0.5310711023407211
7173,1.0514002376710307,0.6162605912933153,1,2,3.0514002376710305
7174,2.8511228117179903,2.750939370119619,0,2,4.851122811717991
7175,0.511268233794729,0.3013438001046167,0,0,0.511268233794729
7176,2.08270062584362,2.1921963768466157,1,2,4.08270062584362
7177,-1.5843798748405038,-2.193103225364832,0,3,1.4156201251594962
7178,-0.016698388017014752,-1.0848263409579189,0,1,0.9833016119829853
7179,-1.5014469254142069,-2.1782535486416608,0,3,1.4985530745857931
7180,0.6281937398093179,0.0528719235432763,1,0,0.6281937398093179
7181,-0.6167438987355963,-0.8809190163004306,0,1,0.3832561012644037
7182,1.654213363991075,2.32256640912143,1,2,3.654213363991075
7183,-2.013198481527885,-1.874158290754832,0,3,0.9868015184721148
7184,0.1592912518356993,0.1852896012756219,1,0,0.1592912518356993
7185,1.2723749867824643,1.8111293883938584,1,2,3.2723749867824643
7186,-4.168401798983745,-4.014962646510377,0,3,-1.1684017989837452
7187,4.275401188153388,4.46643163271219,1,2,6.275401188153388
7188,-0.5676394843702858,-0.7568492704422063,1,1,0.4323605156297142
7189,-3.902966447691832,-4.157897789935465,0,3,-0.9029664476918322
7190,0.4136051089766908,-0.1108456709158767,0,0,0.4136051089766908
7191,-0.2347469059281336,-0.4751827323446904,1,0,-0.2347469059281336
7192,-0.4353534005580745,-0.5475627661976954,1,1,0.5646465994419255
7193,1.908438888901474,2.0463264679082425,1,2,3.908438888901474
7194,1.8606149953424769,1.8459116293245956,1,2,3.860614995342477
7195,0.4254340155473698,0.2794062292002943,1,0,0.4254340155473698
7196,0.8586667259707447,0.4939960252120449,0,0,0.8586667259707447
7197,-0.3159861042674774,-0.1563353810853932,1,1,0.6840138957325226
7198,3.4401728216624807,3.2410663868489444,1,2,5.440172821662481
7199,-2.922744087934522,-2.7812254847377265,0,3,0.07725591206547788
7200,0.5594588036709234,-0.2058500401664912,0,0,0.5594588036709234
7201,0.221242942353678,0.3558114075416357,1,0,0.221242942353678
7202,1.4658546198437674,1.764617380962263,1,2,3.4658546198437676
7203,-1.1370618526891572,-0.889249508943658,0,3,1.8629381473108428
7204,-3.471630560600847,-3.550318730741125,0,3,-0.47163056060084685
7205,0.1982018409199636,0.5643291670897146,0,0,0.1982018409199636
7206,0.8448802593727262,0.3356967061903871,1,0,0.8448802593727262
7207,2.8853846953065343,2.849702269223922,1,2,4.885384695306534
7208,-2.208141361652684,-2.2854996821169635,0,3,0.7918586383473158
7209,2.1352589752401068,2.549818850856542,1,2,4.135258975240107
7210,5.020834805838517,4.212637537628697,1,2,7.020834805838517
7211,-0.7153202421886153,-1.1385721293595352,0,1,0.28467975781138466
7212,-2.3236739924459613,-1.624773668993755,0,3,0.6763260075540387
7213,-0.4335955910064334,-1.4058220405444182,0,1,0.5664044089935666
7214,-0.1985115233614893,0.1272580653135109,1,0,-0.1985115233614893
7215,1.3827301141654935,1.1025992489546368,1,2,3.3827301141654935
7216,-1.4645702405611758,-1.362689199102736,0,3,1.5354297594388242
7217,2.9009601972450385,3.46647315878878,1,2,4.9009601972450385
7218,-2.389746521974611,-2.2724637735430786,0,3,0.6102534780253892
7219,-3.377682977110028,-2.8038696264056204,0,3,-0.3776829771100281
7220,2.2200240239616065,2.0230843516468857,1,2,4.2200240239616065
7221,-4.582669279244967,-4.72673978158213,0,3,-1.5826692792449668
7222,-0.3790124819409601,-0.06427558240187,0,1,0.6209875180590398
7223,-0.016698388017014752,-0.019540719248506047,1,2,1.9833016119829852
7224,0.1095625188684075,0.3485010712836086,1,1,1.1095625188684075
7225,-2.022701934269473,-1.5491802476383998,0,3,0.977298065730527
7226,0.2492120349799004,0.596546792694856,0,1,1.2492120349799003
7227,-0.1058740517273624,-0.7374386779059955,1,1,0.8941259482726376
7228,0.2170820882800498,0.080529777460241,1,0,0.2170820882800498
7229,1.447233190156277,1.5599661837782055,0,2,3.447233190156277
7230,-2.3070732999884025,-2.404630715840159,0,3,0.6929267000115975
7231,3.239355284051265,3.271101689407878,1,2,5.239355284051265
7232,0.6901047580237937,0.8081330557314976,1,0,0.6901047580237937
7233,1.4287624178400666,1.218135169553039,1,2,3.4287624178400664
7234,-1.497937291182893,-1.5753128433652386,0,3,1.502062708817107
7235,2.274803660918032,1.8023897697152904,1,2,4.274803660918032
7236,-0.504361481747368,-0.6954981965102965,0,1,0.49563851825263205
7237,0.7834843343806654,0.1728128932743392,1,0,0.7834843343806654
7238,-1.6405029988679811,-1.5939043205909047,0,3,1.3594970011320189
7239,-1.9716871522256865,-2.0489760339691063,0,3,1.0283128477743135
7240,1.7781924967249911,1.4118744119055395,0,2,3.778192496724991
7241,-0.9081777336028644,-0.1940738100713256,0,1,0.09182226639713564
7242,-1.7353596996882363,-1.8335242929069728,0,3,1.2646403003117637
7243,-1.7998538660018608,-1.6852326883700128,0,3,1.2001461339981392
7244,1.3084335536025993,1.0529802876644143,1,2,3.3084335536025993
7245,-1.087672715425523,-1.253411923720443,0,3,1.912327284574477
7246,0.0774824041676126,0.207247792507027,0,1,1.0774824041676125
7247,-0.1359914261592629,-0.268891846082018,1,0,-0.1359914261592629
7248,-3.742247306161988,-3.740925963406681,0,3,-0.7422473061619881
7249,-2.7328770042823787,-2.410147158140993,0,3,0.2671229957176213
7250,0.6747974091343049,0.4675869373267639,1,0,0.6747974091343049
7251,-1.9307148138108403,-2.463579287105995,0,3,1.0692851861891597
7252,2.1629078224756872,1.5524021066043217,1,2,4.162907822475687
7253,2.0859003333132677,2.6612759478680124,1,2,4.085900333313267
7254,1.2488527537071823,1.6213114339374104,1,2,3.2488527537071823
7255,3.588712668450318,3.851032535325414,1,2,5.588712668450318
7256,-0.397277863912119,-0.5716989862609241,0,1,0.6027221360878809
7257,0.7837343420916076,0.250502337696474,1,2,2.7837343420916074
7258,-0.9634010708345307,-1.07632171623299,1,3,2.036598929165469
7259,4.903990118977077,4.866648370462659,1,2,6.903990118977077
7260,4.286802304213035,3.8341816375141233,1,2,6.286802304213035
7261,0.1952253074168193,-0.3926372178026287,1,0,0.1952253074168193
7262,0.7023305074772946,0.0102054649157216,1,0,0.7023305074772946
7263,2.7019590667087297,2.9649163417262674,1,2,4.70195906670873
7264,-0.1810435314741794,-0.6631868575553852,1,1,0.8189564685258206
7265,-1.1198714582482607,-0.9961073299618854,1,3,1.8801285417517393
7266,1.8125136281621672,1.6533936867992678,1,2,3.812513628162167
7267,0.377997121225237,0.6138522847356915,0,0,0.377997121225237
7268,0.3066551519556265,0.4409849567432333,1,0,0.3066551519556265
7269,-1.867971395493068,-1.960746362649583,0,3,1.132028604506932
7270,-3.448306147439019,-3.396124777355332,0,3,-0.44830614743901886
7271,0.5133217979054389,0.4691873545547537,1,0,0.5133217979054389
7272,1.5696170040405422,1.3234781437873135,1,2,3.569617004040542
7273,-0.718957914981408,-0.3269248007982628,1,1,0.28104208501859196
7274,2.962336298412419,2.79310679711562,1,2,4.962336298412419
7275,-1.4891040211051738,-1.5238440796057655,0,3,1.5108959788948262
7276,-2.1425770910642403,-2.7086271309272427,0,3,0.8574229089357597
7277,-0.2063991475324272,-0.096781305994502,0,1,0.7936008524675728
7278,0.1389350296500614,-0.105297609208123,0,1,1.1389350296500613
7279,1.792289694749445,1.6015502310862844,1,2,3.792289694749445
7280,-1.797396386135803,-2.13322073048958,0,3,1.202603613864197
7281,2.6296298310137067,2.5800312518583675,1,2,4.629629831013707
7282,4.103834778610426,3.3012457325956284,1,2,6.103834778610426
7283,0.0420991934839646,0.3150419986492684,0,1,1.0420991934839645
7284,2.49112924790268,2.475663338030989,1,2,4.4911292479026805
7285,-2.3405141822433677,-2.5274284227242503,0,3,0.6594858177566323
7286,2.0139350731331227,1.3946428068167556,1,2,4.013935073133123
7287,1.9911993036096671,2.1644259782016557,0,2,3.991199303609667
7288,1.7822734266035771,1.528542402485547,1,2,3.7822734266035773
7289,0.3096192531988596,0.8320540012981854,0,1,1.3096192531988595
7290,-0.016698388017014752,-0.019540719248506047,0,3,2.983301611982985
7291,-1.4886613368153068,-0.8747990613404574,0,3,1.5113386631846932
7292,-1.2735493307347927,-1.218761314419364,0,3,1.7264506692652073
7293,-1.750162080018143,-1.3190329755532808,0,3,1.249837919981857
7294,-0.0448905842580082,0.1402178338612786,0,0,-0.0448905842580082
7295,-0.5472000608674797,-0.7275926257489983,0,1,0.45279993913252026
7296,-1.6836302919531778,-1.608746284559524,0,3,1.3163697080468222
7297,-2.264464296958314,-2.598058803541889,0,3,0.7355357030416858
7298,-1.7510638283228892,-0.9235520551331404,1,3,1.2489361716771108
7299,2.384302578383982,2.3439565345018165,1,2,4.384302578383982
7300,-1.3562843483032954,-1.345800231695835,0,3,1.6437156516967046
7301,-0.9957363163156436,-0.839741971662236,0,3,2.004263683684356
7302,-1.0935575782487654,-1.5283357079754565,0,1,-0.09355757824876543
7303,0.6141678207686346,1.1427162630352647,0,0,0.6141678207686346
7304,0.815182727786118,0.4050509074788975,1,0,0.815182727786118
7305,-0.016698388017014752,-0.019540719248506047,0,3,2.983301611982985
7306,1.909359962380054,1.842750357298844,1,2,3.909359962380054
7307,2.565899876350064,2.05418087723423,1,2,4.5658998763500644
7308,-1.5546731256640176,-0.9298969111874672,0,3,1.4453268743359824
7309,-2.2172773389371723,-2.309558646810394,0,3,0.7827226610628277
7310,-0.8642149741680352,-2.1526819733042077,0,1,0.13578502583196483
7311,-1.866413604598018,-1.7864341973480011,0,3,1.133586395401982
7312,0.0484442605696177,0.2698466553112339,0,0,0.0484442605696177
7313,-3.873485274347275,-4.042058173703362,0,3,-0.8734852743472752
7314,-2.200981698519819,-2.7433389088243025,0,3,0.799018301480181
7315,3.330694198510292,3.289371391843692,0,2,5.330694198510292
7316,-1.7765305664928943,-1.9692127533836323,0,3,1.2234694335071057
7317,2.456894412456692,2.066665644513077,0,2,4.456894412456692
7318,0.5207563423672729,0.0952263143293726,1,0,0.5207563423672729
7319,-3.3187330155298063,-3.2562387159548525,0,3,-0.31873301552980626
7320,1.4564286396424573,1.8176373597983195,1,2,3.456428639642457
7321,-0.4846004999353916,-0.2999829647365528,1,1,0.5153995000646083
7322,-0.903341366857354,-1.594540510292706,0,1,0.096658633142646
7323,0.5187246326493072,0.7649158344717003,0,0,0.5187246326493072
7324,0.8801362398124505,1.1891258446232702,1,0,0.8801362398124505
7325,1.5695537411105982,2.127032441449705,0,2,3.569553741110598
7326,2.52285232276564,2.142897220328882,1,2,4.52285232276564
7327,0.7781746859956915,0.7555336302498405,1,0,0.7781746859956915
7328,-2.8074420267322555,-2.5804323266107225,0,3,0.1925579732677445
7329,-0.6474992227688757,-0.8585207020247202,0,1,0.3525007772311243
7330,-0.016698388017014752,-0.019540719248506047,1,2,1.9833016119829852
7331,1.4634541987451322,1.4538436682579692,1,2,3.463454198745132
7332,4.412732793806983,4.074150867144764,1,2,6.412732793806983
7333,2.8596681856593777,2.55517129018316,1,2,4.859668185659378
7334,0.6232208360950308,1.1229365786049734,0,0,0.6232208360950308
7335,0.0519098138825602,-0.3466576510761086,1,0,0.0519098138825602
7336,-0.0227861900900864,-0.489986303757932,1,1,0.9772138099099136
7337,-3.5589476290521462,-3.4211960831594226,0,3,-0.5589476290521462
7338,-0.0080763510894617,-0.0203054648264595,1,0,-0.0080763510894617
7339,2.23987291453173,1.7152243635610347,0,2,4.23987291453173
7340,-1.2289178477231355,-1.4366859173589457,0,3,1.7710821522768645
7341,1.102304313359885,0.775591722055664,1,0,1.102304313359885
7342,1.6139023920232916,1.3572353735245304,0,2,3.6139023920232916
7343,-1.6262461668663142,-0.6162580081436555,0,3,1.3737538331336858
7344,-1.0638719724632513,-1.184903934332863,0,1,-0.06387197246325127
7345,-1.8840717424231104,-2.23657212009197,0,3,1.1159282575768896
7346,-1.6440000422544234,-0.8352850459345635,0,3,1.3559999577455766
7347,-2.504805601548266,-2.149503682271308,0,3,0.49519439845173396
7348,-1.799466271536556,-1.5095360473023924,0,3,1.200533728463444
7349,2.96723640808392,2.633998690363373,1,2,4.96723640808392
7350,-2.3444710817673364,-1.867877738692734,0,3,0.6555289182326636
7351,-0.0310466245701338,0.2954632107230016,0,0,-0.0310466245701338
7352,-0.9223214077401828,-0.8634855750049769,0,3,2.0776785922598173
7353,1.9490242032946308,1.262502954145732,1,2,3.9490242032946306
7354,2.516208522077791,2.50824052108666,0,2,4.516208522077791
7355,1.717271796070564,2.409244081736716,1,2,3.717271796070564
7356,0.4466410786829313,0.5347942065797476,0,0,0.4466410786829313
7357,-0.6004313542205519,-0.7510179650532971,0,1,0.39956864577944806
7358,-2.329432968351781,-2.420815905587249,0,3,0.6705670316482188
7359,4.0889167534003565,4.02521583067483,1,2,6.0889167534003565
7360,-1.7110359117560685,-2.030881597266844,0,3,1.2889640882439315
7361,1.2122810548282088,1.1957831230830829,1,2,3.2122810548282086
7362,1.9728789505813853,2.549972762399605,1,2,3.9728789505813853
7363,-1.5948369441861143,-1.0630549926217228,0,3,1.4051630558138857
7364,2.104367412695426,1.8026330485658004,1,2,4.104367412695426
7365,1.7153699558434092,2.2257289096636867,1,2,3.7153699558434092
7366,3.6592563122267063,3.963712837287807,1,2,5.659256312226706
7367,-1.1128462081415702,-0.8595107930969053,0,1,-0.1128462081415702
7368,-2.8220676442634582,-2.6493028916074044,0,3,0.17793235573654176
7369,-1.0066584013706854,-1.3788089528824676,0,3,1.9933415986293146
7370,0.583561822381957,0.4213305483991106,1,0,0.583561822381957
7371,0.1473955438321897,0.4805629050807201,0,0,0.1473955438321897
7372,-0.7290148653743487,-1.2117630029243278,1,1,0.2709851346256513
7373,-3.590028732407239,-4.00633877456559,0,3,-0.5900287324072391
7374,0.7931386804120723,0.9156176503184346,1,0,0.7931386804120723
7375,3.900694940829794,3.5848818765661528,1,2,5.900694940829794
7376,1.2554235785982475,1.5849813200785543,1,0,1.2554235785982475
7377,1.178908813487502,0.8772216309848837,1,2,3.178908813487502
7378,0.8914232191168894,0.989175277062148,1,2,2.8914232191168896
7379,0.6602221205147408,0.7914507463750333,0,0,0.6602221205147408
7380,1.675695963491941,1.4828580923329504,1,2,3.675695963491941
7381,0.8621798795115858,0.7663212276497484,1,0,0.8621798795115858
7382,-0.8045437400243077,-1.0765483320402898,1,1,0.19545625997569227
7383,-1.5377709694452593,-1.545212851706154,0,3,1.4622290305547407
7384,-0.6451603542694804,-1.029835250304651,0,1,0.3548396457305196
7385,0.2035832852216862,0.1141801846228628,1,0,0.2035832852216862
7386,-0.5708419648495623,-0.2714455617314759,0,1,0.4291580351504377
7387,0.6583701025722387,0.2036696709479702,1,0,0.6583701025722387
7388,0.9818518305426032,0.7870240657514457,1,0,0.9818518305426032
7389,1.5317614187073123,1.739066382701292,1,2,3.5317614187073123
7390,2.4096810426060853,1.5786231299338205,1,2,4.409681042606085
7391,0.2363082086540241,0.978541823213759,0,0,0.2363082086540241
7392,-2.311749215789125,-1.893646050176752,0,3,0.6882507842108749
7393,-0.6879745917371146,-1.3033088238320427,0,1,0.3120254082628854
7394,0.1730421540226277,-0.668636165950073,1,0,0.1730421540226277
7395,-3.735855049239322,-3.724008014305697,0,3,-0.7358550492393219
7396,2.4686029358302277,2.020505257469381,1,2,4.468602935830228
7397,0.4782417088517441,0.8628390249311089,1,0,0.4782417088517441
7398,0.9443885169778022,1.1019893818304776,1,0,0.9443885169778022
7399,2.8732077300875702,2.9225593366224785,1,2,4.87320773008757
7400,-1.2966747479531775,-1.5247773019626183,1,3,1.7033252520468225
7401,1.2674950817157684,1.9074981376315097,1,2,3.2674950817157686
7402,-0.0409758867263052,0.2604049535623689,1,1,0.9590241132736947
7403,-0.0441419970404973,0.197124326567761,0,1,0.9558580029595027
7404,-1.34667955467927,-0.8666571688282931,0,3,1.65332044532073
7405,3.343970672379782,2.9364263269826343,1,2,5.343970672379783
7406,-1.0126507312360162,-0.4987555836203799,0,1,-0.012650731236016233
7407,1.4300601533257524,1.3242168347806975,1,2,3.430060153325752
7408,-3.698699295774012,-3.564807417133032,0,3,-0.6986992957740119
7409,2.501783014443234,2.4391978105744605,1,2,4.501783014443234
7410,2.3752006837788024,1.6240544412293685,1,2,4.375200683778802
7411,0.1758381181832502,0.5587774225721494,0,0,0.1758381181832502
7412,-0.0336874943132263,-0.7634808234762088,0,1,0.9663125056867737
7413,0.4481426072190173,0.0615343672139873,1,0,0.4481426072190173
7414,4.661449696252904,4.480319844081655,1,2,6.661449696252904
7415,-3.686177476243776,-4.467623694647488,0,3,-0.6861774762437758
7416,1.1826103752104946,0.7423613260890114,1,2,3.1826103752104946
7417,-1.8635894795676369,-1.7656614432540243,0,3,1.1364105204323631
7418,-0.3312713322836537,-0.4699318088978684,1,1,0.6687286677163463
7419,-0.5280458177638894,-0.6337069672539497,1,1,0.47195418223611063
7420,-0.84968266597662,-1.215685246372056,0,1,0.15031733402338
7421,0.2027780237617312,0.221250553264887,1,1,1.2027780237617312
7422,-2.5698593175083686,-2.6999585275870084,0,3,0.4301406824916314
7423,2.2400499053850886,1.5836637449777418,1,2,4.240049905385089
7424,-3.568670932341242,-3.649038400169613,0,3,-0.568670932341242
7425,1.285298856378603,0.7885341256113467,0,2,3.2852988563786027
7426,-0.7394219400753678,-0.3803430952983418,0,1,0.26057805992463223
7427,-2.6082987049675963,-2.764901398847038,0,3,0.3917012950324037
7428,0.1612668759542171,1.1698766482465317,1,0,0.1612668759542171
7429,-3.372263664146379,-2.985502649537798,0,3,-0.372263664146379
7430,0.1749904740234004,0.1228828039085329,1,0,0.1749904740234004
7431,-2.550369411180169,-2.318577877890601,0,3,0.4496305888198311
7432,0.8095538633046182,-0.0263658121800335,1,0,0.8095538633046182
7433,-1.7228876076091943,-1.337935844845292,0,3,1.2771123923908057
7434,-1.2066764456857428,-1.5347926445487396,0,1,-0.20667644568574284
7435,0.6239630257217842,0.6598562405395256,1,0,0.6239630257217842
7436,-1.4113717004170463,-1.7024207055570513,1,3,1.5886282995829537
7437,-0.4055529543919788,-0.6540803044893237,0,1,0.5944470456080212
7438,-3.0684376962856783,-3.1408905322774485,0,3,-0.0684376962856783
7439,1.404934635289424,1.4356677452920712,1,2,3.404934635289424
7440,2.9430734816556474,2.9323071293399305,1,2,4.943073481655647
7441,-0.016698388017014752,-0.019540719248506047,1,2,1.9833016119829852
7442,0.253072168511088,-0.3972009144814893,0,0,0.253072168511088
7443,1.719753811137842,2.6525736528434853,1,2,3.719753811137842
7444,-3.6437952016539312,-3.551003070026727,0,3,-0.6437952016539312
7445,2.660924156298105,2.835951094552958,1,2,4.660924156298105
7446,1.6592696007116026,1.5232731563935782,1,2,3.6592696007116023
7447,-0.9843849549857684,-1.3340468328088173,1,1,0.01561504501423161
7448,2.4807846916644825,2.5411989840525524,1,2,4.480784691664482
7449,-0.2914307562508922,-0.1757199919944813,0,1,0.7085692437491078
7450,-0.7636375912565935,-0.2429140402747003,1,1,0.23636240874340653
7451,1.3349173342729053,2.1659644076788243,1,0,1.3349173342729053
7452,-2.095938153885937,-1.505129192289851,0,3,0.9040618461140628
7453,1.9050070412416729,1.198395471873689,1,2,3.9050070412416726
7454,-2.149662993235432,-2.333830249559349,0,3,0.8503370067645681
7455,-2.0169769051386512,-1.8826500571569045,0,3,0.9830230948613488
7456,-1.6162082730180731,-1.7763225339830468,0,3,1.3837917269819269
7457,1.2255932847445006,1.208062558046206,1,2,3.225593284744501
7458,-1.2318432000035815,-2.089897697640854,0,3,1.7681567999964185
7459,-2.374083237326664,-2.008398036933342,0,3,0.6259167626733362
7460,-1.2594017740721002,-2.0095838695946835,0,3,1.7405982259278998
7461,0.1221176296128471,-0.5068781800460862,0,1,1.122117629612847
7462,-2.26332146188557,-2.6691897756022285,0,3,0.7366785381144298
7463,-2.112190096763691,-2.1512036782712105,1,3,0.8878099032363092
7464,4.060640559879182,3.411550417807639,1,2,6.060640559879182
7465,-1.88221114164089,-2.3063680352668223,0,3,1.11778885835911
7466,-0.6420303591215559,-0.182452342197738,0,1,0.3579696408784441
7467,-1.040918359046634,-1.085862500256804,0,1,-0.04091835904663399
7468,-0.8966617368632153,-0.7232429453839905,0,1,0.10333826313678474
7469,1.293268811441338,0.7987716977414401,1,2,3.293268811441338
7470,2.2532130223340534,2.2316786125111614,1,2,4.253213022334053
7471,-0.5313652252092198,-0.5857118677337673,0,1,0.4686347747907802
7472,-2.3479108790100773,-2.666019067372633,0,3,0.6520891209899227
7473,2.781775625107808,2.7613447834606646,1,2,4.781775625107808
7474,-0.3836137001723765,-1.1404638173015438,0,1,0.6163862998276235
7475,3.42762709724014,3.603070594974593,1,2,5.427627097240141
7476,-4.006089276769547,-4.165886363790804,0,3,-1.006089276769547
7477,0.3749819980897388,0.2720942413603476,0,0,0.3749819980897388
7478,4.060498817508857,4.401205138355571,1,2,6.060498817508857
7479,-0.513780695441695,-0.3409673044584913,0,1,0.486219304558305
7480,-0.74660958954681,-0.8739452651712547,1,1,0.25339041045319
7481,0.6531192385818642,0.2064848269370508,1,0,0.6531192385818642
7482,-1.0882421433288696,-0.5567775814138333,1,3,1.9117578566711304
7483,-0.5581521065373788,-1.094200907308453,0,1,0.4418478934626212
7484,-0.826452684341018,-0.5747059233005576,0,1,0.17354731565898196
7485,-1.4782253712351785,-2.1171829489177245,0,3,1.5217746287648215
7486,2.362511100396949,2.729660421654999,1,2,4.362511100396949
7487,0.9025970651760296,1.306837406329457,1,0,0.9025970651760296
7488,0.7382533537266673,-0.0267909835487198,1,0,0.7382533537266673
7489,1.980604177725355,2.160338198800529,1,2,3.980604177725355
7490,-0.2493920971622982,-0.1027906380623563,0,1,0.7506079028377017
7491,-1.3763705945494322,-1.0951508726750216,0,3,1.6236294054505678
7492,-1.4061166616890328,-1.2600205516817051,0,3,1.5938833383109672
7493,-0.0782131527886813,-0.4631394299047703,1,0,-0.0782131527886813
7494,-2.0764382062632043,-2.163331393251153,0,3,0.9235617937367957
7495,-1.127009840788586,-0.4611512262149984,0,3,1.872990159211414
7496,-0.9167921532372793,-1.3599175436171085,0,3,2.0832078467627206
7497,4.393209681308885,4.522352864649354,1,2,6.393209681308885
7498,-5.44037186735474,-4.97987031777272,0,3,-2.44037186735474
7499,-0.1542125218997502,-0.5505136454440083,0,1,0.8457874781002498
7500,3.2704693428869263,2.703754684040601,1,2,5.270469342886926
7501,0.4302546690833475,-0.0761862643771023,0,0,0.4302546690833475
7502,1.3677058568181464,1.5256944014487064,0,2,3.367705856818146
7503,0.0114654396709587,-0.498376069525719,0,0,0.0114654396709587
7504,-1.2282435355956842,-1.2823875518485148,0,3,1.7717564644043158
7505,-4.24065715657803,-3.6921485980567423,0,3,-1.2406571565780302
7506,0.5085140713478077,0.4879908215843552,0,0,0.5085140713478077
7507,-1.5470524044502736,-1.858177519714595,0,3,1.4529475955497264
7508,-1.538640047110306,-1.4884761780249518,0,3,1.461359952889694
7509,-0.9706891283447676,-0.998158269972098,0,1,0.029310871655232384
7510,3.264532634019908,3.445595689541205,1,2,5.264532634019908
7511,4.5611510555189625,5.208808877046503,1,2,6.5611510555189625
7512,0.4186506991621108,0.5773582426969011,1,0,0.4186506991621108
7513,-0.9135630806695948,-0.1000500759632331,0,1,0.0864369193304052
7514,-2.352186359228874,-2.170065597837857,0,3,0.6478136407711261
7515,1.072300645822121,0.7653681287389034,1,0,1.072300645822121
7516,3.52271585689742,4.43803705458886,1,2,5.52271585689742
7517,-0.3820849376693423,-0.4320121446074291,0,1,0.6179150623306577
7518,-4.786909434971738,-5.20886632772814,0,3,-1.7869094349717383
7519,1.7047711360383409,2.634262601490315,1,2,3.7047711360383406
7520,1.9869421682453885,1.6936954137731963,1,2,3.9869421682453883
7521,-2.703546758466559,-3.012502531280917,0,3,0.2964532415334409
7522,0.4233706855440785,0.202782482326315,0,0,0.4233706855440785
7523,0.8597165981545545,0.9255671634834364,1,0,0.8597165981545545
7524,-0.3261041992698119,0.0462403597097429,0,1,0.6738958007301881
7525,-1.870119552982246,-2.929636198457521,0,3,1.129880447017754
7526,1.833585990247881,2.2041861843724817,1,2,3.8335859902478813
7527,-0.9826807537701632,-1.2044945947020156,0,1,0.017319246229836827
7528,-2.891408321317429,-3.056566098581482,0,3,0.10859167868257114
7529,-4.204182045551399,-3.518105321182873,0,3,-1.2041820455513994
7530,2.559084450509519,2.644407714457119,1,2,4.559084450509519
7531,1.489723625417574,1.6688041645636145,1,2,3.4897236254175743
7532,0.1583854239313671,0.1389613780035419,1,0,0.1583854239313671
7533,-0.4647179340082462,-0.159260900455312,0,1,0.5352820659917539
7534,-1.2931590244740936,-0.6459547952921424,0,3,1.7068409755259064
7535,-2.181590006558208,-3.171616119787424,0,3,0.8184099934417919
7536,-0.9707738738419656,-0.5369266775474684,0,1,0.029226126158034438
7537,-4.052873109028948,-3.4340598834788065,0,3,-1.0528731090289476
7538,-1.9200856330102527,-1.7196603338500158,0,3,1.0799143669897473
7539,-0.91049809053775,-1.1814430596196897,0,1,0.08950190946225
7540,1.1982907298906451,0.7373817507305742,1,2,3.198290729890645
7541,0.2304226174551711,1.175160892220476,0,1,1.2304226174551711
7542,1.6350145945585794,1.2730211199094337,1,2,3.6350145945585792
7543,2.427960719374012,3.0350173477965128,1,2,4.427960719374012
7544,1.8769068691101567,2.033111398900466,1,2,3.8769068691101567
7545,1.2756176353261042,2.0939499577320326,1,0,1.2756176353261042
7546,-0.1005016013976797,-0.227805667121626,1,0,-0.1005016013976797
7547,-2.150168691317071,-2.7932010607638262,0,3,0.849831308682929
7548,1.7753626148848047,1.7762309537631815,1,2,3.7753626148848047
7549,3.5617141655604567,2.96713511040029,1,2,5.561714165560456
7550,0.9390240079541956,2.0098482204372345,1,0,0.9390240079541956
7551,3.6445099207990825,3.8963092104314327,1,2,5.6445099207990825
7552,-3.35616454432504,-3.044912364583257,0,3,-0.35616454432503986
7553,-2.2816934716865416,-1.97018535847612,0,3,0.7183065283134584
7554,1.777428242111258,1.499992369861927,1,2,3.7774282421112577
7555,0.6015007810474684,0.5486885840406464,1,0,0.6015007810474684
7556,2.9232011402714155,2.967346992815324,1,2,4.9232011402714155
7557,-0.3776966994551288,0.3998586859126538,0,1,0.6223033005448713
7558,-1.5640118347971108,-2.026848554230044,0,3,1.4359881652028892
7559,-0.6465114932395485,-0.9379450491414684,1,1,0.3534885067604515
7560,-2.8942208776753,-3.039393320165706,0,3,0.10577912232470021
7561,-2.3521726870983444,-2.621631350742601,0,3,0.6478273129016556
7562,1.782093636657918,1.1985230548508978,1,2,3.782093636657918
7563,1.6235942875493794,0.5417124793794093,1,2,3.6235942875493796
7564,0.4368865294568412,-0.2938512568116521,0,0,0.4368865294568412
7565,-3.434069253954245,-2.994457280921649,0,3,-0.4340692539542448
7566,-0.8713418291578685,-0.8746293895495567,0,1,0.1286581708421315
7567,-2.2927401311400457,-1.958524564638418,0,3,0.7072598688599543
7568,2.481077723782114,2.248072285418769,1,2,4.481077723782114
7569,-0.8298128565446443,-0.8691471206482817,0,3,2.1701871434553555
7570,-2.0982299248548832,-1.4529669244713297,0,3,0.9017700751451168
7571,0.1637278836588636,0.7848169259218304,1,0,0.1637278836588636
7572,-1.0002889513036608,-0.6235000982667512,0,3,1.9997110486963392
7573,2.8419552812020745,2.922922396118242,1,2,4.8419552812020745
7574,-1.7672734376329882,-1.5600856666132918,0,3,1.2327265623670118
7575,-2.758437706623584,-2.610182387165427,0,3,0.2415622933764161
7576,-4.590353725357912,-4.657124442819559,0,3,-1.5903537253579119
7577,0.4292147297582476,0.2674668059820885,1,1,1.4292147297582476
7578,-0.832760569300064,-0.3838133911796137,0,3,2.167239430699936
7579,-2.425013946363137,-2.943264965921592,0,3,0.574986053636863
7580,2.390942317844196,2.9858856287436533,0,2,4.390942317844196
7581,1.4446050135988031,1.3344278908996776,1,2,3.444605013598803
7582,-0.1483308442649883,-0.6739522461440615,1,1,0.8516691557350117
7583,2.905237449459084,2.6870355063804383,1,2,4.905237449459084
7584,1.0819634243870146,0.7322002695505051,1,2,3.0819634243870144
7585,-2.1543304409318207,-2.3846001817733606,0,3,0.8456695590681793
7586,-2.236582451879245,-2.4741638593541118,0,3,0.763417548120755
7587,1.3448683937842596,1.0913904852341705,1,2,3.3448683937842594
7588,1.0883192601666092,0.9651364329106752,1,0,1.0883192601666092
7589,0.7026310269573867,0.6767216941329577,1,0,0.7026310269573867
7590,-1.973581420220437,-1.6680375661480498,0,3,1.026418579779563
7591,1.4742382555157558,1.376257202720916,1,2,3.474238255515756
7592,-1.3207207695677443,-1.1903124469167066,0,3,1.6792792304322557
7593,-0.5179286461311312,-0.5149161213117162,0,1,0.4820713538688688
7594,2.815834786587636,3.03206709478482,1,2,4.8158347865876365
7595,-1.4377012160451954,-1.4190310801828514,0,3,1.5622987839548046
7596,-2.996379434420282,-3.25510814454707,0,3,0.003620565579717905
7597,-2.3508502539212235,-2.718130114977458,0,3,0.6491497460787765
7598,1.96882312824335,2.052914967645036,1,2,3.9688231282433497
7599,0.3722753739704953,0.8816267699307508,1,0,0.3722753739704953
7600,-0.1630865207004784,-0.2547363715043724,0,1,0.8369134792995216
7601,-1.0615460169607247,-1.3418914784920055,0,3,1.9384539830392753
7602,0.8636706743183011,0.7612024042096734,1,0,0.8636706743183011
7603,-1.7408690171068626,-1.9654268214678583,0,3,1.2591309828931374
7604,1.0185397038532142,0.7517474962084485,1,0,1.0185397038532142
7605,-1.5458890648497916,-2.123326897449892,0,3,1.4541109351502084
7606,-2.0035198142068653,-2.1012831287116205,0,3,0.9964801857931347
7607,-1.1582881558188305,-1.0639772942814754,0,3,1.8417118441811695
7608,-0.7795198268525151,-1.212281489731736,0,1,0.22048017314748491
7609,-0.3807064580407008,-0.7320423581478425,0,1,0.6192935419592992
7610,0.917210857262722,0.5379860594674368,1,0,0.917210857262722
7611,-0.016698388017014752,-0.019540719248506047,0,3,2.983301611982985
7612,-1.6908750062858,-2.0731118477415067,0,3,1.3091249937142
7613,-0.751172884330459,-0.8303154558608425,1,1,0.24882711566954097
7614,3.356147431058428,2.8193243086404927,1,2,5.356147431058428
7615,-2.495954282068064,-2.550971269053998,0,3,0.5040457179319362
7616,0.380790406083933,0.099403689099767,1,0,0.380790406083933
7617,3.4075150518304005,3.035922228302282,1,2,5.4075150518304005
7618,-2.600191323746616,-2.449307797197363,0,3,0.3998086762533841
7619,0.5408836558681088,0.2848334137425478,1,0,0.5408836558681088
7620,-1.7282230384611714,-1.9162285848882317,0,3,1.2717769615388286
7621,-0.9678909786271108,-0.4486882546270241,0,3,2.0321090213728894
7622,-1.3400608847786566,-1.7080831382754451,0,3,1.6599391152213434
7623,-1.531581785714984,-0.9052319666780384,0,3,1.468418214285016
7624,-0.016698388017014752,5.470038203678407,1,2,1.9833016119829852
7625,1.4018379787339537,0.9473841255851676,1,2,3.401837978733954
7626,1.914732049653407,1.6931527132286002,1,2,3.914732049653407
7627,0.8874268359360024,0.9149367985849508,1,0,0.8874268359360024
7628,-2.924907832429264,-2.4231062884929786,0,3,0.07509216757073611
7629,0.8036908685493681,1.1232207919746804,1,0,0.8036908685493681
7630,2.203821468128017,2.2293842080623,1,2,4.203821468128017
7631,-1.6511830289635174,-1.147200636367868,1,3,1.3488169710364826
7632,2.152494930839599,1.400080111692605,1,2,4.152494930839599
7633,1.286628281200587,1.3864048932245283,1,2,3.2866282812005867
7634,3.8417371113249854,3.9657130019752262,1,2,5.841737111324985
7635,-1.0017425577982637,-0.8728855707666701,0,1,-0.0017425577982637108
7636,-1.7985674333673014,-2.442627899762785,0,3,1.2014325666326986
7637,-0.8833344396044293,-1.2900994002758186,1,1,0.11666556039557074
7638,2.6946641257115225,2.628074356848432,1,2,4.6946641257115225
7639,-3.546877798986316,-3.100961197001725,0,3,-0.546877798986316
7640,-4.1207937445756,-3.354687946288536,0,3,-1.1207937445756002
7641,0.2441610391154134,-0.0216130615179556,1,0,0.2441610391154134
7642,-0.8397158264498487,-1.3636545432382872,0,1,0.16028417355015134
7643,-0.2026226534101184,0.1236819211599303,0,0,-0.2026226534101184
7644,2.2132953282876278,3.2590433328079804,1,2,4.213295328287628
7645,-0.926430251059883,-0.4836539977394092,0,3,2.073569748940117
7646,-3.474221671607818,-3.773674761205428,0,3,-0.4742216716078178
7647,3.983296936577804,5.127752653864688,1,2,5.983296936577804
7648,-1.911151865934518,-1.6364320177469525,0,3,1.088848134065482
7649,-2.078600551577257,-2.3950058370139344,0,3,0.921399448422743
7650,2.4330405526854944,3.206761419220579,1,2,4.433040552685494
7651,-0.536928615717112,-0.8849253402766482,1,1,0.46307138428288797
7652,-0.0881695434779985,-0.336604950942776,0,1,0.9118304565220015
7653,0.6619900217519856,0.9526383506884352,1,0,0.6619900217519856
7654,2.523098583637529,2.5131364564818277,1,2,4.523098583637529
7655,-0.5557238996255162,-0.5409210468236094,0,1,0.44427610037448384
7656,2.9182166035503703,2.933693204207489,1,2,4.91821660355037
7657,-4.190291269816272,-3.744499299468208,0,3,-1.1902912698162718
7658,1.2173557642156496,0.2875995083310003,1,2,3.2173557642156494
7659,-1.4679845025411058,-1.354178948186518,0,3,1.5320154974588942
7660,2.450300284360152,2.334218933527945,1,2,4.450300284360152
7661,0.2399220592536739,-0.0610763537585724,1,0,0.2399220592536739
7662,-1.2969197740976932,-1.5989743412710269,0,3,1.7030802259023068
7663,1.5334501284396838,0.4786062607519958,1,2,3.533450128439684
7664,1.807685629701378,1.4883183882609,1,2,3.807685629701378
7665,1.4107808204397865,1.9269659104155208,1,2,3.4107808204397863
7666,-2.065025860956032,-1.732203909745016,0,3,0.9349741390439679
7667,-0.974471437433026,-1.051024142390823,0,1,0.025528562566974
7668,0.0089497758267894,-0.555552512909473,0,1,1.0089497758267894
7669,-0.1203308894705957,0.2084170194330556,0,1,0.8796691105294043
7670,1.1621769022604085,1.6861162669245755,1,2,3.1621769022604083
7671,-4.183467163752543,-3.7697892954334766,0,3,-1.1834671637525433
7672,0.7176090773293465,0.3301188553347985,1,0,0.7176090773293465
7673,-0.6297869095710236,-0.9757383819160984,0,1,0.37021309042897643
7674,-1.708163049204286,-1.0457985456666004,0,3,1.291836950795714
7675,-1.5496442894269422,-2.0333527060257266,0,3,1.4503557105730578
7676,-0.6017950075822908,-0.4105096613760624,0,1,0.39820499241770924
7677,-0.016698388017014752,-0.019540719248506047,0,3,2.983301611982985
7678,-1.463945490460819,-1.5840716374103851,0,3,1.536054509539181
7679,-1.750601021184217,-1.5165408608904745,0,3,1.249398978815783
7680,1.144242087539191,1.1322557046823458,1,2,3.144242087539191
7681,-1.6471634231981889,-1.437598094776146,0,3,1.3528365768018111
7682,-0.6361586514794637,-1.126640681740962,0,1,0.3638413485205363
7683,2.804936847338848,2.4769360615405853,1,2,4.804936847338848
7684,2.508190481105892,2.70091783250544,1,2,4.508190481105892
7685,1.5785797938339927,1.8573350506549429,1,2,3.5785797938339927
7686,-1.10346986107458,-1.0155447198494352,0,1,-0.1034698610745799
7687,1.1894646190820917,1.5682877157454167,1,2,3.1894646190820914
7688,-0.3956234789940517,-1.0585066544225623,0,1,0.6043765210059483
7689,-0.2880132828415612,-0.4744924629803051,0,1,0.7119867171584389
7690,0.7308272735866643,1.459900782877138,0,0,0.7308272735866643
7691,-1.1462755627139554,-0.6328880311164674,0,3,1.8537244372860446
7692,2.9982749417345795,3.251730207737597,1,2,4.9982749417345795
7693,-0.3826865527041317,-0.444833342046333,1,1,0.6173134472958683
7694,1.2858030808735978,1.6997293322135854,1,2,3.285803080873598
7695,3.1222740678647374,3.29393067572938,1,2,5.122274067864737
7696,2.058867504463285,1.4518913586203936,1,2,4.058867504463285
7697,-2.8209476361097643,-2.4226426572873123,0,3,0.1790523638902357
7698,1.1034239969949653,0.7570066312660721,0,0,1.1034239969949653
7699,1.8937108608850568,2.197586160892328,1,2,3.893710860885057
7700,2.1005133325141943,1.4541242170164748,0,2,4.100513332514194
7701,-2.5778357151251776,-1.938227982285094,0,3,0.4221642848748224
7702,-1.13304663740077,-1.2430051889216176,0,3,1.86695336259923
7703,2.109432480563679,1.6656979476752083,1,2,4.1094324805636795
7704,-1.7006512209159443,-1.976053314144254,0,3,1.2993487790840557
7705,-0.5490745297288595,-0.6838141686543416,0,1,0.4509254702711405
7706,3.3619759685555386,3.3596680819846307,1,2,5.361975968555539
7707,-0.2614302852666597,0.2658279692692065,1,1,0.7385697147333403
7708,-1.365035789863125,-1.3369787432721616,0,3,1.634964210136875
7709,-1.5809639785796068,-2.449330697668615,0,3,1.4190360214203932
7710,0.4512347466640783,-0.0406606582034862,0,0,0.4512347466640783
7711,-2.6947531554434474,-1.5917392384770073,0,3,0.3052468445565526
7712,-0.434478252464354,-0.3803227341991836,0,1,0.565521747535646
7713,0.5072347688714526,0.8875508144756465,1,0,0.5072347688714526
7714,2.422469001276626,2.2991305454790902,1,2,4.422469001276626
7715,1.3080872403674366,0.9062427146846916,1,2,3.3080872403674366
7716,-1.2678022925836192,-1.4603151815363409,0,3,1.7321977074163808
7717,2.485585435365862,2.536915868989223,1,2,4.485585435365862
7718,-0.7713126209322235,-0.9554071558230504,0,1,0.22868737906777648
7719,-2.3409724670756806,-1.5735853604637748,0,3,0.6590275329243194
7720,-0.5112706737642467,-0.7577717914548966,0,1,0.48872932623575327
7721,2.554304442692717,2.1323701985926125,1,2,4.554304442692716
7722,0.2570513859204041,0.5805724898013315,1,0,0.2570513859204041
7723,0.2496376029767198,0.6224386045146983,1,0,0.2496376029767198
7724,3.405615399833981,3.4176062484493754,1,2,5.405615399833981
7725,-2.863024055583493,-3.103881504599784,0,3,0.13697594441650685
7726,-2.654539324823756,-3.4148028504929626,0,3,0.3454606751762439
7727,-3.3096453691569505,-2.8213567601793064,0,3,-0.3096453691569505
7728,0.7670533541322694,1.1144777181009535,1,0,0.7670533541322694
7729,0.1192987570610832,-0.056656570838555,0,0,0.1192987570610832
7730,3.015851265519293,3.039680256891184,1,2,5.015851265519293
7731,0.4438362620015866,0.3531653889929418,1,0,0.4438362620015866
7732,-1.078529210648905,-0.4270371141343692,0,1,-0.07852921064890506
7733,-0.1640999044233008,-0.5792672256049914,0,0,-0.1640999044233008
7734,0.3175161952191925,0.0694915976112245,1,0,0.3175161952191925
7735,-3.341620178668135,-3.628310674293727,0,3,-0.3416201786681352
7736,5.35891093043111,5.48297544500802,1,2,7.35891093043111
7737,0.8574565486962302,0.8799083301751393,0,2,2.8574565486962302
7738,0.7353865811630216,0.815413846548148,1,0,0.7353865811630216
7739,1.062732125621297,0.7104892754048304,1,2,3.062732125621297
7740,1.4691405226255576,2.063099254789716,1,2,3.4691405226255574
7741,-0.3786807886196224,-0.5602988315081172,0,1,0.6213192113803776
7742,-1.255226413953734,-0.780190434195124,0,3,1.744773586046266
7743,1.2904233210314824,2.54606891994402,0,2,3.2904233210314824
7744,0.4973703632213276,0.1480359416955765,1,0,0.4973703632213276
7745,-1.6211034470095138,-1.484149487060995,0,3,1.3788965529904862
7746,3.076216952530497,3.023575497228129,1,2,5.076216952530498
7747,0.9390044513443674,1.7513570733134998,1,0,0.9390044513443674
7748,1.4336359298842352,1.3213743588901952,1,2,3.433635929884235
7749,2.7921780168032195,2.891654607810454,1,2,4.79217801680322
7750,0.4860442480499762,0.5767915758545069,1,0,0.4860442480499762
7751,0.8608888702880704,0.8207293623089338,1,0,0.8608888702880704
7752,1.4965975631611892,1.7987870703079272,1,2,3.496597563161189
7753,-1.573518857777329,-1.536160297595311,0,3,1.426481142222671
7754,0.2994132180494556,0.4921539132674881,1,0,0.2994132180494556
7755,0.0488897472931504,0.134330829235936,0,0,0.0488897472931504
7756,-1.6945717530990183,-1.9363868433832736,0,3,1.3054282469009817
7757,4.702133570097959,4.594548746207875,1,2,6.702133570097959
7758,-2.7110427341793906,-2.4888735930822063,0,3,0.28895726582060943
7759,-2.6475545680703263,-2.427010447308988,0,3,0.3524454319296737
7760,2.502488190557876,3.000491810082554,1,2,4.502488190557877
7761,1.7189310677667489,2.462628726902216,1,2,3.718931067766749
7762,-2.1012770910722507,-2.309704641968654,0,3,0.8987229089277493
7763,1.1323910148886134,1.186340678200469,1,2,3.132391014888613
7764,2.919673476418658,2.842311152597935,1,2,4.919673476418658
7765,-0.0219216886503829,-0.4648447436099335,0,1,0.9780783113496171
7766,4.991480774805274,5.217302830327043,1,2,6.991480774805274
7767,-3.561097920577453,-3.249963054975111,0,3,-0.5610979205774531
7768,1.2640404929369928,0.8332440024623868,1,2,3.264040492936993
7769,2.502112733363376,2.3523129976932484,1,2,4.502112733363376
7770,1.6054952896105157,1.416659480638778,1,2,3.6054952896105155
7771,-0.7598650248429074,-1.3632349061329747,0,1,0.2401349751570926
7772,-0.9743018766035296,-0.9888528086695788,0,1,0.025698123396470374
7773,0.5942143152393713,0.1361176446639436,1,0,0.5942143152393713
7774,1.903816613873761,1.967414090375892,0,2,3.903816613873761
7775,1.208188192461537,1.3158368024454532,1,2,3.208188192461537
7776,2.180365598948219,2.3375747122701096,1,2,4.180365598948219
7777,-1.9304423687092047,-1.7539134976172528,0,3,1.0695576312907953
7778,-0.4443051745688052,0.1680711120702089,1,1,0.5556948254311949
7779,-1.89498812357777,-2.2184465799040063,0,3,1.10501187642223
7780,-0.5633202662086552,-0.8667129926155499,1,1,0.43667973379134484
7781,2.0596409664911386,2.3217065253615954,1,2,4.059640966491139
7782,0.4957873373031405,0.4429947271768549,0,0,0.4957873373031405
7783,5.337884315357512,-0.019540719248506047,1,2,7.337884315357512
7784,0.2632534796832283,0.487928996629646,1,0,0.2632534796832283
7785,0.0199569563854852,0.7872014877026299,0,0,0.0199569563854852
7786,0.0668728775895766,0.0303414976805002,1,0,0.0668728775895766
7787,-1.0321077813297288,-1.6249236101243625,0,3,1.9678922186702712
7788,-0.196683415344298,-0.0604188473526394,1,1,0.803316584655702
7789,2.0958814948633653,2.0672118316977337,1,2,4.095881494863365
7790,0.2918969444809087,0.5056919390867369,1,0,0.2918969444809087
7791,-1.6063528810414434,-1.3413100063713617,0,3,1.3936471189585566
7792,-1.7912555384422375,-2.005074944480606,0,3,1.2087444615577625
7793,-0.5224410025529181,-0.9260432659629804,1,1,0.47755899744708186
7794,0.3303410300075327,0.2719636900025782,1,0,0.3303410300075327
7795,2.392575181812905,1.440098567503123,1,2,4.392575181812905
7796,-2.962661959574075,-2.930395056059588,0,3,0.03733804042592492
7797,-0.7396450552192396,-0.9026202852737052,0,1,0.2603549447807604
7798,0.4308292593792183,0.7754992771762906,0,0,0.4308292593792183
7799,-3.901619743191232,-4.695959156608478,0,3,-0.9016197431912318
7800,-1.239002506666742,-1.2364643827464872,0,3,1.760997493333258
7801,-1.356893766945263,-0.7264040530584073,0,3,1.643106233054737
7802,-1.5821710690590995,-1.3120105378786922,0,3,1.4178289309409005
7803,0.2504500514516992,0.6427188497268443,1,0,0.2504500514516992
7804,-0.2217716676484511,-0.085878258596472,1,1,0.7782283323515489
7805,-1.342172566506519,-2.006786194466783,0,3,1.657827433493481
7806,1.2889037709255615,1.3555154401665526,1,0,1.2889037709255615
7807,3.7096196962229016,3.873015440248503,1,2,5.7096196962229016
7808,3.4753723225229134,3.044082504846604,1,2,5.475372322522913
7809,-4.123629345282635,-4.174250882626368,0,3,-1.1236293452826347
7810,1.1952270217618293,0.0347987701442626,1,2,3.1952270217618293
7811,-0.1142293005248759,-0.2478685709015992,1,1,0.8857706994751241
7812,0.4289317656022604,0.2543813884757394,1,0,0.4289317656022604
7813,-0.996987888011852,-0.4360921457665129,0,1,0.003012111988147992
7814,0.1051585087126734,-0.1361307323388039,1,0,0.1051585087126734
7815,0.2124275645428393,0.1058847411046477,0,0,0.2124275645428393
7816,-1.2785910815955677,-1.310282592506291,0,3,1.7214089184044323
7817,-1.4869793285083002,-1.7231073380804522,0,3,1.5130206714916998
7818,-1.2815939930036198,-0.993677424270756,0,1,-0.28159399300361976
7819,0.5997023568452984,-0.1972544486974538,0,0,0.5997023568452984
7820,0.939532008382838,1.3941626900404898,1,2,2.9395320083828382
7821,1.5144476571900796,1.5096964098637318,0,2,3.51444765719008
7822,-1.390326719507569,-0.8696678655893986,0,1,-0.39032671950756903
7823,0.4578782483737004,-0.6410146084720082,0,0,0.4578782483737004
7824,2.22715151421444,1.2526597859699966,1,2,4.22715151421444
7825,2.384154638781212,2.267363214947012,1,2,4.384154638781212
7826,-0.3573380176628638,-0.1549718624626395,0,1,0.6426619823371362
7827,-0.2384339150033627,-0.4604070014046324,0,1,0.7615660849966372
7828,0.6285093203865215,0.8620476524195277,0,0,0.6285093203865215
7829,-2.278605649586994,-1.886081746609809,0,3,0.7213943504130058
7830,0.0197308095595019,0.2861306283680491,0,1,1.019730809559502
7831,1.6534856218711826,1.6947930236232152,1,2,3.653485621871183
7832,1.42042476034592,1.4586659002075424,1,2,3.42042476034592
7833,-0.7012109501610361,-0.9471289847163896,0,1,0.2987890498389639
7834,0.5609160992986014,0.5387663696170903,1,0,0.5609160992986014
7835,-1.6059424250604764,-2.0156347799543672,0,3,1.3940575749395236
7836,1.510950096984255,1.197058310039832,1,2,3.510950096984255
7837,-0.2925599961012123,-0.0868143162825103,1,1,0.7074400038987877
7838,-0.526283126520479,-0.7114355791330187,0,1,0.47371687347952096
7839,-0.016698388017014752,-1.181844729897498,0,1,0.9833016119829853
7840,-0.5552141537929228,-0.3755217485189256,0,1,0.4447858462070772
7841,-0.69609437614824,-0.5441345133760731,0,1,0.30390562385176
7842,1.015808275667223,0.9296884414877786,1,2,3.015808275667223
7843,-0.7691298030758782,-0.8287039753645333,0,1,0.2308701969241218
7844,3.2525286179445705,3.418907773896533,1,2,5.25252861794457
7845,2.995733610135373,3.383316456688929,0,2,4.995733610135373
7846,-1.8397027944286597,-1.759268530767155,0,3,1.1602972055713403
7847,0.1936508339145551,-0.2831627302362899,0,0,0.1936508339145551
7848,-1.2071198287153575,-1.295690825820738,0,3,1.7928801712846425
7849,-0.506302163226826,-0.6691620983441927,0,1,0.493697836773174
7850,4.351543203166447,3.930348760616668,1,2,6.351543203166447
7851,-0.016698388017014752,-0.369130897691117,0,1,0.9833016119829853
7852,0.7332618431583978,0.9632028749165312,0,0,0.7332618431583978
7853,0.9012967949465378,1.1917801636289218,1,2,2.901296794946538
7854,-1.914069480186614,-2.31043466181945,0,3,1.085930519813386
7855,-1.576714328190296,-1.5137339533586267,0,3,1.423285671809704
7856,-2.4505053796725638,-2.4530154728102143,0,3,0.5494946203274362
7857,-1.6630189669587463,-1.5400577296219922,0,3,1.3369810330412537
7858,-0.016698388017014752,-0.019540719248506047,0,3,2.983301611982985
7859,1.223363332005041,1.2183449540385187,1,2,3.223363332005041
7860,4.290908145318088,4.2378186415282695,1,2,6.290908145318088
7861,0.475367051419151,0.9181032954293592,1,0,0.475367051419151
7862,-2.8089688534529547,-3.153694456460669,0,3,0.19103114654704534
7863,-1.4935463961233062,-1.5628147444293257,0,3,1.5064536038766938
7864,-1.040136300578358,-0.6075880338559738,0,1,-0.04013630057835793
7865,-1.9161380896498057,-2.2405604592623694,0,3,1.0838619103501943
7866,2.210127737938359,1.906092566840764,1,2,4.210127737938359
7867,1.5523759344442514,1.8459523122249752,1,2,3.5523759344442514
7868,-2.219736051957691,-2.7893015882165084,0,3,0.7802639480423088
7869,1.3389515773991354,1.603204026609733,0,2,3.3389515773991354
7870,2.8588319183047104,2.662978086605925,1,2,4.858831918304711
7871,3.669853237743647,3.833853483951816,1,2,5.669853237743647
7872,5.313929650831391,4.82563582400914,1,2,7.313929650831391
7873,-1.5332982863048448,-1.059267779681497,0,3,1.4667017136951552
7874,5.202414802207484,4.715519342251667,1,2,7.202414802207484
7875,-0.7611784230977031,-0.4711982816790415,1,1,0.23882157690229688
7876,-1.4205564898310397,-1.8907414433414336,0,3,1.5794435101689603
7877,0.4772687066832497,1.2005890551188751,0,0,0.4772687066832497
7878,-0.8888181362382912,-0.9173708489803428,1,3,2.1111818637617086
7879,0.8383016792993306,1.618644517298124,1,0,0.8383016792993306
7880,-2.833233607310944,-3.160788602275208,0,3,0.1667663926890559
7881,-0.5954086306261708,-0.772468909045689,0,1,0.4045913693738292
7882,2.4180682246349416,2.902355906127809,1,2,4.418068224634942
7883,-0.1228317172780879,-0.6933101259881344,0,1,0.877168282721912
7884,0.3177699104373041,0.0380632480893272,1,0,0.3177699104373041
7885,1.329632164080335,1.5276595359560678,1,0,1.329632164080335
7886,1.9580631054357789,1.5505508747572456,1,2,3.958063105435779
7887,-3.317411887330457,-3.1086849185228385,0,3,-0.317411887330457
7888,1.105934565167965,1.1740963191766525,1,2,3.1059345651679653
7889,-0.34696857294017,-0.9524268224370438,0,1,0.6530314270598301
7890,0.4042394142593558,0.7913469294527423,1,0,0.4042394142593558
7891,2.2379727811477417,1.732999543869914,1,2,4.237972781147741
7892,-2.319356065620672,-2.010844426831497,0,3,0.680643934379328
7893,-2.211687107942887,-2.160296948645174,0,3,0.788312892057113
7894,-3.62860682012901,-3.810611806011307,0,3,-0.62860682012901
7895,-0.9386169026044192,-1.3807779125887727,0,3,2.0613830973955807
7896,2.8439706471025814,2.975678377265841,1,2,4.843970647102582
7897,0.0116356571544938,-0.337374260236517,1,1,1.0116356571544938
7898,-2.59671477117918,-2.113533380758149,0,3,0.40328522882081996
7899,-0.6751590083265955,-0.1773787646052358,1,1,0.3248409916734045
7900,-2.9001954926239177,-2.2433818842295192,0,3,0.09980450737608226
7901,-2.294183921067245,-2.1818249462371218,0,3,0.705816078932755
7902,0.7763170384307536,0.6145931162314031,0,0,0.7763170384307536
7903,-2.352515406239281,-2.471276438507544,0,3,0.6474845937607192
7904,2.121390345988495,1.9733553128675931,1,2,4.121390345988495
7905,0.1841371880133722,0.283339403345015,0,1,1.1841371880133722
7906,0.2304484809897844,0.4050913832252254,1,0,0.2304484809897844
7907,-0.5377982400492067,-0.0451724936424475,0,1,0.46220175995079327
7908,1.6233505280727332,1.6313998943111458,1,2,3.6233505280727334
7909,2.162290678901451,1.6009997466880277,1,2,4.162290678901451
7910,0.443763866104411,0.2807954955196502,1,0,0.443763866104411
7911,0.960570509472041,1.5829112214946504,1,2,2.960570509472041
7912,-0.7002935433302505,-1.322924971519056,0,1,0.2997064566697495
7913,1.037886166131,1.3335461502915529,1,2,3.037886166131
7914,-0.6266518622821414,-0.7828811077155177,0,1,0.3733481377178586
7915,-0.0886012593434114,-0.4419869835032197,0,0,-0.0886012593434114
7916,-0.6572328583629489,-0.4989884387180988,0,1,0.34276714163705113
7917,-0.8859561053127654,-0.2615748950636591,0,1,0.11404389468723464
7918,-1.47864516040952,-1.3424674896962514,0,3,1.52135483959048
7919,0.9974153731543386,0.8923976891378429,1,0,0.9974153731543386
7920,2.8440586949754474,2.3256389991329,1,2,4.844058694975447
7921,2.47761003729928,2.4380703728581854,1,2,4.47761003729928
7922,-2.3369280024578303,-2.8697879305736067,0,3,0.6630719975421697
7923,2.7955897851150904,2.6716200965469983,1,2,4.795589785115091
7924,-0.5797513712121172,-0.6049744305687587,1,1,0.4202486287878828
7925,1.169737825082563,0.225521228798373,0,2,3.1697378250825627
7926,-1.9668812782710607,-1.4115523964359062,0,3,1.0331187217289393
7927,0.2057241950208664,-0.2896843942273089,1,0,0.2057241950208664
7928,0.5227092592584353,0.4483255787901573,1,0,0.5227092592584353
7929,-2.8228751185151237,-2.609341820190117,0,3,0.17712488148487626
7930,1.2858908436072178,1.8093107308788892,1,2,3.285890843607218
7931,2.8312215882194907,2.514360385670358,1,2,4.83122158821949
7932,-0.5813632625832861,-1.5850373669724442,1,1,0.4186367374167139
7933,3.006686158504241,3.438151644908756,1,2,5.006686158504241
7934,-0.4647830612061675,-0.9645810157766516,0,1,0.5352169387938325
7935,1.479165733678302,1.6229430311117932,1,2,3.479165733678302
7936,-4.524983484866562,-4.356347604812304,0,3,-1.5249834848665618
7937,5.334308757144429,4.033496984075795,1,2,7.334308757144429
7938,2.9133731171876005,2.2674384085698245,1,2,4.9133731171876
7939,-0.6342703028015428,-0.818594785488397,0,1,0.36572969719845716
7940,-3.9825989894135714,-5.0162501569892655,0,3,-0.9825989894135714
7941,0.5463326599246873,0.0111121494217221,0,0,0.5463326599246873
7942,-3.0441463073077646,-2.994994883257098,0,3,-0.04414630730776459
7943,0.9183496917562022,0.8829562309196948,1,0,0.9183496917562022
7944,1.03825041996823,1.1593121922259386,1,0,1.03825041996823
7945,-1.819948474908308,-1.640260083416767,0,3,1.180051525091692
7946,2.019700987448758,1.3469691606569127,1,2,4.019700987448758
7947,1.542280224625605,1.0283409192605495,1,2,3.542280224625605
7948,1.8413411945568008,2.145887670361621,1,2,3.841341194556801
7949,0.0283033009847509,0.638035397385823,1,0,0.0283033009847509
7950,-2.56495779951495,-2.951921019059835,0,3,0.43504220048505005
7951,1.9259679852180984,2.029530222856881,1,2,3.925967985218098
7952,-0.5583737720456605,-0.2355406147201024,0,1,0.4416262279543395
7953,-2.4240313226214525,-2.3290090757457387,0,3,0.5759686773785475
7954,2.879319930282984,2.7798134081145918,1,2,4.879319930282984
7955,4.313631297426325,4.057371299646729,1,2,6.313631297426325
7956,0.3091300651019491,1.1032377470081658,1,1,1.309130065101949
7957,4.4162045601653865,4.454688176776177,1,2,6.4162045601653865
7958,-0.2146759711728052,-0.0590991586858953,0,0,-0.2146759711728052
7959,-0.5943786567566302,-0.4646506244578653,0,1,0.40562134324336985
7960,-1.579318599794685,-1.90428596259501,0,3,1.420681400205315
7961,3.3645658897019746,3.384894299027697,1,2,5.364565889701975
7962,-1.9030364776013915,-2.031933552752632,0,3,1.0969635223986085
7963,1.3771675378699908,1.241108501402437,1,2,3.377167537869991
7964,-1.1910845760403908,-1.0643009196328852,0,3,1.8089154239596092
7965,-1.074637346595077,-1.4408945358892131,0,1,-0.07463734659507693
7966,1.9907289885008936,1.508813620179395,1,2,3.9907289885008934
7967,-0.5535613485065968,-0.3524713243444287,0,1,0.4464386514934032
7968,-0.9523813412724972,-1.1650255783239651,0,1,0.047618658727502816
7969,2.3746375702517226,2.236631282141028,1,2,4.374637570251723
7970,3.0016646585217863,2.2301460374511217,1,2,5.001664658521786
7971,1.2514796912900408,1.6367128041606944,1,2,3.251479691290041
7972,-1.2447716979824084,-1.0351652132161309,0,3,1.7552283020175916
7973,-1.2205226819188708,-0.9372951677941388,0,3,1.7794773180811292
7974,-0.102513559102063,0.0524166890570347,1,0,-0.102513559102063
7975,0.7402357539670927,0.1338529724909869,1,0,0.7402357539670927
7976,-1.751115740411416,-1.6595161545397552,0,3,1.248884259588584
7977,1.4302628752622533,1.1866094743242737,1,2,3.4302628752622533
7978,0.0795640779678572,-0.3055787641255585,1,0,0.0795640779678572
7979,-3.4002815597385814,-3.200262263160293,0,3,-0.40028155973858137
7980,-1.8467569811683848,-1.1833534144673128,0,3,1.1532430188316152
7981,-0.959676839161077,-0.3623410715785404,0,3,2.040323160838923
7982,-0.6513643977448531,-0.4025063903406067,0,1,0.3486356022551469
7983,3.5647367327747994,3.5526454689911207,0,2,5.564736732774799
7984,0.3072965911918858,0.2210796628243206,1,0,0.3072965911918858
7985,-1.6513702540949375,-2.0131716886722284,0,3,1.3486297459050625
7986,0.4784371853387797,0.3705439118561091,1,0,0.4784371853387797
7987,-0.5769393971709547,-0.2135298133356968,0,1,0.42306060282904534
7988,0.701032828909171,1.4302884817191457,1,0,0.701032828909171
7989,0.9009883599937624,0.5743958372081468,1,2,2.9009883599937623
7990,2.707862217964888,1.909856824096208,1,2,4.7078622179648875
7991,0.2058106693444215,-0.0065389291005003,0,1,1.2058106693444215
7992,3.026281597194281,3.387863242342735,1,2,5.026281597194281
7993,1.882586383947219,2.711497300210847,1,2,3.8825863839472188
7994,-1.533963966672979,-1.0099474840102576,0,3,1.466036033327021
7995,4.447484129337037,4.961598214288388,1,2,6.447484129337037
7996,0.8646510824685694,0.5248269409986732,1,0,0.8646510824685694
7997,-1.2442281546802785,-1.572783904099882,0,3,1.7557718453197215
7998,3.456081643489365,2.9265577885828824,1,2,5.456081643489365
7999,4.214542117418916,3.948350222968744,1,2,6.214542117418916
8000,-0.1340147611007805,0.2316243522636856,0,1,0.8659852388992195
8001,-0.9708735465489574,-0.321078671774987,0,3,2.0291264534510427
8002,-0.0727955362416611,0.0654113722714838,1,1,0.9272044637583389
8003,1.4205217036834823,1.318473319679515,0,2,3.420521703683482
8004,2.378490779791498,1.951800852722129,1,2,4.378490779791498
8005,0.8170366886238216,0.7720306262185046,1,2,2.817036688623822
8006,0.3060559904255897,0.3873065214858116,0,0,0.3060559904255897
8007,3.045481165734403,2.4602523366251248,1,2,5.045481165734403
8008,-0.7548545807555037,-0.3862654093527882,1,1,0.2451454192444963
8009,2.2670415018752736,2.09747590335181,1,2,4.267041501875274
8010,-0.6604809695800833,-0.315914633139603,1,1,0.3395190304199167
8011,0.8351170976568272,0.8307491128364335,1,0,0.8351170976568272
8012,-0.2304579562404916,-0.1115712790855688,0,1,0.7695420437595084
8013,-0.1818949137332393,-0.4626745977657623,1,1,0.8181050862667607
8014,-0.7076000217745056,-0.8454461361006854,0,1,0.29239997822549435
8015,2.9200110915479893,3.176827940892772,1,2,4.920011091547989
8016,-1.6943484558407549,-1.746947749736104,0,3,1.3056515441592451
8017,-1.382760477402615,-1.8247500836814827,0,3,1.617239522597385
8018,4.2764188656115065,4.321048487632418,1,2,6.2764188656115065
8019,1.986447895217604,2.1407179019529647,1,2,3.986447895217604
8020,-4.595858483411255,-4.046703073142442,0,3,-1.5958584834112548
8021,-1.1206579933773757,-0.6596366859135867,0,3,1.8793420066226243
8022,-3.527932822742968,-3.553787041284515,0,3,-0.5279328227429678
8023,-1.758208460916281,-1.977142526781979,0,3,1.241791539083719
8024,-0.016698388017014752,-0.019540719248506047,0,3,2.983301611982985
8025,-0.2141424632251251,-0.4236358661762945,1,1,0.7858575367748749
8026,-2.334041159764749,-2.1315766694831706,0,3,0.665958840235251
8027,0.0932741576488976,0.5099402066951576,1,0,0.0932741576488976
8028,-3.314654797060716,-2.81872105334308,0,3,-0.3146547970607161
8029,0.2600397871634571,0.0951572061643911,0,0,0.2600397871634571
8030,-0.8135036144370038,-1.0183141742026511,0,1,0.1864963855629962
8031,3.0828147372405263,2.914656967417074,1,2,5.082814737240526
8032,2.8192102509121,2.0463954708776364,1,2,4.8192102509121
8033,1.249867003526501,0.7687420601077335,1,2,3.249867003526501
8034,-0.6469538781024835,-0.660775080477957,0,1,0.3530461218975165
8035,3.98346838155195,4.135177077729538,1,2,5.983468381551949
8036,-3.057551368248949,-2.861082145095931,0,3,-0.0575513682489488
8037,-2.925863097864473,-3.2380608666126878,0,3,0.07413690213552693
8038,-0.4066601431112317,-0.6031042022389734,0,1,0.5933398568887682
8039,4.632997546821094,4.525196024165309,1,2,6.632997546821094
8040,-0.4593991250470088,-0.6118494845812326,0,1,0.5406008749529911
8041,-0.3322416768815647,-0.057034588615699,0,1,0.6677583231184353
8042,-2.9401127282012776,-3.4633823721860493,0,3,0.05988727179872244
8043,1.890646805386038,1.430928563368861,1,2,3.890646805386038
8044,1.816495439071546,1.6971213208125675,1,2,3.816495439071546
8045,1.3845336849690542,0.8382922036339844,1,2,3.384533684969054
8046,-1.1636950135409934,-1.9238831251236577,0,3,1.8363049864590066
8047,-1.5340375543912357,-2.131428418239137,0,3,1.4659624456087643
8048,-2.5534542046309787,-2.650540040010485,0,3,0.4465457953690213
8049,0.2498370479022828,0.502049374432473,1,0,0.2498370479022828
8050,-2.27817720167762,-2.0176305879204897,0,3,0.7218227983223802
8051,-2.5956101373731744,-1.9604439643575375,0,3,0.40438986262682564
8052,-0.3621643110507413,-0.3214982640223971,0,1,0.6378356889492587
8053,-1.0838667255575176,-0.9893865206259864,0,1,-0.08386672555751762
8054,-0.9512736259236784,-1.0514364407350163,0,3,2.0487263740763217
8055,1.3207819035945474,1.2400513173001435,0,0,1.3207819035945474
8056,0.3160771536713371,1.1482952863094222,1,0,0.3160771536713371
8057,-0.6364006227877457,-0.5318600478857329,0,1,0.3635993772122543
8058,0.3526025791159418,0.4919122867535905,1,0,0.3526025791159418
8059,-2.149575526157034,-2.6076212473238205,0,3,0.850424473842966
8060,0.3868965332109043,0.5510654431729316,1,0,0.3868965332109043
8061,0.4144591273010052,0.677791919030391,1,0,0.4144591273010052
8062,-3.10897888236731,-2.664854831192164,0,3,-0.1089788823673099
8063,1.782952547321035,2.034986357281636,1,2,3.782952547321035
8064,-2.027114157986729,-2.0778094492203225,0,3,0.9728858420132709
8065,0.37792239917371,0.3101530740284265,1,0,0.37792239917371
8066,2.352898106861653,2.3240658353540917,1,2,4.3528981068616535
8067,-0.016698388017014752,1.9372252401186505,1,2,1.9833016119829852
8068,-0.0959229480348005,0.4111372282876708,0,0,-0.0959229480348005
8069,-1.0176986264250183,-0.5886428067445353,0,1,-0.017698626425018293
8070,2.087546532093461,2.388710913583773,1,2,4.0875465320934605
8071,1.357797763016686,2.169481755204805,1,2,3.357797763016686
8072,-1.0552831080767358,-2.117778458187466,0,3,1.9447168919232642
8073,-1.6669739193064936,-1.8509973490369056,0,3,1.3330260806935064
8074,-4.192073931999368,-4.196582979645121,0,3,-1.192073931999368
8075,0.4507233186913012,0.181831529106912,0,0,0.4507233186913012
8076,-0.1892587410669244,-0.3908261639676489,0,1,0.8107412589330756
8077,2.431895873822276,1.7450320176769925,1,2,4.431895873822276
8078,0.6590699363401942,0.5345384915064891,1,0,0.6590699363401942
8079,2.7913678358755547,3.1489786574122878,1,2,4.791367835875555
8080,-1.172908562736998,-0.8633340258152887,0,3,1.827091437263002
8081,2.2553462595989298,1.954494305102649,1,2,4.25534625959893
8082,-1.1605304309641211,-1.0724323995514464,1,3,1.8394695690358789
8083,1.8237416442478973,2.366781570334334,1,2,3.8237416442478973
8084,-3.0484059317716485,-3.6564327499097415,0,3,-0.048405931771648536
8085,0.5961658981552724,0.5326315060062606,1,0,0.5961658981552724
8086,-3.981060344995792,-3.866461828672216,0,3,-0.9810603449957922
8087,-0.9025880951804216,-0.8985819591657053,0,1,0.0974119048195784
8088,1.1064268012515432,1.446680158858501,1,0,1.1064268012515432
8089,-1.5935078283716653,-2.192638240236412,0,3,1.4064921716283347
8090,-2.4977008708634565,-2.9000283351824216,0,3,0.5022991291365435
8091,1.7977029544880017,2.0705194915664,1,2,3.7977029544880017
8092,-0.1015113399582238,-0.7824009643962297,0,1,0.8984886600417762
8093,-1.1066572656368503,-0.7819501292235396,0,1,-0.1066572656368503
8094,0.1133562603692019,0.2932835228619672,1,0,0.1133562603692019
8095,4.767052274735576,5.063820170617721,1,2,6.767052274735576
8096,2.4484007924572078,2.260684931353326,0,2,4.448400792457208
8097,2.3750924337864,2.579027808471781,1,2,4.3750924337864
8098,0.8619640673179689,0.393049039257654,1,0,0.8619640673179689
8099,0.3371388415818485,0.1713368645953207,0,0,0.3371388415818485
8100,-4.693513741422226,-4.678978165311213,0,3,-1.693513741422226
8101,-1.3637409976258363,-1.7232407674486003,0,3,1.6362590023741637
8102,-1.335959926951193,-1.2487171797374883,0,1,-0.33595992695119303
8103,-3.3105176811905617,-3.768200572707868,0,3,-0.31051768119056167
8104,-2.074671416545177,-1.9672110926111728,0,3,0.925328583454823
8105,-4.218661874236234,-3.521921752481322,0,3,-1.2186618742362336
8106,-0.145675117490063,-0.6483413729370064,0,1,0.854324882509937
8107,1.590325103666424,1.5813010571560535,1,2,3.590325103666424
8108,2.42931895055045,1.7821345273323912,1,2,4.42931895055045
8109,0.3977151370945286,0.0645335298583617,0,0,0.3977151370945286
8110,-2.026594335283096,-1.745814666587317,0,3,0.9734056647169038
8111,-4.21625760570742,-4.388509046423474,0,3,-1.21625760570742
8112,-3.570756501968672,-3.273792446461286,0,3,-0.5707565019686718
8113,-2.6324653331259777,-2.490111989655275,0,3,0.36753466687402225
8114,-1.761780582594807,-1.787587891130804,0,3,1.238219417405193
8115,-0.4404718757850099,-0.8522369136743966,0,1,0.5595281242149901
8116,-2.178533114532041,-1.9043378271330265,0,3,0.821466885467959
8117,0.8018831256891525,0.9235366170697504,1,0,0.8018831256891525
8118,-0.3736124574104295,-0.9848286206141716,0,1,0.6263875425895705
8119,0.1313710920376996,-0.254439145275628,1,0,0.1313710920376996
8120,2.245121087244241,1.1375095346236943,1,2,4.245121087244241
8121,-2.474811184845778,-3.021061907359282,0,3,0.5251888151542219
8122,0.8136386601805825,0.6882881557724331,1,0,0.8136386601805825
8123,0.0722859570615438,-0.3500562990775332,0,1,1.0722859570615437
8124,-1.10232850213376,-1.4349951405552348,0,1,-0.1023285021337601
8125,1.8493350278060925,2.405563090836403,1,2,3.8493350278060925
8126,1.8198559465809745,2.231381276196201,1,2,3.8198559465809745
8127,-1.8805514107597108,-2.158418685863952,0,3,1.1194485892402892
8128,-0.3941838520901832,-0.0767687983291769,0,1,0.6058161479098167
8129,0.0491994879816479,0.5351486291433178,1,0,0.0491994879816479
8130,-0.6339841486652502,-0.386564752030948,0,1,0.3660158513347498
8131,1.5279304067910713,1.6475014000078294,1,2,3.5279304067910715
8132,0.564964294934212,1.004293526021574,0,0,0.564964294934212
8133,3.6036645129770815,3.9114717049600474,1,2,5.6036645129770815
8134,-3.057177032741553,-3.542414738164517,0,3,-0.057177032741552836
8135,-0.1739174057691932,-0.2494903073447799,0,1,0.8260825942308068
8136,-1.685240974086489,-1.906068606510308,0,3,1.314759025913511
8137,1.1624388782464998,1.6234282718173314,1,2,3.1624388782465
8138,-3.1493598596123524,-3.3815286799265225,0,3,-0.14935985961235243
8139,1.027955581002045,0.7270815924781076,1,0,1.027955581002045
8140,-1.0588467028101392,-0.6481738730214834,0,3,1.9411532971898608
8141,-1.0002636890706322,-0.8963952826979242,0,3,1.9997363109293678
8142,-3.024350478751718,-2.1796375384990614,0,3,-0.02435047875171792
8143,-0.594913990901609,-0.939810600024191,0,1,0.405086009098391
8144,2.0108663325973324,1.8033319608109328,1,2,4.010866332597333
8145,0.0203358622891337,0.4691229572602639,0,1,1.0203358622891336
8146,1.401856141596569,0.8902159930921603,1,2,3.4018561415965687
8147,3.227128205551656,3.755005148722011,1,2,5.227128205551656
8148,0.5451040251400067,0.0621218722661779,1,0,0.5451040251400067
8149,-0.9355069236343132,-0.6914174983498995,0,3,2.064493076365687
8150,0.7924502507031981,0.0552298401170868,1,0,0.7924502507031981
8151,-0.7547156007190543,-0.7366636647237292,0,3,2.245284399280946
8152,-1.2857646915398089,-1.83357688729374,0,3,1.7142353084601911
8153,-2.651847310692293,-1.881337215887698,0,3,0.34815268930770715
8154,2.052780209128703,1.624128004010497,1,2,4.052780209128703
8155,-0.7899502665644343,-1.1214930701567711,0,1,0.21004973343556566
8156,0.2836628493843778,0.4978332319055268,1,0,0.2836628493843778
8157,-2.1733295097714835,-2.413712561330179,0,3,0.8266704902285165
8158,0.8447361313795417,1.1247174741872223,1,0,0.8447361313795417
8159,-1.5335816485799327,-1.817937720046248,1,3,1.4664183514200673
8160,-0.0323721940767321,-0.3475525767177542,0,1,0.9676278059232679
8161,2.1493828825551686,2.13835940012295,1,2,4.149382882555169
8162,1.6213946085958602,1.134622405811803,1,2,3.6213946085958604
8163,-0.2131858426317618,-0.0546392967647682,0,1,0.7868141573682382
8164,-3.645407273540676,-3.294487865592773,0,3,-0.645407273540676
8165,-0.016698388017014752,-0.019540719248506047,1,2,1.9833016119829852
8166,3.285693519486917,3.5430058680382186,1,2,5.285693519486917
8167,1.2095613693551213,0.4396192813689878,1,2,3.2095613693551215
8168,-1.086982120707336,-1.271641219050959,0,3,1.913017879292664
8169,-0.1666616182146785,-0.2574876844721635,0,1,0.8333383817853215
8170,-1.253467486289103,-0.6716864175708636,0,3,1.746532513710897
8171,2.6910325922643192,2.4585096369283352,1,2,4.691032592264319
8172,0.2893365567422985,-0.6313572403737666,0,0,0.2893365567422985
8173,-1.7875301262938763,-2.189117929092607,0,3,1.2124698737061237
8174,-1.1021186784624128,-1.3665959654175288,0,1,-0.10211867846241285
8175,2.573278941312816,1.7106860877417542,1,2,4.573278941312816
8176,3.149619680485282,3.537100688767632,1,2,5.149619680485282
8177,2.5683217295919936,1.9404897167179704,1,2,4.568321729591993
8178,1.7560773167430737,1.934485936035909,1,2,3.756077316743074
8179,-0.5665260104377451,-1.003484700716359,0,1,0.4334739895622549
8180,-0.016698388017014752,-0.019540719248506047,0,3,2.983301611982985
8181,0.5309833500237613,0.4205218709124991,1,0,0.5309833500237613
8182,0.1005432616327798,-0.0911014002013911,0,1,1.1005432616327797
8183,0.3607740259493013,0.5720758046119647,1,0,0.3607740259493013
8184,0.4674776898993766,0.0645574960910799,1,0,0.4674776898993766
8185,-2.8230778964123,-2.59285930685462,0,3,0.1769221035877
8186,1.1241611377553655,0.9314936878207688,1,2,3.1241611377553653
8187,1.1245187723480163,0.8866780337039919,1,2,3.1245187723480163
8188,1.0562389852818737,1.0212115011682947,1,2,3.0562389852818734
8189,2.070259481607964,1.6343913072132954,1,2,4.070259481607964
8190,1.3007572036727504,1.2244005298380831,1,2,3.3007572036727506
8191,-0.7633231331380511,-0.6275291142890085,0,1,0.2366768668619489
8192,-0.0563156571804515,-0.9798122166675564,1,1,0.9436843428195485
8193,0.0451551639690697,0.4816781757841097,1,0,0.0451551639690697
8194,0.0142598807495982,0.3406511328007578,0,0,0.0142598807495982
8195,2.003964786377332,1.2621339165507828,1,2,4.003964786377332
8196,1.5195797865273044,0.7154068682518452,1,2,3.5195797865273044
8197,4.476302306230616,4.813064956471094,1,2,6.476302306230616
8198,4.572024501130831,4.877832064537253,1,2,6.572024501130831
8199,0.1651340505814691,0.4143479521780266,0,0,0.1651340505814691
8200,-0.016698388017014752,-0.019540719248506047,0,3,2.983301611982985
8201,2.4759837041196078,3.2074405936170005,1,2,4.475983704119608
8202,-1.2859413459139946,-1.5879416926402057,0,3,1.7140586540860054
8203,-1.598038368019905,-1.5022477516126052,0,3,1.401961631980095
8204,-1.0638559134964325,-0.9631443047608974,0,1,-0.06385591349643249
8205,-0.9181015388498208,-0.2809290777308781,0,1,0.08189846115017918
8206,1.551760642330049,1.6018275623075464,1,2,3.551760642330049
8207,-2.9542997136957805,-2.787963171425968,0,3,0.04570028630421952
8208,-2.340065328430509,-2.370915679412142,0,3,0.6599346715694909
8209,0.6718312944663766,0.1931915389816973,1,0,0.6718312944663766
8210,1.0790127984756688,0.1515485599008764,1,2,3.0790127984756688
8211,1.2705805362365818,1.2836124861541756,1,2,3.270580536236582
8212,-1.3658509945616852,-1.9307962307675963,0,3,1.6341490054383148
8213,-1.8259297108704995,-1.6858588247449506,0,3,1.1740702891295005
8214,-0.5164408514267713,-0.456940816553109,0,3,2.483559148573229
8215,0.7182409850709645,0.7680144634899085,1,0,0.7182409850709645
8216,3.011754814760637,2.5905849669756518,1,2,5.0117548147606374
8217,-3.959444376714842,-3.544826746170296,0,3,-0.959444376714842
8218,-0.4819461487534002,-0.2920377098615543,0,1,0.5180538512465998
8219,-2.890857731467707,-3.36353764469354,0,3,0.10914226853229314
8220,-3.0433300390494757,-2.215911005480569,0,3,-0.043330039049475744
8221,2.135711586075963,2.05139505904204,1,2,4.1357115860759635
8222,1.0410383060798845,0.5073237058163614,1,2,3.0410383060798845
8223,0.953654179280792,0.6503133855760608,1,0,0.953654179280792
8224,2.090239516938948,1.486683172312305,1,2,4.090239516938948
8225,-0.7901675082910681,-0.2463967412163067,0,1,0.20983249170893192
8226,-1.1578952829169964,-0.7257159521853214,1,1,-0.1578952829169964
8227,4.420185237743113,4.715977067637661,1,2,6.420185237743113
8228,-0.5266684136168215,-0.3062116528756813,0,1,0.4733315863831785
8229,1.6928643659359186,2.192201230262468,1,2,3.6928643659359186
8230,0.2189716296831622,0.1221739447143869,0,0,0.2189716296831622
8231,-3.4327954945212213,-3.263730637129599,0,3,-0.43279549452122135
8232,-4.312836875346578,-4.637593487500178,0,3,-1.3128368753465782
8233,-1.314790746691057,-1.376170167667513,0,3,1.685209253308943
8234,2.335018990567066,2.515049859834022,1,2,4.335018990567066
8235,1.4582541502035182,0.2257970206928832,1,2,3.4582541502035182
8236,1.5238677322652057,1.2759834220113189,1,2,3.523867732265206
8237,-1.8675730603498173,-1.8015782044401445,0,3,1.1324269396501827
8238,3.1223012921914326,3.091294865814883,1,2,5.122301292191432
8239,-1.5718284463110883,-1.7527869766093007,0,3,1.4281715536889117
8240,0.4848857081376301,0.7205464836606212,1,0,0.4848857081376301
8241,0.0113472775128597,-0.271737671770362,0,1,1.0113472775128598
8242,-0.4215964189523241,-0.9103594029469388,0,1,0.578403581047676
8243,2.995351343376608,3.46885778589243,1,2,4.995351343376608
8244,-1.338510148353957,-0.921450737979078,0,3,1.661489851646043
8245,-2.7809104150550974,-3.0205700540961478,0,3,0.2190895849449026
8246,-0.1188257689082508,-0.1463035967829295,0,0,-0.1188257689082508
8247,-0.8143480794858966,-0.4759522045430786,1,1,0.1856519205141034
8248,-0.016698388017014752,-0.019540719248506047,1,2,1.9833016119829852
8249,1.5587904412157387,1.770873483964278,1,2,3.5587904412157387
8250,-1.1803495612420956,-0.9901228437513978,0,1,-0.18034956124209556
8251,-2.140125944040787,-2.26779403090271,0,3,0.8598740559592128
8252,-3.638550112119983,-3.43218051104742,0,3,-0.638550112119983
8253,-1.9820142874529347,-2.367991737862782,0,3,1.0179857125470653
8254,0.0864269489151297,0.2441366761465517,0,0,0.0864269489151297
8255,2.9867090445308486,2.957069981966179,1,2,4.986709044530849
8256,2.066170407098656,1.9218822343325528,1,2,4.066170407098657
8257,0.4537127319933968,-0.0449816157919413,0,0,0.4537127319933968
8258,-0.5159670170088982,-0.4633033126252219,0,1,0.48403298299110176
8259,0.6302072687229311,0.645619379785509,1,0,0.6302072687229311
8260,-1.1722837972530455,-1.5081383821153516,0,3,1.8277162027469545
8261,3.676226894840624,3.037478166753105,1,2,5.6762268948406245
8262,-0.3610414482530531,-1.0188314885056369,0,1,0.6389585517469469
8263,-0.0240766343056234,-0.1257058301294471,0,1,0.9759233656943767
8264,-4.125824648706687,-4.003225592937971,0,3,-1.1258246487066872
8265,-0.1673655832906063,0.5726230544297768,0,1,0.8326344167093938
8266,1.8969941571960909,1.878932219175885,1,2,3.896994157196091
8267,-2.096909168107196,-2.7470635887385826,0,3,0.9030908318928041
8268,-1.3426536448035238,-1.4254209121020325,0,3,1.6573463551964762
8269,1.6281413503801927,2.1286873097877725,1,2,3.6281413503801927
8270,-3.195179340591789,-3.468297583992288,0,3,-0.19517934059178899
8271,2.1761507735848453,2.6235922045452016,1,2,4.176150773584846
8272,-1.013015583598511,-0.9427256983845124,0,3,1.986984416401489
8273,-0.660390568678042,-0.4016379468696994,0,1,0.339609431321958
8274,-2.2733562052938674,-1.52981380601225,0,3,0.7266437947061326
8275,0.6038014095029962,-0.1311041534443133,1,0,0.6038014095029962
8276,5.0510451866938055,5.4096468598971015,1,2,7.0510451866938055
8277,1.3003400214708143,1.2624595743182876,1,2,3.3003400214708143
8278,-1.4368066967097777,-1.8164789100512304,0,3,1.5631933032902223
8279,2.224957558741953,2.18470370397271,1,2,4.224957558741953
8280,-0.5842534574572653,0.092134919803352,0,1,0.4157465425427347
8281,2.860681593511433,3.394659985413694,1,2,4.860681593511433
8282,1.731490413297564,0.9312046288210426,1,2,3.731490413297564
8283,-0.016698388017014752,-0.019540719248506047,0,3,2.983301611982985
8284,-1.8433419498012025,-1.466184255573455,0,3,1.1566580501987975
8285,1.9494012113460344,1.9407035802328207,1,2,3.9494012113460344
8286,0.1762622673783133,0.1690569314274207,0,0,0.1762622673783133
8287,-2.197445285604884,-2.824775867921944,0,3,0.8025547143951162
8288,-1.3339896473989945,-1.6321803843186056,1,3,1.6660103526010055
8289,-4.0722215775008594,-4.615503876314425,0,3,-1.0722215775008594
8290,0.1677069031446131,-0.4936200880879849,0,1,1.167706903144613
8291,4.718609717060198,4.215514523701187,1,2,6.718609717060198
8292,1.7002068216598392,1.3289677186813034,1,2,3.7002068216598394
8293,4.336154319108428,4.031708931545193,1,2,6.336154319108428
8294,1.7253725819924814,1.3885206931683114,1,2,3.7253725819924814
8295,2.206571827940177,2.6147542573072173,1,2,4.206571827940177
8296,4.299722755390437,3.936865073382294,1,2,6.299722755390437
8297,0.640447170765104,1.2109210476393568,1,0,0.640447170765104
8298,-0.5979718515384254,-0.791562202574009,0,1,0.40202814846157464
8299,2.3748431879630787,2.5505226518634463,1,2,4.374843187963078
8300,2.55025275672688,2.7387099892864266,1,2,4.55025275672688
8301,-1.1616354470749473,-1.520772815392066,0,1,-0.16163544707494726
8302,-1.4925097431822292,-1.6237459691853091,0,3,1.5074902568177708
8303,-0.0343746286992459,-0.2355521634753874,0,0,-0.0343746286992459
8304,1.885427546424644,2.0344038315489748,1,2,3.885427546424644
8305,1.7675631514241434,1.716025355657006,1,2,3.7675631514241434
8306,-2.963293845818262,-3.262653155397054,0,3,0.03670615418173817
8307,4.079134957962193,4.126758273425917,1,2,6.079134957962193
8308,-0.9924713731129357,-0.8566249398609515,0,3,2.0075286268870642
8309,-0.5527641234351715,0.1872537479818635,0,1,0.44723587656482855
8310,-1.895442355489241,-1.8681917730508808,0,3,1.104557644510759
8311,-0.016698388017014752,-0.019540719248506047,1,2,1.9833016119829852
8312,0.6283737049927658,0.7997331491767673,1,0,0.6283737049927658
8313,-1.6506852307693591,-2.0304461758345025,0,3,1.3493147692306409
8314,2.000556289252814,1.3103524488386171,1,2,4.000556289252814
8315,1.5986576856206705,1.4738168489323418,1,2,3.5986576856206707
8316,-0.4765781643436055,-0.0477385251525092,0,1,0.5234218356563944
8317,1.697245377664277,2.1906660629317534,1,2,3.6972453776642773
8318,-1.4428530641977817,-2.194606946490373,0,3,1.5571469358022183
8319,-1.3842736631683472,-1.1178418709709603,0,1,-0.3842736631683472
8320,-4.07803945701997,-4.9519586577510335,0,3,-1.0780394570199698
8321,-2.3712906887228047,-2.1876184667897705,0,3,0.6287093112771953
8322,3.512887931122668,3.67263165628133,1,2,5.512887931122668
8323,3.592078967530911,2.9024869557246933,1,2,5.592078967530911
8324,0.4145260611698875,0.8145445184225624,1,0,0.4145260611698875
8325,3.312757071281885,4.010291431798253,1,2,5.312757071281885
8326,-0.4338568341944097,-0.4588489665954002,0,1,0.5661431658055903
8327,-0.5442923799657428,-0.4878924299749574,0,1,0.45570762003425724
8328,0.6459441953313997,1.237590676526162,1,0,0.6459441953313997
8329,0.1250416987395179,-0.3254911148956741,0,1,1.125041698739518
8330,-0.4053144527590132,-0.8457454358081703,1,1,0.5946855472409869
8331,2.1651655039750235,1.829412102407343,1,2,4.1651655039750235
8332,0.3236795150286588,0.3385123567530558,0,0,0.3236795150286588
8333,1.473728914190962,1.487495251895954,1,2,3.473728914190962
8334,1.814089303032791,1.5927731929206894,1,2,3.814089303032791
8335,0.7923798451525189,0.6721876805695035,1,0,0.7923798451525189
8336,-1.6760617868541317,-1.8918890808344329,0,3,1.3239382131458683
8337,-3.065603114171372,-3.262323118723617,0,3,-0.06560311417137221
8338,0.46287806264206,0.1554694785306253,0,0,0.46287806264206
8339,-0.067553015638913,-0.3717289110285871,1,1,0.932446984361087
8340,0.0626713888213697,-0.7377061451496704,1,0,0.0626713888213697
8341,0.3067270731410389,0.2172570353898453,0,1,1.306727073141039
8342,5.029079907843465,4.246848178956557,1,2,7.029079907843465
8343,-2.5722359789105957,-2.272012331427627,0,3,0.42776402108940426
8344,-4.041247076574976,-4.26521421423304,0,3,-1.041247076574976
8345,0.6033543956066987,0.5555905641201677,1,0,0.6033543956066987
8346,-0.8763049231279997,-1.0255887762287823,1,1,0.12369507687200032
8347,0.7718508356323064,0.6742053254930154,0,0,0.7718508356323064
8348,1.337527136114292,1.8428770623529795,1,2,3.337527136114292
8349,2.5553249504423574,2.014726385671445,1,2,4.555324950442357
8350,-3.2864452835023314,-3.935772052439325,0,3,-0.28644528350233145
8351,-1.032801762387448,-0.9850528317218624,0,3,1.967198237612552
8352,0.9419253896436665,0.7435735001479389,1,0,0.9419253896436665
8353,1.4975841890971675,1.6414337576347462,1,2,3.4975841890971675
8354,-0.016698388017014752,5.04697625390946,1,2,1.9833016119829852
8355,1.5986220892476035,1.1560847866215294,1,2,3.5986220892476037
8356,-0.5570339338232678,-0.3156783965173423,1,1,0.4429660661767322
8357,-1.9270384858248573,-2.33581588059266,0,3,1.0729615141751427
8358,-0.9864947986197484,-0.9566647222444988,0,3,2.0135052013802515
8359,-1.3965745734009811,-1.891340062838503,0,3,1.6034254265990189
8360,1.1142730733223063,1.1671305761988375,1,2,3.1142730733223063
8361,0.704199158407292,0.6958482460385317,1,0,0.704199158407292
8362,-2.554789557124808,-2.9959613525672664,0,3,0.44521044287519196
8363,-0.796390756255186,-1.3397552927942835,0,1,0.20360924374481404
8364,1.911380890795947,2.2116363244347426,1,2,3.911380890795947
8365,0.6182861192935412,0.4370859382221884,1,0,0.6182861192935412
8366,1.0614924172139026,1.466304802106841,1,2,3.061492417213903
8367,0.9277992746268112,0.710441782696942,1,0,0.9277992746268112
8368,2.9838841130614786,3.5047560073091626,1,2,4.983884113061478
8369,0.0435421583690308,-0.3358136636261015,1,0,0.0435421583690308
8370,-0.8587024304669668,-0.2696038074624834,0,1,0.14129756953303318
8371,-1.6453354244539828,-1.575586679230758,0,3,1.3546645755460172
8372,0.5503308562167842,0.7102495525242688,1,0,0.5503308562167842
8373,-4.709949728725565,-5.111559574103336,0,3,-1.7099497287255652
8374,-0.7718368657500569,-0.4801507925777422,1,1,0.22816313424994306
8375,-0.3485803581779895,-0.0430091052135204,1,1,0.6514196418220105
8376,-2.598168806306086,-2.727942749316172,0,3,0.40183119369391385
8377,-2.126691161834129,-2.980289318634416,0,3,0.8733088381658711
8378,1.7917265784057914,1.3463951520404445,1,2,3.7917265784057914
8379,0.4391197188487666,-0.0062725457080169,1,0,0.4391197188487666
8380,0.8178440077358554,0.9975851347523944,1,0,0.8178440077358554
8381,0.1772478540846981,-0.0087650817233591,0,0,0.1772478540846981
8382,0.4590780494327973,0.280834162923897,1,0,0.4590780494327973
8383,2.4068935064114143,2.1803685984668477,1,2,4.406893506411414
8384,-0.0765719794807112,0.511144131648072,1,0,-0.0765719794807112
8385,-3.021817256350499,-3.00367647201856,0,3,-0.021817256350499026
8386,3.315755778016314,3.394851912249633,1,2,5.315755778016314
8387,0.9481738685707,0.7004180639955045,1,0,0.9481738685707
8388,-0.8341146039637003,-0.8459700667665788,0,3,2.1658853960362996
8389,-2.2224248188491686,-2.612700555931254,0,3,0.7775751811508314
8390,0.5987520377751919,0.7362419087983638,0,0,0.5987520377751919
8391,-0.0083110714955275,-0.4669325026847398,0,1,0.9916889285044725
8392,3.2265505634889924,3.5242385017286555,1,2,5.226550563488992
8393,-0.8227351655194532,-1.1167160746281577,0,1,0.17726483448054675
8394,-1.71714369806043,-1.3377865728651486,0,3,1.28285630193957
8395,1.6496239045829122,2.4125416076557027,1,2,3.649623904582912
8396,1.8579822538209536,1.8584226984310173,1,2,3.8579822538209534
8397,0.1913711587615669,0.7160172076187227,1,0,0.1913711587615669
8398,1.1471152807063287,1.4476948603004964,1,2,3.1471152807063287
8399,0.0204495840720786,-0.5526632315422384,0,1,1.0204495840720786
8400,0.5934763116704214,0.6378474226778243,1,0,0.5934763116704214
8401,2.2924623651095235,2.4929418473852127,1,2,4.2924623651095235
8402,1.5241669288302009,1.763253055000719,1,2,3.524166928830201
8403,-0.390634993964272,-0.3193522719742751,0,1,0.6093650060357281
8404,2.6441701828271933,2.710294741358082,1,2,4.644170182827193
8405,-4.597612949113885,-4.595578005867791,0,3,-1.597612949113885
8406,4.077661505855202,4.130931940252676,1,2,6.077661505855202
8407,-3.394958643976242,-3.884430232095861,0,3,-0.39495864397624203
8408,-1.758273343668405,-1.8527576560598764,0,3,1.241726656331595
8409,-0.0784935934425431,-0.6596861353671546,0,1,0.9215064065574569
8410,-0.6584005289505748,-0.8574516020521652,0,1,0.34159947104942523
8411,1.7686319658533352,1.5323097454129797,1,2,3.768631965853335
8412,-2.38273774497157,-2.644602934439786,0,3,0.6172622550284301
8413,0.3130170042593611,-0.1077862588562579,0,0,0.3130170042593611
8414,-1.2661949683659586,-1.1584840588472036,0,3,1.7338050316340414
8415,0.4929834355657362,0.3657553132809917,1,0,0.4929834355657362
8416,0.003310521255672,-0.1648599810455279,0,1,1.003310521255672
8417,0.2303488681928951,-0.3326807296056155,0,0,0.2303488681928951
8418,-1.4800645506922885,-1.5992090275710844,0,3,1.5199354493077115
8419,-1.0034689726828032,-0.5452558527164173,0,3,1.9965310273171968
8420,0.6381960773715393,1.1025186013156758,1,0,0.6381960773715393
8421,1.821717708261497,1.9711227401488756,1,2,3.821717708261497
8422,-1.208735863777036,-1.3267974538249716,0,3,1.791264136222964
8423,-1.6994730640664082,-1.4758799319765978,0,3,1.3005269359335918
8424,1.37984025087079,1.1128988156001136,1,2,3.37984025087079
8425,-0.3799837836079257,-0.4996846859612779,1,1,0.6200162163920744
8426,1.6121328602439742,1.3151238832051384,1,2,3.612132860243974
8427,-1.5099272071307497,-1.1465806362651134,0,3,1.4900727928692503
8428,-3.2755455891872707,-2.963543204790616,0,3,-0.2755455891872707
8429,-0.8958207780975126,-0.90969368171591,0,3,2.1041792219024873
8430,-1.425340281738897,-0.7328393580226713,1,3,1.574659718261103
8431,0.1733501495198178,0.3383559818281966,1,1,1.1733501495198178
8432,-0.8901208282194459,-0.7476298096849212,0,3,2.109879171780554
8433,1.4562179050635278,1.555866003679563,1,2,3.4562179050635278
8434,-0.7701870135026965,-1.275101740595994,0,1,0.22981298649730353
8435,0.2468905340229029,-0.1108213985400453,1,0,0.2468905340229029
8436,0.9346082196362986,0.9127530381618144,1,0,0.9346082196362986
8437,0.0760389162793357,0.0574855247708154,0,0,0.0760389162793357
8438,-0.1423660488158302,0.0935390312683442,0,1,0.8576339511841697
8439,0.7386631503221008,0.4715163067003486,1,2,2.738663150322101
8440,-1.566357495076138,-1.5380828147735206,0,3,1.433642504923862
8441,2.558297647528793,2.593721699970186,1,2,4.558297647528793
8442,-0.4948249713037939,-0.443546938593344,0,1,0.5051750286962061
8443,-3.013117307801115,-3.0065515009798025,0,3,-0.013117307801115086
8444,0.4996708470004762,-0.0618651604203222,0,0,0.4996708470004762
8445,-1.457891913601375,-2.362379299064487,0,3,1.542108086398625
8446,1.2538803446050584,0.8771748902821546,1,2,3.2538803446050584
8447,4.392185150669615,4.179735941550053,1,2,6.392185150669615
8448,-1.6058256292619628,-2.0772063768821383,0,3,1.3941743707380372
8449,0.7009268014929746,0.6786572539432348,1,0,0.7009268014929746
8450,-3.5186450948025407,-3.082602307287261,0,3,-0.5186450948025407
8451,1.0614338493688331,1.351847115539985,0,0,1.0614338493688331
8452,-1.5248197729091906,-1.3382864547437463,0,3,1.4751802270908094
8453,-1.4124834813674014,-1.0183591859024002,0,3,1.5875165186325986
8454,-2.2644386782345154,-2.634287895966607,0,3,0.7355613217654846
8455,1.64462634189442,1.4619078340260503,1,2,3.64462634189442
8456,1.7302749053347186,1.9762136505580077,0,2,3.730274905334719
8457,-0.3473738270520987,-0.5371858307208962,0,0,-0.3473738270520987
8458,-1.6835902200917436,-1.851520816152196,0,3,1.3164097799082564
8459,3.278315354421823,4.02328300318553,1,2,5.278315354421823
8460,-1.645280293100031,-1.607103461954702,0,3,1.354719706899969
8461,-4.439794810678968,-3.7343443305986734,0,3,-1.4397948106789684
8462,0.764739555565957,0.0354208890048489,1,0,0.764739555565957
8463,-2.38293439515192,-2.635280916993238,0,3,0.6170656048480798
8464,2.1159167511192694,2.2794433833800403,1,2,4.115916751119269
8465,-0.9983750907463654,-0.9608820588371336,0,1,0.0016249092536345655
8466,1.1543219088017227,0.3321034035228882,1,2,3.1543219088017227
8467,2.6219334596013457,2.530101787372459,1,2,4.621933459601346
8468,-2.7087755244216867,-1.7195684857742053,0,3,0.2912244755783133
8469,-0.9578386268354568,-0.8590735181034179,0,3,2.042161373164543
8470,-0.2553071897488346,-0.0135327897493196,0,1,0.7446928102511654
8471,3.1127906541528385,2.8552133869827814,1,2,5.112790654152839
8472,-1.618380611841093,-1.5210669528825569,0,3,1.381619388158907
8473,-1.3373952826493096,-1.342326561943438,1,3,1.6626047173506904
8474,1.107498727250618,1.5550244999461813,1,0,1.107498727250618
8475,-0.6370031602520799,-0.2022028055401489,0,3,2.36299683974792
8476,-0.0901914470828292,0.0728150108454667,0,0,-0.0901914470828292
8477,-3.1432964009941387,-3.1149100747563208,0,3,-0.14329640099413865
8478,4.511116004741893,3.839472990383477,1,2,6.511116004741893
8479,-2.8186384912666638,-3.5042206661048607,0,3,0.18136150873333623
8480,-0.4736010105815919,-0.4408366452225848,0,1,0.5263989894184081
8481,-0.2383086058162518,0.1115450387684104,0,1,0.7616913941837482
8482,3.85614580075692,4.388844223539388,1,2,5.85614580075692
8483,-2.754105942765152,-3.110001442914601,0,3,0.2458940572348478
8484,4.211294487548457,3.6075990500919457,1,2,6.211294487548457
8485,1.379080741596924,1.752264402754757,1,2,3.379080741596924
8486,0.7638158895891889,0.4379391827498451,1,0,0.7638158895891889
8487,-1.7801295665364798,-2.410956873605606,0,3,1.2198704334635202
8488,0.9366747522575748,0.7392034890099344,1,2,2.936674752257575
8489,-1.4332232334868855,-1.6376628201765835,0,3,1.5667767665131145
8490,2.168815637659504,2.696884068182443,1,2,4.168815637659504
8491,-2.159710749941281,-1.813457184068667,0,3,0.8402892500587189
8492,-0.1498907337340072,-0.4448455748393395,1,1,0.8501092662659928
8493,-1.3086856779335896,-0.7495039409111725,0,3,1.6913143220664104
8494,-2.083960511218748,-2.033950168053006,0,3,0.916039488781252
8495,1.581256914225416,2.0055911683430536,1,2,3.581256914225416
8496,0.955080266589881,1.4859516698387658,1,2,2.955080266589881
8497,2.582588812445266,2.477551652417455,1,2,4.582588812445266
8498,-3.516617658919122,-3.288089829268315,0,3,-0.516617658919122
8499,2.2154780270669883,2.052774641293621,0,2,4.215478027066988
8500,5.259090930461494,-0.019540719248506047,1,2,7.259090930461494
8501,-0.8393175658310806,-0.8032075083095915,0,1,0.16068243416891936
8502,4.098066682311808,4.482195569938087,1,2,6.098066682311808
8503,-0.3440700875120884,0.2658325780152967,1,1,0.6559299124879117
8504,-2.849509961089505,-2.6306172283715163,0,3,0.15049003891049484
8505,-0.3526352698093369,-0.3900192121060777,0,1,0.6473647301906631
8506,2.149181139531141,2.118449988895142,1,2,4.149181139531141
8507,-1.7552889063951636,-2.938101606786716,0,3,1.2447110936048364
8508,-1.1450001789487976,-1.4301179068813354,0,3,1.8549998210512024
8509,1.4095442294644345,1.782573637598571,1,2,3.4095442294644345
8510,0.09712925232559,0.4850817351315243,0,0,0.09712925232559
8511,1.5337244714837612,1.23989740824355,1,2,3.5337244714837612
8512,0.6929651930964361,0.7587950401919304,1,0,0.6929651930964361
8513,1.0638826457835784,0.9881760769517832,1,0,1.0638826457835784
8514,-1.0698159881673135,-0.7939750366835966,0,1,-0.06981598816731349
8515,0.4275153812587609,1.3109612865971203,1,0,0.4275153812587609
8516,-1.840413183441697,-1.5570257522409274,0,3,1.159586816558303
8517,2.7161935452503263,2.4481225634223605,1,2,4.716193545250326
8518,-1.141082825380189,-1.1724506366164582,0,3,1.858917174619811
8519,2.291603057142436,2.852374358383529,1,2,4.291603057142436
8520,-0.4431439388902966,-1.0066147086440207,0,1,0.5568560611097034
8521,0.5480894005298564,0.3020663343343128,1,0,0.5480894005298564
8522,-1.1616463469073983,-0.8776607741047147,0,1,-0.16164634690739832
8523,-1.6928876984860868,-1.1751551972039298,0,3,1.3071123015139132
8524,-3.898954152243297,-3.655366991333852,0,3,-0.8989541522432969
8525,-1.819566420750513,-2.062244386837436,0,3,1.180433579249487
8526,-0.6568548121168761,-0.4422406915863191,0,1,0.34314518788312387
8527,0.624274320512087,0.7899914272067192,1,0,0.624274320512087
8528,2.093526713425049,2.2338554202342173,1,2,4.0935267134250495
8529,-0.8223080374115374,-0.8611375081964736,0,1,0.17769196258846265
8530,-1.653070633329044,-1.631872910054793,0,3,1.346929366670956
8531,-2.7236187141878694,-3.0866186584033724,0,3,0.2763812858121306
8532,0.8943610704907599,1.886442760489757,1,0,0.8943610704907599
8533,2.9733488567639337,3.0361486330348093,1,2,4.973348856763934
8534,2.3157664111968206,2.5351713236171447,1,2,4.315766411196821
8535,1.41879938162925,1.331634895057913,1,2,3.41879938162925
8536,1.4442806193896536,1.782404751141434,1,2,3.4442806193896534
8537,3.59425107534186,3.0748778987170056,1,2,5.594251075341861
8538,0.7563206924859012,0.0580784782802352,1,0,0.7563206924859012
8539,1.2135808644571962,1.2013922614875323,1,2,3.213580864457196
8540,-0.4622261680302574,0.3593959420168353,0,1,0.5377738319697426
8541,-2.8579599895332657,-2.374631655717348,0,3,0.1420400104667343
8542,-1.0174159862493704,-1.3407945581415466,0,3,1.9825840137506296
8543,-0.0352522565692433,0.1711827074199939,0,1,0.9647477434307568
8544,-0.1863543938385864,-0.4407501849708098,1,0,-0.1863543938385864
8545,3.613635016107476,3.784201691085197,1,2,5.613635016107477
8546,0.1712830625580549,0.3730406130564699,0,0,0.1712830625580549
8547,2.385651942316498,2.7562435906757514,1,2,4.385651942316498
8548,-0.476223146162413,-1.1024886250254564,0,1,0.523776853837587
8549,-0.8310516390533136,-1.3372868345952549,0,1,0.16894836094668642
8550,-2.6501228345861105,-2.680351057748094,0,3,0.34987716541388947
8551,-1.6965403071695548,-2.109509641435376,0,3,1.3034596928304452
8552,0.9554318120848256,0.5115429840908563,1,2,2.9554318120848255
8553,0.3519147668021341,0.4606577184913077,0,0,0.3519147668021341
8554,1.6586099951632691,1.292195769384722,1,2,3.6586099951632693
8555,0.4799163815036673,1.3829791376590506,0,0,0.4799163815036673
8556,-0.6263259914726053,-0.8395923863901664,0,1,0.37367400852739474
8557,4.2917594423022765,4.183666608619199,1,2,6.2917594423022765
8558,-0.0839198127877469,0.0350964034191079,0,1,0.916080187212253
8559,2.0939978630219507,1.490815710563652,1,2,4.093997863021951
8560,-0.4711539115286438,-0.2677521066625058,0,1,0.5288460884713562
8561,1.8041680577918373,1.940755117725392,1,2,3.8041680577918373
8562,1.8654522578552364,1.7257300517041565,1,2,3.865452257855236
8563,0.9016051672738724,1.0111760903123856,1,0,0.9016051672738724
8564,-4.788771431703188,-4.6174584265736005,0,3,-1.7887714317031884
8565,0.1165913204834819,0.6906676054036018,0,0,0.1165913204834819
8566,2.7472979082748537,3.747402495466888,1,2,4.747297908274854
8567,0.963160774010879,0.5385603789570099,1,2,2.9631607740108787
8568,0.6153679386826054,0.0964289747059878,1,0,0.6153679386826054
8569,-3.766857281038809,-3.725757436515603,0,3,-0.766857281038809
8570,-1.028744828569586,-1.8603122208413356,0,3,1.971255171430414
8571,0.7169103321751225,0.976676424905324,0,0,0.7169103321751225
8572,0.7836192008900843,0.8288515061192272,1,0,0.7836192008900843
8573,2.2067807446015943,2.353695384306145,1,2,4.206780744601595
8574,-0.100065654426351,-0.2214944284743297,0,1,0.899934345573649
8575,0.6553362015027115,0.7573425078900723,1,0,0.6553362015027115
8576,-0.0655041216696769,0.1233917093878703,0,0,-0.0655041216696769
8577,-1.9139813891198816,-1.833972026853245,0,3,1.0860186108801184
8578,-4.72439184763861,-5.262431293823627,0,3,-1.7243918476386098
8579,0.8263029303573083,0.8951052612379168,0,0,0.8263029303573083
8580,0.6283363347262767,1.3699222091462109,1,0,0.6283363347262767
8581,-1.1506992046969653,-1.05434238130502,0,3,1.8493007953030347
8582,-3.212237654546058,-3.157415409438792,0,3,-0.2122376545460578
8583,1.302451970710249,1.9264670338665797,1,2,3.302451970710249
8584,-0.6096671675864168,-0.9079133906923658,0,1,0.3903328324135832
8585,1.5129799086872764,1.868850964721985,1,2,3.512979908687276
8586,3.5656656347167037,3.3536026934958336,1,2,5.565665634716703
8587,-4.240676528246624,-3.806043190908569,0,3,-1.2406765282466239
8588,-1.3761965041361663,-1.0569772423491408,1,3,1.6238034958638337
8589,-0.2169987251971994,-0.3819102705280875,1,1,0.7830012748028006
8590,3.130287136052029,3.0239026855188524,1,2,5.130287136052029
8591,-3.279209799310384,-2.888085182743093,0,3,-0.2792097993103839
8592,3.929855349983819,3.187674989494492,1,2,5.92985534998382
8593,0.3374187539153706,0.1606471099574913,1,0,0.3374187539153706
8594,-0.646429654581838,-0.3982626611320312,1,1,0.353570345418162
8595,-0.713917446933368,-0.8371601554913625,0,1,0.286082553066632
8596,-0.9935388025044518,-0.939593450421682,0,1,0.006461197495548188
8597,1.983913783262936,1.1674534049987733,1,2,3.983913783262936
8598,-2.376897992557704,-2.7186892308255226,0,3,0.6231020074422959
8599,0.8407448775624332,1.1125259464231567,1,0,0.8407448775624332
8600,-0.7679396472104566,-1.068342598036222,0,1,0.2320603527895434
8601,-1.5672058065055632,-2.088189690834368,0,3,1.4327941934944368
8602,4.920719296466315,5.345362709648153,1,2,6.920719296466315
8603,0.8291924966579624,1.0354661182858431,1,0,0.8291924966579624
8604,0.7011941381225653,0.2657807969957289,1,2,2.701194138122565
8605,2.242962299176156,2.298363836948996,1,2,4.242962299176156
8606,-2.830063156875543,-3.252442274765658,0,3,0.16993684312445678
8607,3.552966815108363,3.491983192358117,1,2,5.552966815108363
8608,-5.330734709686007,-5.260339433875823,0,3,-2.3307347096860074
8609,-1.4925694727387462,-1.8159680324189045,0,3,1.5074305272612538
8610,-1.1263496003307092,-0.8294164269206135,0,1,-0.1263496003307092
8611,1.000952763482545,1.3598934444112074,1,2,3.000952763482545
8612,0.5810228094475084,0.6864490194074511,1,0,0.5810228094475084
8613,0.0691932632751623,0.2347861238913228,0,1,1.0691932632751624
8614,-0.0137229374949117,-0.5948544728424089,1,1,0.9862770625050883
8615,-2.119465138773183,-1.574590248035772,0,3,0.8805348612268169
8616,-2.956730699466347,-2.993260694688934,0,3,0.04326930053365308
8617,1.6408290761719495,1.2667265301217834,1,2,3.6408290761719497
8618,1.5116117382469176,1.5699460632292876,1,2,3.5116117382469176
8619,3.7176113248068665,4.01579932176242,1,2,5.7176113248068665
8620,-1.7231017074493495,-1.5181618806277617,0,3,1.2768982925506505
8621,1.436076716585705,1.0022005706703323,1,2,3.436076716585705
8622,-0.2576298660458229,0.0454252897611764,0,1,0.7423701339541771
8623,2.6781818177906707,2.6539181850709945,0,2,4.678181817790671
8624,1.653909968051407,1.854391641005056,1,2,3.653909968051407
8625,0.4217472744409171,0.1011266742083971,1,0,0.4217472744409171
8626,-0.3821561601622332,0.0362084755924276,1,1,0.6178438398377668
8627,2.4999929552963502,2.573079165802279,1,2,4.49999295529635
8628,1.4345682232632953,1.9100975489185872,1,2,3.4345682232632955
8629,-1.442453462911662,-2.0564007064541108,0,3,1.557546537088338
8630,-0.016698388017014752,-3.418005625292345,0,3,2.983301611982985
8631,-0.1333171298574225,-0.229328268511545,1,1,0.8666828701425775
8632,3.17657594798957,3.763625955978682,1,2,5.17657594798957
8633,2.123360932088993,2.9084852911584838,1,2,4.123360932088993
8634,-2.2652862126079176,-2.6206567322378373,0,3,0.7347137873920824
8635,-2.2734775284341016,-2.2522587157895124,0,3,0.7265224715658984
8636,2.658129030136596,2.720189820248858,1,2,4.658129030136596
8637,-2.4511955410248163,-2.1639324958095947,0,3,0.5488044589751837
8638,0.8957525636589173,1.2497376302239125,1,2,2.895752563658917
8639,-1.562729343147239,-2.0084886203119066,0,3,1.437270656852761
8640,3.4420423069643213,3.46787965105127,1,2,5.442042306964321
8641,-1.609173291629821,-2.412580461137789,0,3,1.390826708370179
8642,2.379987390248315,2.704303903464477,1,2,4.379987390248315
8643,0.6541690098359947,0.5187210625063797,1,0,0.6541690098359947
8644,0.5483637369433626,0.0662109052225377,0,0,0.5483637369433626
8645,-3.963211257892616,-3.830192533909891,0,3,-0.963211257892616
8646,-4.36704241103465,-4.514990108236849,0,3,-1.3670424110346504
8647,-0.4284931597645826,0.0760912525459068,0,1,0.5715068402354174
8648,0.7430451264088125,0.3860122721903266,1,0,0.7430451264088125
8649,-2.1882279759676884,-1.2990458959433144,0,3,0.8117720240323116
8650,-2.286267024868467,-1.944444807683127,0,3,0.7137329751315331
8651,1.332515071030216,1.847592836303885,1,2,3.3325150710302163
8652,1.3718058321859317,0.9602713515665512,1,2,3.371805832185932
8653,-0.5431482461399468,0.1722355047135568,0,1,0.45685175386005317
8654,1.866960219325771,1.3819412411624643,1,2,3.866960219325771
8655,-2.275462236798596,-2.3593869153800258,0,3,0.7245377632014041
8656,-0.6552158441446218,-0.1333531931819178,0,1,0.34478415585537825
8657,3.4970801378866496,3.69978776688844,1,2,5.49708013788665
8658,0.0232489816787793,-0.4724157852396054,1,0,0.0232489816787793
8659,0.4434579320121835,0.8976219567492444,1,0,0.4434579320121835
8660,4.536538077987909,4.672519859084924,1,2,6.536538077987909
8661,-3.0936744676396093,-3.2601545620615826,0,3,-0.0936744676396093
8662,1.393309477462834,0.7765057750429857,1,2,3.393309477462834
8663,3.4413769261968445,3.615277138145976,1,2,5.4413769261968445
8664,-0.8388095209960239,-0.9041806421825944,0,1,0.1611904790039761
8665,2.041276798347622,2.103800537846516,1,2,4.0412767983476225
8666,-1.7261823037338808,-2.360262847802117,0,3,1.2738176962661192
8667,-1.10677695792811,-1.274239781270649,0,3,1.89322304207189
8668,0.794888548030751,0.9870103966473556,1,0,0.794888548030751
8669,1.6487056696801723,2.3992915142020648,1,2,3.6487056696801723
8670,2.003130653963636,1.921018004823384,1,2,4.003130653963636
8671,3.338413875910484,3.915733499537733,1,2,5.338413875910485
8672,-0.0589264261029471,0.2560129422369914,1,1,0.9410735738970529
8673,2.500684635403628,2.5941986219049675,1,2,4.500684635403628
8674,-0.3469473246077215,-0.7518840380741674,0,1,0.6530526753922785
8675,1.682990026387034,1.2947986089746517,1,2,3.682990026387034
8676,0.3897492857288999,0.6367656340115397,1,0,0.3897492857288999
8677,0.9566899984722812,0.7460917688301961,1,0,0.9566899984722812
8678,0.6599286669523335,0.4137835794458936,1,0,0.6599286669523335
8679,-3.2469297838509923,-3.31917391946471,0,3,-0.2469297838509923
8680,-2.1496537556281528,-2.2151860877638296,0,3,0.8503462443718472
8681,0.1399986253604786,0.5003058158379534,0,0,0.1399986253604786
8682,-3.1127602773365144,-3.314959356640599,0,3,-0.11276027733651439
8683,1.3602372940361127,1.6807333084458391,1,2,3.3602372940361125
8684,1.9676661806229525,2.143548234244714,1,2,3.9676661806229525
8685,0.7865782007187814,0.1169798057739608,1,0,0.7865782007187814
8686,-2.3560337430271625,-2.2382306778338394,0,3,0.6439662569728375
8687,2.57539616409103,1.508292790380189,1,2,4.57539616409103
8688,3.658364755988225,3.3002754513274306,1,2,5.6583647559882255
8689,0.1351186524091811,0.3203493910340805,1,0,0.1351186524091811
8690,1.230506087903072,1.226248847799322,1,2,3.230506087903072
8691,0.3922601643363529,-0.3148966780482636,1,0,0.3922601643363529
8692,1.2933345540759669,0.8456698472865477,0,2,3.293334554075967
8693,-0.3630917273777025,-1.406656972678591,0,1,0.6369082726222974
8694,0.0722927523337059,-0.4647325504840076,1,1,1.0722927523337058
8695,1.6679354805778464,1.8995608203052663,1,2,3.6679354805778464
8696,4.498133322550913,4.275160147120855,1,2,6.498133322550913
8697,-2.821567912237613,-2.7535896955469896,0,3,0.17843208776238706
8698,-0.340618271069933,-0.3351605184541346,0,1,0.659381728930067
8699,-2.669485400271607,-2.6564521720717726,0,3,0.33051459972839314
8700,3.1475868570087684,3.556839826253989,1,2,5.147586857008768
8701,-1.154188855353539,-1.2353531122219488,0,3,1.845811144646461
8702,-2.6327298652723745,-2.268462516048412,0,3,0.3672701347276255
8703,1.463735133123759,0.4727977759487579,1,2,3.463735133123759
8704,3.7326108693327886,4.177181252070407,1,2,5.732610869332788
8705,1.471267236800227,0.955235999956316,1,2,3.471267236800227
8706,0.4761183063538294,0.0469424171225007,1,0,0.4761183063538294
8707,0.5724928642576093,0.2906458684611068,1,0,0.5724928642576093
8708,2.8596557652381644,3.293197853570739,1,2,4.8596557652381644
8709,-1.629039784562137,-1.98475972422,0,3,1.370960215437863
8710,0.0677933817014613,-0.1945621299930803,1,1,1.0677933817014613
8711,-0.768122588672704,-1.1527976758830156,0,1,0.231877411327296
8712,-2.0876539276623363,-1.9854960073185608,0,3,0.9123460723376637
8713,-0.8631500971066526,-0.5657067631515854,0,1,0.13684990289334742
8714,-0.016698388017014752,2.831888473039531,1,2,1.9833016119829852
8715,1.219074439517705,2.179001439432413,1,2,3.219074439517705
8716,1.5208115383649132,1.780883839640101,1,2,3.5208115383649132
8717,0.2639054941388525,0.4101671688865997,1,0,0.2639054941388525
8718,1.0301583736273463,0.5432224807840618,1,2,3.030158373627346
8719,-1.463752623495615,-0.7000313620032245,0,3,1.536247376504385
8720,-0.8441939372834835,-0.7580326935499052,0,1,0.15580606271651654
8721,0.7054893839020393,0.5898634471389848,1,0,0.7054893839020393
8722,0.3792044991422435,0.534217206763665,0,0,0.3792044991422435
8723,0.2566578251318854,0.0021175341739329,1,0,0.2566578251318854
8724,-0.2746571623282396,-1.2097257880447816,0,1,0.7253428376717603
8725,-0.4151550617855463,-0.1864338934121056,0,1,0.5848449382144537
8726,-0.016698388017014752,-0.019540719248506047,1,2,1.9833016119829852
8727,1.963792654465524,2.1865617085459026,1,2,3.963792654465524
8728,0.8345721043666676,0.831740452366006,1,0,0.8345721043666676
8729,-0.4968924958670233,-0.4915837949104791,0,1,0.5031075041329767
8730,-1.2114195278063762,-1.1425076287198614,0,1,-0.21141952780637618
8731,-0.7134784390347486,-0.656816750599315,0,1,0.2865215609652514
8732,0.6249121548615395,0.6006316278693177,1,0,0.6249121548615395
8733,-3.4983612492581173,-3.4882240974705767,0,3,-0.4983612492581173
8734,-3.0699524497837545,-2.4479473536075687,0,3,-0.06995244978375448
8735,-1.1490448724675124,-0.9601355867288992,0,3,1.8509551275324876
8736,0.731022382685045,0.7730811762948706,0,0,0.731022382685045
8737,-0.4127929240154911,-0.1491021654971243,0,1,0.5872070759845089
8738,2.9317114321374445,3.1954310268507418,1,2,4.931711432137444
8739,-3.12849853512155,-2.750099350013607,0,3,-0.12849853512155018
8740,-1.0982484266123236,-1.4010129913454676,0,3,1.9017515733876764
8741,3.1454930378129387,2.953281875353823,1,2,5.145493037812939
8742,0.0735183061664274,-0.2519046755112734,0,0,0.0735183061664274
8743,1.5354516320420697,1.8421408014395464,1,2,3.5354516320420695
8744,4.353106631924709,4.640255021687519,1,2,6.353106631924709
8745,-1.5950971750853102,-2.104394324094259,0,3,1.4049028249146898
8746,0.17213815591638,0.3284732810445092,1,1,1.17213815591638
8747,-1.0961463612798854,-0.5472528141327361,0,1,-0.0961463612798854
8748,-3.624666969408556,-3.7188000248983504,0,3,-0.624666969408556
8749,-0.5234146452795453,-0.3978253357090234,0,1,0.4765853547204547
8750,1.7858432593727056,2.078037540502476,1,2,3.7858432593727054
8751,1.046087396616129,0.517864100856641,1,2,3.0460873966161293
8752,1.616312308494826,1.677107572091267,1,2,3.616312308494826
8753,-0.6096061895987583,-0.1007597137021699,0,1,0.39039381040124166
8754,-1.492835193790373,-1.7301187204960322,1,3,1.507164806209627
8755,2.1947293525914646,2.527715809494996,1,2,4.194729352591464
8756,-0.9591748500858774,-0.9483102072302296,0,1,0.04082514991412256
8757,0.5879498508789454,0.3181479940254757,0,0,0.5879498508789454
8758,0.022695753879975,-0.0159076664457911,1,0,0.022695753879975
8759,2.912355327417769,2.7019041577832765,1,2,4.912355327417769
8760,1.8280377887298795,1.472712172024733,1,2,3.8280377887298798
8761,-2.5886592276729026,-2.6903971366541457,0,3,0.4113407723270974
8762,-2.2299216112204,-2.202551086265951,0,3,0.7700783887795999
8763,1.4563416256310755,1.389919872611528,1,2,3.4563416256310755
8764,0.0531025125155244,-0.0530469199360117,1,1,1.0531025125155244
8765,-1.054631717873569,-0.9642333646873292,0,1,-0.05463171787356891
8766,2.1050387937547805,2.3176011837472,1,2,4.1050387937547805
8767,0.3875401884762264,-0.0700979046596694,1,0,0.3875401884762264
8768,-0.1615110171472922,-0.2624693648995354,0,0,-0.1615110171472922
8769,1.639303838448554,0.8498874744510142,1,2,3.639303838448554
8770,-0.3788835223035861,-0.4437568659172675,0,1,0.621116477696414
8771,3.143523291782509,3.2037349102111574,1,2,5.143523291782509
8772,-1.8949317824110965,-1.6670197775449214,0,3,1.1050682175889035
8773,1.3199118669059,1.381553789504422,1,2,3.3199118669059002
8774,2.6249232375250395,2.844193495146739,1,2,4.6249232375250395
8775,-2.5818698771669424,-2.5557798844992314,0,3,0.4181301228330576
8776,-0.5816973533598726,-0.8519047046328623,0,1,0.4183026466401274
8777,2.250232775076167,1.803858707720287,1,2,4.250232775076167
8778,2.248256242290886,2.143055159375474,0,2,4.248256242290886
8779,-0.3854380610995879,-0.6919485424623707,0,1,0.6145619389004121
8780,-1.4676872884852548,-1.5155749343376428,0,3,1.5323127115147452
8781,1.757424640393216,1.5606738389982442,1,2,3.757424640393216
8782,2.089547588962922,2.257179993988541,1,2,4.0895475889629225
8783,-2.10158690768586,-2.082004897902966,0,3,0.89841309231414
8784,-2.484907493232152,-2.305909758729253,0,3,0.5150925067678478
8785,0.4839219848010279,0.6608758741108524,1,0,0.4839219848010279
8786,1.315777657091283,1.243908439604711,1,2,3.315777657091283
8787,-0.533734074529067,-0.5810686124975952,0,1,0.46626592547093304
8788,1.1238240405450135,1.3244658358735584,1,2,3.1238240405450135
8789,-1.755441246585134,-0.7770656743154839,0,3,1.244558753414866
8790,-4.34712570308587,-4.742778161860103,0,3,-1.3471257030858697
8791,-0.7686598381818015,-0.7519592429860176,0,1,0.2313401618181985
8792,-0.0191256804686602,-0.4974090193582762,1,0,-0.0191256804686602
8793,-0.6226641905327598,-0.6310291303559245,0,1,0.3773358094672402
8794,-1.8917470445690567,-2.1613714060308062,1,3,1.1082529554309433
8795,-4.000382728718542,-4.0483452931394055,0,3,-1.0003827287185416
8796,-1.1791844079178957,-1.117060274338752,0,3,1.8208155920821043
8797,2.174632357014273,1.9788759120446888,1,2,4.174632357014273
8798,2.50347514442832,1.7899716739533669,1,2,4.50347514442832
8799,2.234229735177128,2.804444006038251,1,2,4.234229735177128
8800,-1.398065286894882,-1.0623544949751582,0,3,1.601934713105118
8801,-2.296366559964506,-2.348590251528852,0,3,0.7036334400354942
8802,0.9236075509509896,0.5657143516667649,1,0,0.9236075509509896
8803,1.3086738086033527,1.3426836447165638,1,2,3.308673808603353
8804,0.6687174485244416,0.813112978541005,1,0,0.6687174485244416
8805,-4.231624761053142,-3.923620034749299,0,3,-1.2316247610531423
8806,-1.756488555293883,-1.4115996895335683,0,3,1.243511444706117
8807,-0.2615769725871583,0.1586935495375802,0,1,0.7384230274128417
8808,0.9765750516201503,0.2802311758221585,1,0,0.9765750516201503
8809,1.6054960386998414,1.4836387530913837,1,2,3.605496038699841
8810,0.4591191357744022,0.8563594640190533,1,0,0.4591191357744022
8811,0.8871526101798375,0.5176999291246516,1,0,0.8871526101798375
8812,0.0885836163957579,0.5762906472684272,0,0,0.0885836163957579
8813,1.4711216700247798,2.19527271608009,1,2,3.47112167002478
8814,0.7242359922230933,1.2007377200067575,0,0,0.7242359922230933
8815,0.1970390632577715,0.4616752260990575,1,0,0.1970390632577715
8816,-0.6326294804648532,-0.8116319714099925,0,1,0.36737051953514677
8817,-0.0430307124078599,0.0696232090912888,1,0,-0.0430307124078599
8818,1.0695831354918617,0.5311452760036123,1,0,1.0695831354918617
8819,0.1935782653575124,-0.11886600047919,0,0,0.1935782653575124
8820,0.7080849501768454,0.4237635571722571,1,0,0.7080849501768454
8821,2.174717519572652,2.19950654915903,1,2,4.174717519572652
8822,0.2630473608215221,0.1061764546502056,1,0,0.2630473608215221
8823,-1.4734238286358,-1.3687838459877744,0,3,1.5265761713642
8824,1.986558413514195,2.337689143465098,1,2,3.986558413514195
8825,-2.5947750704569814,-2.878666087605486,0,3,0.4052249295430186
8826,-2.273613698247023,-2.2141732610722027,0,3,0.726386301752977
8827,0.8175684884660883,0.6511808925389138,0,0,0.8175684884660883
8828,1.210317928249237,1.2863829257121095,1,2,3.210317928249237
8829,-2.522235416682934,-2.2477663773982064,0,3,0.47776458331706584
8830,-1.042510590816238,-0.6740162744793531,0,1,-0.04251059081623798
8831,-1.25375012645254,-0.9856284787353248,0,3,1.74624987354746
8832,-0.9929311267976209,-0.8273368752260232,0,1,0.0070688732023791445
8833,1.6407046743798466,1.0726193651720348,1,2,3.6407046743798466
8834,1.486420285680499,1.0539139138621434,1,2,3.486420285680499
8835,0.0177180111530561,-0.3119533007671403,1,1,1.0177180111530562
8836,-1.0029153142510183,-0.8594672315280084,0,3,1.9970846857489817
8837,-2.6435147210067926,-3.159916685963009,0,3,0.35648527899320737
8838,2.986338484586894,3.121347415854037,1,2,4.986338484586894
8839,1.1483621949952303,1.25414989784829,1,2,3.1483621949952303
8840,-1.3729811866720902,-2.1472568288799643,0,3,1.6270188133279098
8841,1.3596509384006763,0.9246098096936556,1,2,3.3596509384006765
8842,-0.2573470842736414,0.1602031456690584,0,1,0.7426529157263586
8843,-0.3065690835722706,-0.0276054242143053,1,1,0.6934309164277295
8844,0.4616693162739054,0.1215117173959317,1,0,0.4616693162739054
8845,-1.307644501994597,-1.7215888961603771,0,3,1.692355498005403
8846,-0.8116212141093522,-1.7917598881407844,0,1,0.18837878589064783
8847,0.0929144928704675,0.6814335679589935,1,0,0.0929144928704675
8848,-0.9465868889573454,-0.9301651415849274,0,1,0.05341311104265456
8849,1.0402484980648474,1.793738120202928,1,2,3.040248498064847
8850,3.574928392967281,3.498259958178378,1,2,5.574928392967281
8851,-1.6784241945168838,-1.5653884749610496,0,3,1.3215758054831162
8852,-3.374530244245108,-3.018010855673669,0,3,-0.37453024424510817
8853,-4.1643078725846605,-3.5087707981122964,0,3,-1.1643078725846605
8854,0.0192874541378893,0.2196961175316589,1,1,1.0192874541378893
8855,-0.9669258769527748,-0.9659629897774576,0,3,2.0330741230472253
8856,0.0113222975845485,0.022505362030694,0,0,0.0113222975845485
8857,0.3740598850053493,-0.0442743558774246,1,0,0.3740598850053493
8858,-3.034701005412677,-3.1874541521589377,0,3,-0.034701005412677066
8859,-3.5211706184845912,-3.5006828246385555,0,3,-0.5211706184845912
8860,0.4602437820738516,1.0130013321145566,0,0,0.4602437820738516
8861,0.2220385570082057,0.0500212796156685,1,0,0.2220385570082057
8862,-1.0012909276886417,-0.5762290694991274,0,1,-0.0012909276886416965
8863,-3.398339976496375,-3.4310751810019187,0,3,-0.39833997649637487
8864,0.7007895197965464,1.1982129436295217,1,0,0.7007895197965464
8865,2.520841326520977,2.791530324110157,1,2,4.520841326520976
8866,0.2554045381768305,0.4990826833173715,1,0,0.2554045381768305
8867,-1.7349746919757567,-1.3434440279775457,0,3,1.2650253080242433
8868,-0.1606120066776503,0.1726519578367332,1,0,-0.1606120066776503
8869,-2.690864889509089,-2.2653395312275597,0,3,0.309135110490911
8870,1.9800375154890069,2.832743099185233,1,2,3.980037515489007
8871,0.2218047386339851,0.8685626231735565,1,0,0.2218047386339851
8872,-3.3199976778335074,-3.1334279841675223,0,3,-0.3199976778335074
8873,-0.2834593336664236,-0.460158077147885,0,1,0.7165406663335764
8874,0.4210021026643635,0.5675692185406935,1,0,0.4210021026643635
8875,-0.8329340607258015,-1.6034123509892106,0,1,0.16706593927419855
8876,-0.6124086583027506,-0.2808140133023408,0,1,0.3875913416972494
8877,-2.356738850418247,-2.7807521282476912,0,3,0.6432611495817531
8878,0.8030110733324063,1.2520035837222088,1,2,2.8030110733324065
8879,-1.493356881398318,-0.7012412679220311,0,3,1.506643118601682
8880,-4.286819313478643,-4.867193050552607,0,3,-1.2868193134786434
8881,-0.7255370930354542,-0.7456588515184891,0,1,0.2744629069645458
8882,2.0378231124247246,1.6120579713577523,1,2,4.037823112424725
8883,-0.6851237478222715,-1.3764477333968688,0,1,0.3148762521777285
8884,3.543688856870213,3.5011601963886623,1,2,5.543688856870213
8885,0.8966669604233326,1.1507337752627516,1,0,0.8966669604233326
8886,0.6886642792260057,0.9904244509536234,0,0,0.6886642792260057
8887,-0.1238439138903451,-0.0622735888642074,0,1,0.8761560861096549
8888,-0.5844369488414263,-1.2501297714868516,1,1,0.4155630511585737
8889,-0.217980572844761,-0.1686290678634394,0,1,0.782019427155239
8890,-1.0454351943411178,-1.6424544008393327,0,1,-0.04543519434111776
8891,0.8459019607533992,0.2751066575302539,1,2,2.845901960753399
8892,-1.91701461891116,-2.315742574213784,0,3,1.08298538108884
8893,-2.0172650792305507,-1.5973406026791823,0,3,0.9827349207694493
8894,-2.8454434799106787,-2.6273413416380613,0,3,0.1545565200893213
8895,4.085684230565941,4.2147205097189815,1,2,6.085684230565941
8896,1.2191648112243068,0.8741191388895728,1,2,3.2191648112243065
8897,0.807888026565985,0.6527778731454278,1,0,0.807888026565985
8898,-2.2544952722863547,-2.80254427474918,0,3,0.7455047277136453
8899,1.1865175439586506,1.732238074715489,1,2,3.186517543958651
8900,-0.3563723186851829,0.5225308843429339,0,1,0.6436276813148172
8901,0.3498029515582828,0.572442317187533,0,0,0.3498029515582828
8902,-2.159605941872799,-1.8669042574686543,0,3,0.8403940581272011
8903,0.1426872823409698,0.079103226656422,1,0,0.1426872823409698
8904,-0.7607916920072928,-1.4085726374706384,1,1,0.2392083079927072
8905,-1.5048992394058271,-1.8424851556567043,0,3,1.4951007605941729
8906,1.566529973132592,1.3803761535591896,1,2,3.566529973132592
8907,-3.0326127391198376,-3.18671514332494,0,3,-0.03261273911983764
8908,1.2704202488578202,1.0242627974297067,1,2,3.2704202488578202
8909,1.5446150667369911,1.563716390165618,0,2,3.5446150667369913
8910,-2.1076306750757023,-2.4476983104885086,0,3,0.8923693249242977
8911,-1.8115188523478076,-0.944429204099956,0,3,1.1884811476521924
8912,-0.4923265540308122,-1.038476160029313,0,1,0.5076734459691878
8913,0.5595369158269728,0.9144607334359932,0,0,0.5595369158269728
8914,-0.4397280983920577,-0.5444699824568127,1,1,0.5602719016079423
8915,1.0495296545814197,1.2346488926861592,1,0,1.0495296545814197
8916,3.921948978732918,4.125194925603968,1,2,5.921948978732917
8917,-0.9782011471830808,-0.9153838551348188,0,3,2.0217988528169193
8918,-3.4134917349671987,-3.866840034007049,0,3,-0.4134917349671987
8919,1.8217384170821729,1.6889225169341358,1,2,3.821738417082173
8920,2.993461200814372,3.061099309694109,1,2,4.993461200814372
8921,0.7912305141899308,0.8338040483035786,1,0,0.7912305141899308
8922,-1.9796901856138327,-2.388942975526643,0,3,1.0203098143861673
8923,-0.3764155259106242,0.1400694577060024,0,1,0.6235844740893758
8924,-2.4823590844036576,-3.47978845477073,0,3,0.5176409155963424
8925,1.2485498659059395,1.1484999108000844,1,2,3.2485498659059395
8926,-2.714717892037253,-3.083245394111501,0,3,0.2852821079627468
8927,-0.7819880300394917,-0.7091218634958149,1,1,0.2180119699605083
8928,-1.5894433973776227,-1.1827530549758525,0,3,1.4105566026223773
8929,0.1579100940683346,-0.4048775104024967,1,0,0.1579100940683346
8930,-0.9634152245608292,-0.0219731316454511,0,1,0.036584775439170825
8931,0.3347999426864054,0.4155393974695502,1,0,0.3347999426864054
8932,0.2262732374736295,0.378962833511817,0,0,0.2262732374736295
8933,-1.9698352056485744,-2.54573693978754,0,3,1.0301647943514256
8934,1.350872911066844,1.3322460357334538,1,2,3.350872911066844
8935,-0.2718334225528621,0.1168365060542948,0,1,0.728166577447138
8936,-1.6795203264510985,-1.5955516975636272,0,3,1.3204796735489015
8937,4.594195317995274,4.650273547486041,1,2,6.594195317995274
8938,1.1624006472097714,1.1416568197384165,0,0,1.1624006472097714
8939,-0.2334889803035769,-0.7846890169689456,1,1,0.7665110196964231
8940,2.9953858609494035,2.441902392524022,1,2,4.995385860949403
8941,3.509020706837769,3.976751557494053,1,2,5.509020706837768
8942,-0.3889809279656829,-0.0360662455884452,0,1,0.6110190720343172
8943,0.96409109198073,1.3761995609676432,1,0,0.96409109198073
8944,-1.664057246549089,-1.993185264070937,0,3,1.335942753450911
8945,-0.5237986214798384,-0.5868257259474058,0,1,0.47620137852016164
8946,-0.3481778939469773,0.1445421804534806,0,1,0.6518221060530227
8947,0.2834653071462625,-0.2079968227575935,1,0,0.2834653071462625
8948,0.5261146634010484,0.9780676264223548,1,0,0.5261146634010484
8949,1.17662483672721,0.9420169996776528,1,2,3.17662483672721
8950,0.7034778990729998,0.3613845788991979,0,0,0.7034778990729998
8951,-2.3311527586014904,-2.3439192785240954,0,3,0.6688472413985096
8952,-1.9408367014659769,-2.3876374651106955,0,3,1.0591632985340231
8953,-0.989843002940314,-1.7486004407391378,0,3,2.0101569970596858
8954,-0.6364764185626378,-0.606064543903055,0,1,0.3635235814373622
8955,2.183971441090347,2.3976777492429027,1,2,4.183971441090347
8956,-2.0465848336146792,-1.560468764559657,0,3,0.9534151663853208
8957,-1.1302620282015654,-0.8874721429329709,0,1,-0.1302620282015654
8958,2.0654694561361064,2.8516283300691887,1,2,4.065469456136107
8959,-0.9075659333073182,-0.3631359430127249,1,1,0.09243406669268184
8960,1.1664968417945405,1.4617283424691865,0,0,1.1664968417945405
8961,-0.4064892078303792,-0.2190416776879822,0,1,0.5935107921696208
8962,0.2700322391281489,0.7620731123574414,0,0,0.2700322391281489
8963,-0.3178912422013316,-1.2031000867327446,0,1,0.6821087577986684
8964,1.4069649580851902,1.21494214158001,0,2,3.40696495808519
8965,-3.289950195405202,-4.033342614189486,0,3,-0.28995019540520195
8966,-0.9772239682107688,-0.711984915256329,1,1,0.022776031789231155
8967,0.5556490558903598,0.2585435049260004,1,0,0.5556490558903598
8968,0.8265731059781466,2.034434362913364,0,2,2.8265731059781465
8969,2.77361065092293,2.5664403316546176,1,2,4.7736106509229295
8970,-0.7589251756468661,-0.7163799096938569,0,1,0.24107482435313388
8971,2.765789196870726,2.60488258319566,1,2,4.765789196870726
8972,-1.2327397953140324,-1.4282722905715834,0,3,1.7672602046859676
8973,2.955321542265983,2.4567127887334634,1,2,4.955321542265983
8974,1.6052231704166284,1.0931634064402385,1,2,3.6052231704166284
8975,-1.8008869468673283,-2.672684147776523,0,3,1.1991130531326717
8976,1.0176978210707412,1.2358827421921166,1,0,1.0176978210707412
8977,-0.3399918945398524,-0.5098506011510449,1,1,0.6600081054601477
8978,1.4894162263861497,2.262867516803208,1,2,3.4894162263861497
8979,-0.2323716572841227,-0.7300277309110211,0,1,0.7676283427158773
8980,-0.4436289834887063,0.1468968245732717,1,1,0.5563710165112937
8981,2.996538735672229,3.6254424698128376,1,2,4.996538735672229
8982,-0.1413267957196221,0.3694904708805704,1,1,0.858673204280378
8983,1.5362587492636792,1.6301776734498865,1,2,3.5362587492636792
8984,-0.231788311844286,-0.3670706019320467,0,1,0.768211688155714
8985,3.5598949607976254,4.070322039572539,1,2,5.559894960797625
8986,-1.1356064783723292,-1.452191735507402,0,3,1.8643935216276708
8987,-1.219386646030522,-1.1111036078522338,0,3,1.780613353969478
8988,2.905795459509141,2.88829628110029,1,2,4.905795459509141
8989,-0.8516203309681835,-1.2081870760465911,0,1,0.14837966903181654
8990,3.3905946158423523,3.501813404756074,1,2,5.390594615842352
8991,1.9885515171616184,2.2852868177988235,1,2,3.9885515171616186
8992,-0.3952346385365859,-0.7675659223121765,1,1,0.6047653614634141
8993,-3.563512364808839,-3.379464289962499,0,3,-0.5635123648088389
8994,-0.3003922694408625,-1.192003544400788,0,1,0.6996077305591375
8995,0.4002501276680196,-0.0194120087560739,0,0,0.4002501276680196
8996,2.1777737152637333,1.994835426112551,1,2,4.177773715263733
8997,3.333945424394533,3.47688031918098,1,2,5.333945424394533
8998,-1.5998352737655277,-1.2521093739119058,0,3,1.4001647262344723
8999,1.808646709263167,1.841775865728702,1,2,3.808646709263167
